custno,xcoord,ycoord,edgeid,qty,volume,weight,sos,frequency,BEF_MON,BEF_TUE,BEF_WED,BEF_THU,BEF_FRI,BEF_SAT,BEF_SUN,dowcd,dowlockcd,wccd_flag,material_typ,clusterid,dataset_id
11161474,-88.202733,45.003212,f3fff74d-55fa-4d2a-aa80-1954001a88e1,1,4.0,120.0,1,1,1,0,0,0,0,0,0,A,0,0,1,0,1027633
11161488,-88.06515,44.986787,00005557-4900-0400-0000-0000000c6c22,1,8.0,240.0,2,1,1,0,0,0,0,0,0,A,0,0,1,0,1027633
11161508,-88.145039,45.061971,00005557-4900-0400-0000-0000001bf9be,1,4.0,120.0,1,1,1,0,0,0,0,0,0,A,0,0,1,0,1027633
11161518,-88.176892,45.000673,00005557-4900-0400-0000-0000000c893b,2,16.0,480.0,1,1,1,0,0,0,0,0,0,A,0,0,1,0,1027633
11161531,-88.230919,45.013853,00005557-4900-0400-0000-0000001d65a8,1,6.0,180.0,2,1,1,0,0,0,0,0,0,A,0,0,1,0,1027633
11161545,-88.229153,45.028377,00005557-4900-0400-0000-0000000c5be1,1,2.0,60.0,2,1,1,0,0,0,0,0,0,A,0,0,1,0,1027633
11161557,-88.210278,44.933391,00005557-4900-0400-0000-0000000c804b,1,6.0,180.0,1,1,1,0,0,0,0,0,0,A,0,0,1,0,1027633
11161563,-88.231695,45.014235,00005557-4900-0400-0000-0000001d65a8,1,2.0,60.0,2,1,1,0,0,0,0,0,0,A,0,0,1,0,1027633
11161588,-88.231871,45.022662,00005557-4900-0400-0000-0000000c8870,1,4.0,120.0,2,1,1,0,0,0,0,0,0,A,0,0,1,0,1027633
11161593,-88.218195,44.977827,00005557-4900-0400-0000-0000000c8930,1,4.0,120.0,1,1,1,0,0,0,0,0,0,A,0,0,1,0,1027633
11161600,-88.202993,44.839345,00005557-4900-0400-0000-0000001bfcec,1,6.0,180.0,2,1,1,0,0,0,0,0,0,A,0,0,1,0,1027633
11161611,-88.220349,44.875549,00005557-4900-0400-0000-0000000c8148,1,4.0,120.0,1,1,1,0,0,0,0,0,0,A,0,0,1,0,1027633
11161619,-88.233355,44.665853,00005557-4900-0400-0000-0000001badb7,2,16.0,480.0,2,1,1,0,0,0,0,0,0,A,0,0,1,0,1027633
11161625,-88.209184,44.628675,00005557-4900-0400-0000-0000001b74e0,1,4.0,120.0,2,1,1,0,0,0,0,0,0,A,0,0,1,0,1027633
11161631,-88.248994,44.874777,00005557-4900-0400-0000-0000001bfa9d,1,4.0,120.0,2,1,1,0,0,0,0,0,0,A,0,0,1,0,1027633
11161640,-88.222962,44.652435,f6d248a5-8bd3-4fce-b9c0-dad55accf0c9,2,16.0,480.0,1,1,1,0,0,0,0,0,0,A,0,0,1,0,1027633
11161701,-88.215535,45.023606,00005557-4900-0400-0000-000000019a2c,1,2.0,60.0,1,1,1,0,0,0,0,0,0,A,0,0,1,0,1027633
4505204,-86.005506,39.979793,1330250289,1,3.0,159.0,1,1,1,0,0,0,0,0,0,A,0,0,1,0,1042199
4505248,-86.002006,39.993041,1278264469,2,16.0,848.0,2,1,1,0,0,0,0,0,0,A,0,0,1,0,1042199
4505272,-86.104417,40.082937,1336027517,1,2.0,106.0,1,1,1,0,0,0,0,0,0,A,0,0,1,0,1042199
4505273,-86.033831,40.026246,1278330029,1,8.0,424.0,1,1,1,0,0,0,0,0,0,A,0,0,1,0,1042199
4505295,-86.056848,40.041032,1297400341,1,4.0,212.0,2,1,1,0,0,0,0,0,0,A,0,0,1,0,1042199
4505317,-86.010024,40.054431,1297364591,1,6.0,318.0,1,1,1,0,0,0,0,0,0,A,0,0,1,0,1042199
4505318,-86.014389,40.047016,1148898540,1,4.0,212.0,1,1,1,0,0,0,0,0,0,A,0,0,1,0,1042199
4505342,-86.014721,39.93252,1278240561,1,6.0,318.0,1,1,1,0,0,0,0,0,0,A,0,0,1,0,1042199
4505360,-86.096756,40.06329,1278450310,1,2.0,106.0,2,1,1,0,0,0,0,0,0,A,0,0,1,0,1042199
4505385,-86.017569,39.927554,1197912694,1,8.0,424.0,1,1,1,0,0,0,0,0,0,A,0,0,1,0,1042199
4505401,-86.070016,40.044639,1278463937,1,2.0,106.0,1,1,1,0,0,0,0,0,0,A,0,0,1,0,1042199
4505428,-86.100671,39.910434,125144429,1,6.0,318.0,2,1,1,0,0,0,0,0,0,A,0,0,1,0,1042199
4505449,-85.997349,40.010904,1333490434,3,24.0,1272.0,2,1,1,0,0,0,0,0,0,A,0,0,1,0,1042199
4505466,-86.005532,39.963117,1278305752,2,12.0,636.0,2,1,1,0,0,0,0,0,0,A,0,0,1,0,1042199
4505512,-86.010512,40.046117,19490919,1,2.0,106.0,1,1,1,0,0,0,0,0,0,A,0,0,1,0,1042199
4505520,-86.077403,39.904268,1196950257,1,2.0,106.0,2,1,1,0,0,0,0,0,0,A,0,0,1,0,1042199
4505537,-86.081469,40.02149,1144966627,1,3.0,159.0,2,1,1,0,0,0,0,0,0,A,0,0,1,0,1042199
4505538,-86.108776,40.084634,1329051186,1,2.0,106.0,1,1,1,0,0,0,0,0,0,A,0,0,1,0,1042199
4505592,-86.05391,40.04085,1278458324,1,2.0,106.0,1,1,1,0,0,0,0,0,0,A,0,0,1,0,1042199
4505611,-86.071475,39.956077,1278322284,1,3.0,159.0,2,1,1,0,0,0,0,0,0,A,0,0,1,0,1042199
4505617,-86.077384,39.911953,758812339,1,8.0,424.0,1,1,1,0,0,0,0,0,0,A,0,0,1,0,1042199
4505634,-86.112007,40.026122,1220036723,1,4.0,212.0,1,1,1,0,0,0,0,0,0,A,0,0,1,0,1042199
4505667,-86.070027,39.910697,19500727,1,8.0,424.0,2,1,1,0,0,0,0,0,0,A,0,0,1,0,1042199
4505682,-86.052409,40.064559,1278610220,1,6.0,318.0,1,1,1,0,0,0,0,0,0,A,0,0,1,0,1042199
4505725,-85.992688,40.047317,1278373953,1,4.0,212.0,1,1,1,0,0,0,0,0,0,A,0,0,1,0,1042199
4505769,-86.061282,40.036983,1278736746,1,2.0,106.0,1,1,1,0,0,0,0,0,0,A,0,0,1,0,1042199
4505857,-86.006625,39.990476,1278261062,2,8.0,424.0,2,1,1,0,0,0,0,0,0,A,1,0,1,0,1042199
4505863,-86.058555,39.931636,1310078256,1,8.0,424.0,2,1,1,0,0,0,0,0,0,A,0,0,1,0,1042199
4505899,-86.086428,40.042236,1066988524,1,4.0,212.0,2,1,1,0,0,0,0,0,0,A,0,0,1,0,1042199
4505900,-86.0705,39.957736,1278322266,1,6.0,318.0,1,1,1,0,0,0,0,0,0,A,0,0,1,0,1042199
4505901,-86.003024,39.994081,1278264487,1,6.0,318.0,1,1,1,0,0,0,0,0,0,A,0,0,1,0,1042199
4505936,-85.969372,39.862392,1196607765,1,2.0,106.0,2,1,1,0,0,0,0,0,0,A,0,0,1,0,1042199
4505956,-86.061785,39.900833,1279160726,1,6.0,318.0,2,1,1,0,0,0,0,0,0,A,0,0,1,0,1042199
4505957,-86.063134,39.901378,1279160729,1,2.0,106.0,2,1,1,0,0,0,0,0,0,A,0,0,1,0,1042199
4506084,-86.146841,39.867167,19465046,1,2.0,106.0,1,1,1,0,0,0,0,0,0,A,0,0,1,0,1042199
4506142,-86.107374,39.908414,1278961174,1,6.0,318.0,2,1,1,0,0,0,0,0,0,A,0,0,1,0,1042199
4506210,-85.935905,39.887086,1076667484,1,6.0,318.0,2,1,1,0,0,0,0,0,0,A,0,0,1,0,1042199
4506361,-86.12119,39.874514,1050264762,1,6.0,318.0,2,1,1,0,0,0,0,0,0,A,0,0,1,0,1042199
4506393,-86.14683,39.866571,1278608980,1,2.0,106.0,1,1,1,0,0,0,0,0,0,A,0,0,1,0,1042199
4506398,-85.983404,39.860411,1293682585,1,2.0,106.0,1,1,1,0,0,0,0,0,0,A,0,0,1,0,1042199
4506484,-86.12146,39.853382,1278797030,1,4.0,212.0,2,1,1,0,0,0,0,0,0,A,0,0,1,0,1042199
4506522,-86.009255,39.826503,1279217370,1,6.0,318.0,2,1,1,0,0,0,0,0,0,A,0,0,1,0,1042199
4506579,-86.045559,39.843298,1279034028,1,8.0,424.0,2,1,1,0,0,0,0,0,0,A,0,0,1,0,1042199
4506582,-85.989535,39.827808,1279182941,1,4.0,212.0,1,1,1,0,0,0,0,0,0,A,0,0,1,0,1042199
4506609,-86.122697,39.837084,1278805046,1,10.0,530.0,1,1,1,0,0,0,0,0,0,A,0,0,1,0,1042199
4506766,-86.033827,39.836232,1293457057,1,2.0,106.0,1,1,1,0,0,0,0,0,0,A,0,0,1,0,1042199
4505891,-86.021923,40.171331,35258811,1,4.0,212.0,2,1,0,1,0,0,0,0,0,A,0,0,1,0,1042199
4505893,-86.003254,40.043504,19491000,1,8.0,424.0,2,1,0,1,0,0,0,0,0,A,0,0,1,0,1042199
4505920,-85.999008,40.031991,1278362873,1,4.0,212.0,1,1,0,1,0,0,0,0,0,A,0,0,1,0,1042199
4505921,-86.031239,39.917048,1293429175,1,2.0,106.0,2,1,0,1,0,0,0,0,0,A,0,0,1,0,1042199
4505922,-86.039872,39.926213,948614842,1,4.0,212.0,2,1,0,1,0,0,0,0,0,A,0,0,1,0,1042199
4505923,-86.043599,39.915906,1279102024,1,4.0,212.0,1,1,0,1,0,0,0,0,0,A,0,0,1,0,1042199
4505939,-86.028965,40.176142,1309142057,1,4.0,212.0,1,1,0,1,0,0,0,0,0,A,0,0,1,0,1042199
4505940,-85.993508,40.204177,35258514,1,2.0,106.0,1,1,0,1,0,0,0,0,0,A,0,0,1,0,1042199
4505941,-85.996339,40.035311,1278368453,1,2.0,106.0,2,1,0,1,0,0,0,0,0,A,0,0,1,0,1042199
4505942,-86.027708,39.914146,1279226839,1,8.0,424.0,2,1,0,1,0,0,0,0,0,A,0,0,1,0,1042199
4505943,-86.05568,39.93435,711440936,1,3.0,159.0,2,1,0,1,0,0,0,0,0,A,0,0,1,0,1042199
4505944,-86.032521,39.924474,1279222954,1,8.0,424.0,2,1,0,1,0,0,0,0,0,A,0,0,1,0,1042199
4505949,-86.148687,39.841001,1278789394,1,3.0,159.0,2,1,0,1,0,0,0,0,0,A,0,0,1,0,1042199
4505952,-86.078266,39.904577,1050350281,1,8.0,424.0,2,1,0,1,0,0,0,0,0,A,0,0,1,0,1042199
4505954,-85.958734,39.903502,1197312646,1,3.0,159.0,1,1,0,1,0,0,0,0,0,A,0,0,1,0,1042199
4505972,-85.971745,40.079447,1297360677,1,2.0,106.0,2,1,0,1,0,0,0,0,0,A,0,0,1,0,1042199
4505973,-86.029274,39.913829,1279226829,1,8.0,424.0,2,1,0,1,0,0,0,0,0,A,0,0,1,0,1042199
4505974,-86.032287,39.935539,1278306434,1,4.0,212.0,2,1,0,1,0,0,0,0,0,A,0,0,1,0,1042199
4505975,-86.012921,39.928489,1050330934,1,6.0,318.0,2,1,0,1,0,0,0,0,0,A,0,0,1,0,1042199
4505976,-86.009067,40.041444,19491277,1,3.0,159.0,2,1,0,1,0,0,0,0,0,A,0,0,1,0,1042199
4505978,-86.102055,40.04218,1309434476,1,4.0,212.0,2,1,0,1,0,0,0,0,0,A,0,0,1,0,1042199
4505982,-86.125421,39.852186,1293453835,1,2.0,106.0,1,1,0,1,0,0,0,0,0,A,0,0,1,0,1042199
4505985,-85.980815,39.855092,1279227680,1,8.0,424.0,2,1,0,1,0,0,0,0,0,A,0,0,1,0,1042199
4505999,-86.022097,40.175241,1278822563,1,8.0,424.0,2,1,0,1,0,0,0,0,0,A,0,0,1,0,1042199
4506002,-86.055871,39.934838,711440937,1,4.0,212.0,2,1,0,1,0,0,0,0,0,A,0,0,1,0,1042199
4506003,-86.035077,39.921778,1279101440,1,6.0,318.0,1,1,0,1,0,0,0,0,0,A,0,0,1,0,1042199
4506006,-86.016242,40.034676,19491498,1,6.0,318.0,2,1,0,1,0,0,0,0,0,A,0,0,1,0,1042199
4506007,-86.008052,39.961701,1278452955,1,4.0,212.0,1,1,0,1,0,0,0,0,0,A,0,0,1,0,1042199
4506008,-86.007988,39.973052,1297369619,1,8.0,424.0,2,1,0,1,0,0,0,0,0,A,0,0,1,0,1042199
4506009,-86.149479,39.86162,19465707,1,3.0,159.0,2,1,0,1,0,0,0,0,0,A,0,0,1,0,1042199
4506011,-86.102271,39.908184,1196903644,1,2.0,106.0,1,1,0,1,0,0,0,0,0,A,0,0,1,0,1042199
4506012,-86.016325,39.955643,1236355304,1,4.0,212.0,2,1,0,1,0,0,0,0,0,A,0,0,1,0,1042199
4506013,-85.996518,39.864988,1296650631,1,10.0,530.0,1,1,0,1,0,0,0,0,0,A,0,0,1,0,1042199
4506014,-85.958614,39.903711,1197312646,1,2.0,106.0,1,1,0,1,0,0,0,0,0,A,0,0,1,0,1042199
4506016,-86.042364,39.832373,1228426065,1,2.0,106.0,2,1,0,1,0,0,0,0,0,A,0,0,1,0,1042199
4506030,-85.9568,40.111529,1037584541,1,6.0,318.0,1,1,0,1,0,0,0,0,0,A,0,0,1,0,1042199
4506031,-85.956962,40.111569,1037584541,2,16.0,848.0,1,1,0,1,0,0,0,0,0,A,0,0,1,0,1042199
4506033,-86.040765,39.913778,1279102018,1,2.0,106.0,2,1,0,1,0,0,0,0,0,A,0,0,1,0,1042199
4506034,-86.075178,40.00136,1297367643,1,4.0,212.0,1,1,0,1,0,0,0,0,0,A,0,0,1,0,1042199
4506035,-86.098956,40.041639,1309434475,1,3.0,159.0,2,1,0,1,0,0,0,0,0,A,0,0,1,0,1042199
4506037,-86.00626,39.975799,1278258005,1,6.0,318.0,1,1,0,1,0,0,0,0,0,A,0,0,1,0,1042199
4506038,-86.160549,39.853775,1050239253,1,8.0,424.0,2,1,0,1,0,0,0,0,0,A,0,0,1,0,1042199
4506039,-86.124496,39.850526,1278801551,1,2.0,106.0,1,1,0,1,0,0,0,0,0,A,0,0,1,0,1042199
4506043,-86.045036,39.909312,1279171282,1,2.0,106.0,2,1,0,1,0,0,0,0,0,A,0,0,1,0,1042199
4506044,-85.928345,39.889021,1372819155,1,8.0,424.0,2,1,0,1,0,0,0,0,0,A,0,0,1,0,1042199
4506045,-86.054335,39.833542,1279074712,1,2.0,160.0,1,1,0,1,0,0,0,0,0,A,0,0,1,0,1042199
4506046,-86.025727,39.824747,1197635039,1,2.0,106.0,2,1,0,1,0,0,0,0,0,A,0,0,1,0,1042199
4506047,-86.049619,39.895252,1296716749,1,4.0,212.0,2,1,0,1,0,0,0,0,0,A,0,0,1,0,1042199
4506061,-85.995592,40.04741,1240199605,1,6.0,318.0,1,1,0,1,0,0,0,0,0,A,0,0,1,0,1042199
4506064,-85.997899,40.040821,1241769339,1,8.0,424.0,1,1,0,1,0,0,0,0,0,A,0,0,1,0,1042199
4506065,-86.029674,39.916473,1279226917,1,3.0,159.0,1,1,0,1,0,0,0,0,0,A,0,0,1,0,1042199
4506066,-86.057982,39.932342,1278384419,1,8.0,424.0,2,1,0,1,0,0,0,0,0,A,0,0,1,0,1042199
4506067,-86.033523,39.924629,1279222954,1,4.0,212.0,1,1,0,1,0,0,0,0,0,A,0,0,1,0,1042199
4506069,-86.110735,40.043699,1128555911,1,6.0,318.0,2,1,0,1,0,0,0,0,0,A,0,0,1,0,1042199
4506070,-86.005244,40.008419,1278303122,1,2.0,106.0,2,1,0,1,0,0,0,0,0,A,0,0,1,0,1042199
4506071,-86.007693,39.990254,1278261062,1,4.0,212.0,1,1,0,1,0,0,0,0,0,A,0,0,1,0,1042199
4506073,-86.122573,39.848397,1278818868,1,2.0,106.0,1,1,0,1,0,0,0,0,0,A,0,0,1,0,1042199
4506074,-86.093624,39.926087,1220161672,1,6.0,318.0,2,1,0,1,0,0,0,0,0,A,0,0,1,0,1042199
4506077,-85.958602,39.90369,1197312646,1,4.0,212.0,1,1,0,1,0,0,0,0,0,A,0,0,1,0,1042199
4506078,-85.958107,39.873112,1279238917,1,4.0,212.0,1,1,0,1,0,0,0,0,0,A,0,0,1,0,1042199
4506092,-86.01245,40.139458,1278370826,1,4.0,212.0,2,1,0,1,0,0,0,0,0,A,0,0,1,0,1042199
4506094,-85.996476,40.039891,1241774732,1,2.0,106.0,1,1,0,1,0,0,0,0,0,A,0,0,1,0,1042199
4506095,-86.026365,39.913948,1279226847,1,8.0,424.0,2,1,0,1,0,0,0,0,0,A,0,0,1,0,1042199
4506096,-86.032064,39.939124,1297369651,1,4.0,212.0,1,1,0,1,0,0,0,0,0,A,0,0,1,0,1042199
4506100,-86.005768,40.01444,1278307946,1,2.0,106.0,2,1,0,1,0,0,0,0,0,A,0,0,1,0,1042199
4506102,-86.080122,39.873508,1279073702,1,6.0,318.0,1,1,0,1,0,0,0,0,0,A,0,0,1,0,1042199
4506104,-86.119325,39.837048,1293681807,1,6.0,318.0,1,1,0,1,0,0,0,0,0,A,0,0,1,0,1042199
4506106,-85.982451,39.859292,1197334960,1,4.0,212.0,1,1,0,1,0,0,0,0,0,A,0,0,1,0,1042199
4506107,-85.958637,39.903682,1197312646,1,2.0,106.0,1,1,0,1,0,0,0,0,0,A,0,0,1,0,1042199
4506108,-85.966398,39.866484,1279286776,1,4.0,212.0,1,1,0,1,0,0,0,0,0,A,0,0,1,0,1042199
4506109,-86.045453,39.837112,1279065554,1,4.0,212.0,2,1,0,1,0,0,0,0,0,A,0,0,1,0,1042199
4506121,-85.993454,40.049655,1278374348,1,8.0,424.0,2,1,0,1,0,0,0,0,0,A,0,0,1,0,1042199
4506122,-86.051869,40.176337,1278566281,1,4.0,212.0,1,1,0,1,0,0,0,0,0,A,0,0,1,0,1042199
4506124,-86.003615,40.039408,1220042272,1,6.0,318.0,1,1,0,1,0,0,0,0,0,A,0,0,1,0,1042199
4506125,-86.031729,39.916575,1293429103,1,3.0,159.0,1,1,0,1,0,0,0,0,0,A,0,0,1,0,1042199
4506126,-86.052202,39.937735,1278230962,1,4.0,212.0,2,1,0,1,0,0,0,0,0,A,0,0,1,0,1042199
4506128,-86.016145,40.048427,1278310284,1,2.0,106.0,2,1,0,1,0,0,0,0,0,A,0,0,1,0,1042199
4506130,-86.01268,40.028986,1278313975,1,2.0,106.0,1,1,0,1,0,0,0,0,0,A,0,0,1,0,1042199
4506132,-86.07862,39.872165,1278823349,1,6.0,318.0,2,1,0,1,0,0,0,0,0,A,0,0,1,0,1042199
4506134,-86.12294,39.838557,1278823902,1,2.0,106.0,1,1,0,1,0,0,0,0,0,A,0,0,1,0,1042199
4506135,-86.111415,39.925477,1279074771,2,16.0,848.0,1,1,0,1,0,0,0,0,0,A,0,0,1,0,1042199
4506136,-86.077297,39.903921,1311703048,1,2.0,106.0,1,1,0,1,0,0,0,0,0,A,0,0,1,0,1042199
4506138,-86.038014,39.905723,1279161943,2,4.0,212.0,1,1,0,1,0,0,0,0,0,A,0,0,1,0,1042199
4506139,-85.89607,39.900507,1291657868,1,8.0,424.0,1,1,0,1,0,0,0,0,0,A,0,0,1,0,1042199
4506140,-86.021831,39.843364,1293455995,1,2.0,106.0,2,1,0,1,0,0,0,0,0,A,0,0,1,0,1042199
4506152,-85.999128,40.045215,1278375533,1,4.0,212.0,2,1,0,1,0,0,0,0,0,A,0,0,1,0,1042199
4506155,-86.002832,40.026973,1278360660,1,4.0,212.0,1,1,0,1,0,0,0,0,0,A,0,0,1,0,1042199
4506156,-86.028083,39.913816,1279226837,1,8.0,424.0,2,1,0,1,0,0,0,0,0,A,0,0,1,0,1042199
4506158,-86.038941,39.916741,1311130984,1,6.0,318.0,1,1,0,1,0,0,0,0,0,A,0,0,1,0,1042199
4506159,-86.013032,40.045093,1067233608,1,2.0,106.0,2,1,0,1,0,0,0,0,0,A,0,0,1,0,1042199
4506160,-86.127708,40.049568,19490738,1,2.0,106.0,1,1,0,1,0,0,0,0,0,A,0,0,1,0,1042199
4506161,-86.012562,40.032782,1278313418,1,8.0,424.0,1,1,0,1,0,0,0,0,0,A,0,0,1,0,1042199
4506163,-86.006395,39.976298,1278258005,1,2.0,106.0,2,1,0,1,0,0,0,0,0,A,0,0,1,0,1042199
4506166,-86.102331,39.908149,1196903644,1,4.0,212.0,1,1,0,1,0,0,0,0,0,A,0,0,1,0,1042199
4506167,-86.017327,39.954878,956994165,1,2.0,106.0,1,1,0,1,0,0,0,0,0,A,0,0,1,0,1042199
4506171,-86.03177,39.836912,1279181816,1,6.0,318.0,1,1,0,1,0,0,0,0,0,A,0,0,1,0,1042199
4506183,-85.99748,40.047001,1278375545,1,4.0,212.0,1,1,0,1,0,0,0,0,0,A,0,0,1,0,1042199
4506184,-86.022419,40.17554,35258709,1,4.0,212.0,2,1,0,1,0,0,0,0,0,A,0,0,1,0,1042199
4506186,-85.997024,40.038026,1278372137,1,3.0,159.0,1,1,0,1,0,0,0,0,0,A,0,0,1,0,1042199
4506187,-86.0261,39.914724,1279226852,1,2.0,106.0,2,1,0,1,0,0,0,0,0,A,0,0,1,0,1042199
4506188,-86.0428,39.941009,1291644877,1,3.0,159.0,2,1,0,1,0,0,0,0,0,A,0,0,1,0,1042199
4506189,-86.032104,39.925841,1293345202,1,6.0,318.0,2,1,0,1,0,0,0,0,0,A,0,0,1,0,1042199
4506191,-86.012514,40.033129,1291632318,1,2.0,106.0,1,1,0,1,0,0,0,0,0,A,0,0,1,0,1042199
4506192,-86.006726,40.009025,1278303142,1,8.0,424.0,2,1,0,1,0,0,0,0,0,A,0,0,1,0,1042199
4506193,-86.008393,39.992001,1297389761,1,8.0,424.0,1,1,0,1,0,0,0,0,0,A,0,0,1,0,1042199
4506196,-86.078689,39.906118,1241582307,1,2.0,106.0,1,1,0,1,0,0,0,0,0,A,0,0,1,0,1042199
4506197,-86.077489,39.904024,1311703048,1,3.0,159.0,1,1,0,1,0,0,0,0,0,A,0,0,1,0,1042199
4506213,-86.030578,40.101115,1278556427,1,6.0,318.0,2,1,0,1,0,0,0,0,0,A,0,0,1,0,1042199
4506214,-85.982912,40.175583,1309712430,1,2.0,106.0,2,1,0,1,0,0,0,0,0,A,0,0,1,0,1042199
4506215,-85.972193,40.09759,19489637,1,8.0,424.0,1,1,0,1,0,0,0,0,0,A,0,0,1,0,1042199
4506216,-86.028965,39.914957,1279226829,1,4.0,212.0,1,1,0,1,0,0,0,0,0,A,0,0,1,0,1042199
4506217,-86.031835,39.937523,1278311888,1,6.0,318.0,2,1,0,1,0,0,0,0,0,A,0,0,1,0,1042199
4506219,-86.037093,40.043273,1278323762,1,8.0,424.0,2,1,0,1,0,0,0,0,0,A,0,0,1,0,1042199
4506221,-86.011701,40.036477,1278335407,1,2.0,106.0,2,1,0,1,0,0,0,0,0,A,0,0,1,0,1042199
4506222,-85.994025,39.943028,1278262047,1,6.0,318.0,2,1,0,1,0,0,0,0,0,A,0,0,1,0,1042199
4506224,-86.146067,39.839066,1278790012,1,2.0,106.0,1,1,0,1,0,0,0,0,0,A,0,0,1,0,1042199
4506225,-86.121039,39.854293,1296950208,1,2.0,106.0,1,1,0,1,0,0,0,0,0,A,0,0,1,0,1042199
4506226,-86.074094,39.90979,1051459974,1,4.0,212.0,1,1,0,1,0,0,0,0,0,A,0,0,1,0,1042199
4506227,-86.106577,39.908857,1278961175,1,2.0,106.0,2,1,0,1,0,0,0,0,0,A,0,0,1,0,1042199
4506228,-86.019066,39.943636,786667204,1,8.0,424.0,2,1,0,1,0,0,0,0,0,A,0,0,1,0,1042199
4506229,-86.030044,39.939801,1278311924,1,2.0,106.0,1,1,0,1,0,0,0,0,0,A,0,0,1,0,1042199
4506230,-85.955635,39.892612,1197312182,1,4.0,212.0,2,1,0,1,0,0,0,0,0,A,0,0,1,0,1042199
4506232,-86.042951,39.832241,1228426065,1,2.0,106.0,2,1,0,1,0,0,0,0,0,A,0,0,1,0,1042199
4506243,-86.057263,39.932604,1278384664,1,2.0,106.0,2,1,0,1,0,0,0,0,0,A,0,0,1,0,1042199
4506244,-86.03731,39.922172,1050429295,1,8.0,424.0,1,1,0,1,0,0,0,0,0,A,0,0,1,0,1042199
4506248,-86.082845,39.870782,1278824131,1,3.0,159.0,1,1,0,1,0,0,0,0,0,A,0,0,1,0,1042199
4506251,-86.08379,39.905834,1196912392,1,4.0,212.0,1,1,0,1,0,0,0,0,0,A,0,0,1,0,1042199
4506253,-86.042494,39.911615,1293442051,1,4.0,212.0,1,1,0,1,0,0,0,0,0,A,0,0,1,0,1042199
4506254,-86.042412,39.912171,1293442051,1,2.0,106.0,1,1,0,1,0,0,0,0,0,A,0,0,1,0,1042199
4506256,-86.021027,39.837786,1293457690,1,6.0,318.0,2,1,0,1,0,0,0,0,0,A,0,0,1,0,1042199
4506257,-86.048935,39.897012,1279084333,1,2.0,106.0,2,1,0,1,0,0,0,0,0,A,0,0,1,0,1042199
4506259,-86.046472,39.881062,1279085085,1,8.0,424.0,1,1,0,1,0,0,0,0,0,A,0,0,1,0,1042199
4506275,-85.999127,40.0452,1278375533,1,4.0,212.0,2,1,0,1,0,0,0,0,0,A,0,0,1,0,1042199
4506276,-86.027564,40.151094,1291179997,1,8.0,424.0,1,1,0,1,0,0,0,0,0,A,0,0,1,0,1042199
4506279,-86.02598,39.91579,1279226859,1,8.0,424.0,2,1,0,1,0,0,0,0,0,A,0,0,1,0,1042199
4506280,-86.057257,39.932636,1278384664,1,2.0,106.0,2,1,0,1,0,0,0,0,0,A,0,0,1,0,1042199
4506283,-86.017256,40.026387,1278313434,1,6.0,318.0,1,1,0,1,0,0,0,0,0,A,0,0,1,0,1042199
4506285,-86.124562,39.836642,1296639710,1,2.0,106.0,1,1,0,1,0,0,0,0,0,A,0,0,1,0,1042199
4506287,-86.110367,39.926216,1279077275,1,2.0,106.0,2,1,0,1,0,0,0,0,0,A,0,0,1,0,1042199
4506288,-86.045349,39.976101,1291639864,2,12.0,636.0,1,1,0,1,0,0,0,0,0,A,0,0,1,0,1042199
4506290,-85.958514,39.900893,1197312543,1,4.0,212.0,2,1,0,1,0,0,0,0,0,A,0,0,1,0,1042199
4506291,-86.009905,39.859851,1279234208,1,4.0,212.0,2,1,0,1,0,0,0,0,0,A,0,0,1,0,1042199
4506295,-86.122389,39.888882,1279177579,1,4.0,212.0,1,1,0,1,0,0,0,0,0,A,0,0,1,0,1042199
4506306,-86.034245,39.926825,1197853666,1,8.0,424.0,2,1,0,1,0,0,0,0,0,A,0,0,1,0,1042199
4506308,-86.125738,40.043258,1297393707,1,6.0,318.0,1,1,0,1,0,0,0,0,0,A,0,0,1,0,1042199
4506311,-86.082802,39.870981,1278824131,1,4.0,212.0,1,1,0,1,0,0,0,0,0,A,0,0,1,0,1042199
4506312,-86.115476,39.852944,1228432657,1,6.0,318.0,2,1,0,1,0,0,0,0,0,A,0,0,1,0,1042199
4506314,-86.077384,39.904278,1196950257,1,2.0,106.0,2,1,0,1,0,0,0,0,0,A,0,0,1,0,1042199
4506316,-86.006952,39.934465,906574517,1,2.0,106.0,2,1,0,1,0,0,0,0,0,A,0,0,1,0,1042199
4506317,-86.006478,39.845409,1296635469,1,6.0,318.0,2,1,0,1,0,0,0,0,0,A,0,0,1,0,1042199
4506320,-86.0531,39.904114,1050379995,1,4.0,212.0,1,1,0,1,0,0,0,0,0,A,0,0,1,0,1042199
4506321,-86.04346,39.88406,1279061064,1,8.0,424.0,1,1,0,1,0,0,0,0,0,A,0,0,1,0,1042199
4506322,-86.121947,39.870632,1278958871,1,2.0,106.0,2,1,0,1,0,0,0,0,0,A,0,0,1,0,1042199
4506337,-86.01322,40.058882,1278325194,2,16.0,848.0,2,1,0,1,0,0,0,0,0,A,0,0,1,0,1042199
4506339,-85.946855,40.118752,1278608771,4,32.0,1696.0,2,1,0,1,0,0,0,0,0,A,0,0,1,0,1042199
4506341,-86.025652,39.923247,1279232087,1,2.0,106.0,2,1,0,1,0,0,0,0,0,A,0,0,1,0,1042199
4506343,-86.012816,40.040615,19491294,1,2.0,106.0,2,1,0,1,0,0,0,0,0,A,0,0,1,0,1042199
4506344,-86.124024,40.005669,1241770053,1,8.0,424.0,1,1,0,1,0,0,0,0,0,A,0,0,1,0,1042199
4506345,-86.004563,40.015175,1278330465,1,10.0,530.0,1,1,0,1,0,0,0,0,0,A,0,0,1,0,1042199
4506347,-86.124427,39.837073,1278821684,1,2.0,106.0,2,1,0,1,0,0,0,0,0,A,0,0,1,0,1042199
4506348,-86.094092,39.869442,1196401394,2,4.0,212.0,1,1,0,1,0,0,0,0,0,A,0,0,1,0,1042199
4506350,-86.083986,39.906714,1278964157,1,4.0,212.0,1,1,0,1,0,0,0,0,0,A,0,0,1,0,1042199
4506352,-85.973331,39.862922,1162486985,1,3.0,159.0,1,1,0,1,0,0,0,0,0,A,0,0,1,0,1042199
4506353,-85.959232,39.900858,1197312582,1,2.0,106.0,2,1,0,1,0,0,0,0,0,A,0,0,1,0,1042199
4506354,-86.006415,39.844722,1296635468,1,2.0,106.0,2,1,0,1,0,0,0,0,0,A,0,0,1,0,1042199
4506355,-86.019399,39.844064,1279219893,1,6.0,318.0,1,1,0,1,0,0,0,0,0,A,0,0,1,0,1042199
4506356,-85.991843,39.827403,1279182931,1,2.0,106.0,2,1,0,1,0,0,0,0,0,A,0,0,1,0,1042199
4506370,-86.035269,40.075986,1220064112,1,4.0,212.0,1,1,0,1,0,0,0,0,0,A,0,0,1,0,1042199
4506373,-86.028394,39.915653,1279226879,1,4.0,212.0,2,1,0,1,0,0,0,0,0,A,0,0,1,0,1042199
4506374,-86.032654,39.933959,1278306407,1,4.0,212.0,2,1,0,1,0,0,0,0,0,A,0,0,1,0,1042199
4506375,-86.018104,39.929098,1197912696,1,3.0,159.0,1,1,0,1,0,0,0,0,0,A,0,0,1,0,1042199
4506377,-86.10036,40.046077,1220031770,1,2.0,106.0,1,1,0,1,0,0,0,0,0,A,0,0,1,0,1042199
4506379,-86.008268,39.97219,1278296930,1,2.0,106.0,1,1,0,1,0,0,0,0,0,A,0,0,1,0,1042199
4506381,-86.104058,39.929088,1278250672,1,6.0,318.0,1,1,0,1,0,0,0,0,0,A,0,0,1,0,1042199
4506382,-86.098744,39.905957,1278993134,1,4.0,212.0,1,1,0,1,0,0,0,0,0,A,0,0,1,0,1042199
4506386,-86.031452,39.837587,1279180283,1,8.0,424.0,1,1,0,1,0,0,0,0,0,A,0,0,1,0,1042199
4506388,-86.046848,39.884384,1279069296,1,4.0,212.0,1,1,0,1,0,0,0,0,0,A,0,0,1,0,1042199
4506400,-86.012694,40.138079,1278370870,1,4.0,212.0,2,1,0,1,0,0,0,0,0,A,0,0,1,0,1042199
4506401,-85.99291,40.200252,35259635,1,2.0,106.0,1,1,0,1,0,0,0,0,0,A,0,0,1,0,1042199
4506403,-86.032071,39.916622,1293429102,1,3.0,159.0,1,1,0,1,0,0,0,0,0,A,0,0,1,0,1042199
4506404,-86.044721,39.926174,948613693,1,2.0,106.0,1,1,0,1,0,0,0,0,0,A,0,0,1,0,1042199
4506405,-86.043726,39.915963,1279102024,1,4.0,212.0,1,1,0,1,0,0,0,0,0,A,0,0,1,0,1042199
4506406,-86.027154,40.044741,1278367145,1,4.0,212.0,2,1,0,1,0,0,0,0,0,A,0,0,1,0,1042199
4506409,-86.007216,39.972647,1278306018,1,3.0,159.0,1,1,0,1,0,0,0,0,0,A,0,0,1,0,1042199
4506410,-86.14684,39.861212,1278604473,1,6.0,318.0,1,1,0,1,0,0,0,0,0,A,0,0,1,0,1042199
4506412,-86.105302,39.913948,761938410,1,6.0,318.0,2,1,0,1,0,0,0,0,0,A,0,0,1,0,1042199
4506413,-86.024131,39.941176,1102454387,1,4.0,212.0,2,1,0,1,0,0,0,0,0,A,0,0,1,0,1042199
4506414,-85.998886,39.863539,1279229517,1,4.0,212.0,1,1,0,1,0,0,0,0,0,A,0,0,1,0,1042199
4506415,-85.959081,39.90353,1197312646,1,2.0,106.0,1,1,0,1,0,0,0,0,0,A,0,0,1,0,1042199
4506416,-85.93184,39.889244,1175197824,1,4.0,212.0,2,1,0,1,0,0,0,0,0,A,0,0,1,0,1042199
4506418,-86.049061,39.897222,1279084333,1,2.0,106.0,2,1,0,1,0,0,0,0,0,A,0,0,1,0,1042199
4506419,-86.053836,39.904757,1279100870,1,8.0,424.0,1,1,0,1,0,0,0,0,0,A,0,0,1,0,1042199
4506433,-86.030033,39.915694,1279226891,1,8.0,424.0,2,1,0,1,0,0,0,0,0,A,0,0,1,0,1042199
4506434,-86.033631,39.931034,1278235879,1,3.0,159.0,1,1,0,1,0,0,0,0,0,A,0,0,1,0,1042199
4506437,-86.0072,40.012453,1278307952,1,2.0,106.0,2,1,0,1,0,0,0,0,0,A,0,0,1,0,1042199
4506438,-85.999143,39.978224,1220039686,1,2.0,106.0,1,1,0,1,0,0,0,0,0,A,0,0,1,0,1042199
4506440,-86.11996,39.837773,1278805013,1,4.0,212.0,1,1,0,1,0,0,0,0,0,A,0,0,1,0,1042199
4506441,-86.075836,39.907591,125157231,1,8.0,424.0,2,1,0,1,0,0,0,0,0,A,0,0,1,0,1042199
4506444,-86.006724,39.845231,1296635469,1,4.0,212.0,2,1,0,1,0,0,0,0,0,A,0,0,1,0,1042199
4506445,-86.041901,39.831731,1279279074,1,3.0,159.0,1,1,0,1,0,0,0,0,0,A,0,0,1,0,1042199
4506462,-86.020926,40.175298,35258713,1,3.0,159.0,2,1,0,1,0,0,0,0,0,A,0,0,1,0,1042199
4506465,-86.025611,39.923876,1279232087,1,4.0,212.0,2,1,0,1,0,0,0,0,0,A,0,0,1,0,1042199
4506466,-86.03449,39.926361,1197853666,1,6.0,318.0,2,1,0,1,0,0,0,0,0,A,0,0,1,0,1042199
4506467,-86.040837,39.913534,1240873834,1,4.0,212.0,1,1,0,1,0,0,0,0,0,A,0,0,1,0,1042199
4506469,-86.101175,40.043952,1309434477,1,8.0,424.0,1,1,0,1,0,0,0,0,0,A,0,0,1,0,1042199
4506470,-86.006496,40.014808,1278307936,1,8.0,424.0,1,1,0,1,0,0,0,0,0,A,0,0,1,0,1042199
4506473,-86.118804,39.869166,1278827014,1,4.0,212.0,2,1,0,1,0,0,0,0,0,A,0,0,1,0,1042199
4506474,-86.075162,39.910517,1296633395,1,3.0,159.0,1,1,0,1,0,0,0,0,0,A,0,0,1,0,1042199
4506479,-86.028527,39.847118,1283685176,1,6.0,318.0,1,1,0,1,0,0,0,0,0,A,0,0,1,0,1042199
4506481,-86.052923,39.903725,1279100856,1,3.0,159.0,2,1,0,1,0,0,0,0,0,A,0,0,1,0,1042199
4506489,-85.998371,40.046203,1297366043,1,4.0,212.0,1,1,0,1,0,0,0,0,0,A,0,0,1,0,1042199
4506493,-86.030897,39.916585,1279226894,2,16.0,848.0,1,1,0,1,0,0,0,0,0,A,0,0,1,0,1042199
4506495,-86.041885,39.913516,1279102035,1,6.0,318.0,2,1,0,1,0,0,0,0,0,A,0,0,1,0,1042199
4506496,-86.040416,40.002559,1357961851,1,8.0,424.0,2,1,0,1,0,0,0,0,0,A,0,0,1,0,1042199
4506499,-86.007288,39.974642,1297369619,1,3.0,159.0,1,1,0,1,0,0,0,0,0,A,0,0,1,0,1042199
4506502,-86.101991,39.909775,125144429,1,4.0,212.0,2,1,0,1,0,0,0,0,0,A,0,0,1,0,1042199
4506506,-86.024402,39.838801,1279221305,1,4.0,212.0,2,1,0,1,0,0,0,0,0,A,0,0,1,0,1042199
4506527,-86.03474,39.917737,1279225672,1,6.0,318.0,1,1,0,1,0,0,0,0,0,A,0,0,1,0,1042199
4506528,-86.025637,39.923621,1279232087,1,4.0,212.0,2,1,0,1,0,0,0,0,0,A,0,0,1,0,1042199
4506530,-86.01432,40.04309,1297407792,1,2.0,106.0,1,1,0,1,0,0,0,0,0,A,0,0,1,0,1042199
4506534,-86.120709,39.840626,1278806171,1,4.0,212.0,2,1,0,1,0,0,0,0,0,A,0,0,1,0,1042199
4506535,-86.123928,39.867988,1050304574,1,8.0,424.0,2,1,0,1,0,0,0,0,0,A,0,0,1,0,1042199
4506536,-86.07738,39.913878,1240979200,1,4.0,212.0,1,1,0,1,0,0,0,0,0,A,0,0,1,0,1042199
4506537,-86.10686,39.908635,1278961174,1,8.0,424.0,2,1,0,1,0,0,0,0,0,A,0,0,1,0,1042199
4506539,-85.959318,39.900823,1197312582,1,4.0,212.0,2,1,0,1,0,0,0,0,0,A,0,0,1,0,1042199
4506540,-86.00977,39.844219,1279237120,1,2.0,160.0,2,1,0,1,0,0,0,0,0,A,0,0,1,0,1042199
4506542,-85.995302,39.83284,1279227400,1,6.0,318.0,2,1,0,1,0,0,0,0,0,A,0,0,1,0,1042199
4506552,-86.028908,40.173,1278392695,2,16.0,848.0,2,1,0,1,0,0,0,0,0,A,0,0,1,0,1042199
4506553,-86.028842,40.173002,1278392695,1,8.0,424.0,2,1,0,1,0,0,0,0,0,A,0,0,1,0,1042199
4506554,-85.980863,40.11036,1301109944,1,4.0,212.0,1,1,0,1,0,0,0,0,0,A,0,0,1,0,1042199
4506555,-86.036732,39.915523,1279226903,1,4.0,212.0,1,1,0,1,0,0,0,0,0,A,0,0,1,0,1042199
4506557,-86.041282,39.918832,1279153430,1,8.0,424.0,1,1,0,1,0,0,0,0,0,A,0,0,1,0,1042199
4506558,-86.026849,40.044918,1278367146,1,2.0,106.0,2,1,0,1,0,0,0,0,0,A,0,0,1,0,1042199
4506561,-86.005124,39.992448,1278259806,1,4.0,212.0,2,1,0,1,0,0,0,0,0,A,0,0,1,0,1042199
4506566,-85.973477,39.86065,1279281886,1,3.0,159.0,2,1,0,1,0,0,0,0,0,A,0,0,1,0,1042199
4506570,-86.072853,39.903664,1279176731,1,3.0,159.0,1,1,0,1,0,0,0,0,0,A,0,0,1,0,1042199
4506586,-86.026077,39.928436,125157415,1,6.0,480.0,1,1,0,1,0,0,0,0,0,A,0,0,1,0,1042199
4506589,-86.099089,40.042085,1309434475,1,4.0,212.0,2,1,0,1,0,0,0,0,0,A,0,0,1,0,1042199
4506590,-86.008702,40.011588,1291633610,1,2.0,106.0,1,1,0,1,0,0,0,0,0,A,0,0,1,0,1042199
4506591,-86.00666,39.999274,1330180887,1,8.0,424.0,2,1,0,1,0,0,0,0,0,A,0,0,1,0,1042199
4506593,-86.119468,39.837844,1278805013,1,6.0,318.0,2,1,0,1,0,0,0,0,0,A,0,0,1,0,1042199
4506595,-86.071881,39.947033,1165279840,1,4.0,212.0,2,1,0,1,0,0,0,0,0,A,0,0,1,0,1042199
4506596,-85.969576,39.862038,1196607765,1,8.0,424.0,2,1,0,1,0,0,0,0,0,A,0,0,1,0,1042199
4506598,-86.01968,39.841687,1296635238,1,4.0,212.0,2,1,0,1,0,0,0,0,0,A,0,0,1,0,1042199
4506617,-85.997503,40.043282,1278376095,1,4.0,212.0,2,1,0,1,0,0,0,0,0,A,0,0,1,0,1042199
4506618,-86.027799,39.923988,1279232087,1,2.0,106.0,1,1,0,1,0,0,0,0,0,A,0,0,1,0,1042199
4506619,-86.022392,39.92918,1050330923,1,4.0,212.0,1,1,0,1,0,0,0,0,0,A,0,0,1,0,1042199
4506621,-86.090634,40.003317,1220038138,1,4.0,212.0,1,1,0,1,0,0,0,0,0,A,0,0,1,0,1042199
4506623,-86.005212,39.980262,1330248065,1,4.0,212.0,1,1,0,1,0,0,0,0,0,A,0,0,1,0,1042199
4506628,-85.955202,39.876617,1296776990,1,2.0,106.0,2,1,0,1,0,0,0,0,0,A,0,0,1,0,1042199
4506629,-85.959275,39.894996,1197312223,1,2.0,106.0,1,1,0,1,0,0,0,0,0,A,0,0,1,0,1042199
4506630,-86.011313,39.859119,1279234226,1,4.0,212.0,1,1,0,1,0,0,0,0,0,A,0,0,1,0,1042199
4506631,-86.026467,39.841511,1283526287,1,2.0,106.0,2,1,0,1,0,0,0,0,0,A,0,0,1,0,1042199
4506632,-86.045409,39.888698,1197042932,1,8.0,424.0,2,1,0,1,0,0,0,0,0,A,0,0,1,0,1042199
4506635,-86.121039,39.87058,1278958875,1,4.0,212.0,2,1,0,1,0,0,0,0,0,A,0,0,1,0,1042199
4506645,-86.01558,40.1316,1278372251,1,4.0,212.0,2,1,0,1,0,0,0,0,0,A,0,0,1,0,1042199
4506647,-85.981111,40.083047,1306793824,1,8.0,424.0,1,1,0,1,0,0,0,0,0,A,0,0,1,0,1042199
4506648,-86.028337,39.915053,1279226836,1,2.0,106.0,1,1,0,1,0,0,0,0,0,A,0,0,1,0,1042199
4506650,-86.018243,39.929084,1197912696,1,4.0,212.0,1,1,0,1,0,0,0,0,0,A,0,0,1,0,1042199
4506651,-86.009462,40.046083,19490920,1,2.0,106.0,1,1,0,1,0,0,0,0,0,A,0,0,1,0,1042199
4506652,-86.127052,40.046122,1278379921,1,6.0,318.0,2,1,0,1,0,0,0,0,0,A,0,0,1,0,1042199
4506653,-86.010788,40.031979,1278574455,1,4.0,212.0,2,1,0,1,0,0,0,0,0,A,0,0,1,0,1042199
4506654,-86.007371,40.009449,1278303145,1,8.0,424.0,2,1,0,1,0,0,0,0,0,A,0,0,1,0,1042199
4506657,-86.104125,39.928475,1278252212,1,6.0,318.0,1,1,0,1,0,0,0,0,0,A,0,0,1,0,1042199
4506658,-86.08444,39.90579,1196912392,1,2.0,106.0,1,1,0,1,0,0,0,0,0,A,0,0,1,0,1042199
4506659,-86.077287,39.977259,1220043375,2,16.0,848.0,2,1,0,1,0,0,0,0,0,A,0,0,1,0,1042199
4506661,-85.95707,39.87597,19493844,1,2.0,106.0,2,1,0,1,0,0,0,0,0,A,0,0,1,0,1042199
4506664,-86.060311,39.911268,763559388,1,8.0,424.0,2,1,0,1,0,0,0,0,0,A,0,0,1,0,1042199
4506665,-86.072098,39.883839,1278997787,1,4.0,212.0,1,1,0,1,0,0,0,0,0,A,0,0,1,0,1042199
4506666,-86.081485,39.877624,1279055634,1,4.0,212.0,1,1,0,1,0,0,0,0,0,A,0,0,1,0,1042199
4506677,-86.035518,39.915595,1279225671,1,6.0,318.0,2,1,0,1,0,0,0,0,0,A,0,0,1,0,1042199
4506678,-86.028205,39.933508,1278212395,1,2.0,106.0,1,1,0,1,0,0,0,0,0,A,0,0,1,0,1042199
4506680,-86.027994,40.038899,1231052309,1,2.0,106.0,2,1,0,1,0,0,0,0,0,A,0,0,1,0,1042199
4506681,-86.125282,40.073651,19490150,1,8.0,424.0,2,1,0,1,0,0,0,0,0,A,0,0,1,0,1042199
4506683,-86.007519,39.959146,1278252761,1,2.0,106.0,2,1,0,1,0,0,0,0,0,A,0,0,1,0,1042199
4506684,-86.151923,39.839321,1278789414,1,6.0,318.0,1,1,0,1,0,0,0,0,0,A,0,0,1,0,1042199
4506686,-86.106363,39.919171,1279000556,1,6.0,318.0,1,1,0,1,0,0,0,0,0,A,0,0,1,0,1042199
4506689,-85.957025,39.875339,1279236283,1,2.0,106.0,2,1,0,1,0,0,0,0,0,A,0,0,1,0,1042199
4506691,-86.046734,39.83862,1050222226,1,6.0,318.0,1,1,0,1,0,0,0,0,0,A,0,0,1,0,1042199
4506692,-86.072857,39.906198,125143935,1,8.0,424.0,1,1,0,1,0,0,0,0,0,A,0,0,1,0,1042199
4506693,-86.051821,39.904769,1279102144,1,2.0,106.0,1,1,0,1,0,0,0,0,0,A,0,0,1,0,1042199
4506705,-85.990644,39.855164,1279230811,2,16.0,848.0,1,1,0,1,0,0,0,0,0,A,0,0,1,0,1042199
4506708,-85.972078,40.111748,1301109944,1,4.0,212.0,1,1,0,1,0,0,0,0,0,A,0,0,1,0,1042199
4506709,-86.028379,39.913871,1279226836,1,2.0,106.0,2,1,0,1,0,0,0,0,0,A,0,0,1,0,1042199
4506710,-86.032279,39.937427,1278311870,2,16.0,848.0,2,1,0,1,0,0,0,0,0,A,0,0,1,0,1042199
4506711,-86.018263,39.933652,1278254495,1,4.0,212.0,2,1,0,1,0,0,0,0,0,A,0,0,1,0,1042199
4506713,-86.110059,40.048086,1368306957,1,2.0,106.0,1,1,0,1,0,0,0,0,0,A,0,0,1,0,1042199
4506714,-86.004583,40.014059,1278330465,1,6.0,318.0,2,1,0,1,0,0,0,0,0,A,0,0,1,0,1042199
4506715,-86.007697,39.96038,1278452971,1,4.0,212.0,1,1,0,1,0,0,0,0,0,A,0,0,1,0,1042199
4506717,-86.07458,39.910127,1296633395,1,6.0,318.0,1,1,0,1,0,0,0,0,0,A,0,0,1,0,1042199
4506719,-86.052788,39.971937,27663436,1,4.0,212.0,1,1,0,1,0,0,0,0,0,A,0,0,1,0,1042199
4506720,-85.954081,39.871432,1279240351,1,2.0,106.0,1,1,0,1,0,0,0,0,0,A,0,0,1,0,1042199
4506721,-85.958121,39.901001,1279245357,1,4.0,212.0,2,1,0,1,0,0,0,0,0,A,0,0,1,0,1042199
4506723,-86.022237,39.836898,1293456550,1,2.0,106.0,2,1,0,1,0,0,0,0,0,A,0,0,1,0,1042199
4506724,-86.054259,39.90604,1279163707,1,8.0,424.0,2,1,0,1,0,0,0,0,0,A,0,0,1,0,1042199
4506726,-86.080362,39.87545,1279023952,1,6.0,318.0,2,1,0,1,0,0,0,0,0,A,0,0,1,0,1042199
4506727,-86.12135,39.874096,1050264762,1,2.0,106.0,2,1,0,1,0,0,0,0,0,A,0,0,1,0,1042199
4506728,-86.069263,39.911627,19500727,1,8.0,424.0,2,1,0,1,0,0,0,0,0,A,0,0,1,0,1042199
4506743,-86.004568,40.004332,1278303156,1,4.0,212.0,2,1,0,1,0,0,0,0,0,A,0,0,1,0,1042199
4506744,-86.005067,39.986804,1278262429,1,4.0,212.0,1,1,0,1,0,0,0,0,0,A,0,0,1,0,1042199
4506746,-86.116351,39.85452,1228363113,1,2.0,106.0,2,1,0,1,0,0,0,0,0,A,0,0,1,0,1042199
4506753,-86.060909,39.910199,763559350,1,6.0,318.0,2,1,0,1,0,0,0,0,0,A,0,0,1,0,1042199
4506754,-86.080525,39.876586,1279023952,1,2.0,106.0,1,1,0,1,0,0,0,0,0,A,0,0,1,0,1042199
4506755,-86.120808,39.873726,1197328421,1,10.0,530.0,2,1,0,1,0,0,0,0,0,A,0,0,1,0,1042199
4506765,-85.955488,39.905427,125157347,2,16.0,848.0,2,1,0,1,0,0,0,0,0,A,0,0,1,0,1042199
4506768,-86.013904,40.069528,1297362993,1,4.0,212.0,2,1,0,1,0,0,0,0,0,A,0,0,1,0,1042199
4506769,-86.018779,40.178917,35259787,1,6.0,318.0,2,1,0,1,0,0,0,0,0,A,0,0,1,0,1042199
4506771,-86.032376,39.915985,1279226904,1,4.0,212.0,2,1,0,1,0,0,0,0,0,A,0,0,1,0,1042199
4506772,-86.028308,39.93342,1278212395,1,6.0,318.0,1,1,0,1,0,0,0,0,0,A,0,0,1,0,1042199
4506777,-86.083121,39.870979,1278824130,1,2.0,106.0,1,1,0,1,0,0,0,0,0,A,0,0,1,0,1042199
4506778,-86.116765,39.854769,1279102789,1,2.0,106.0,2,1,0,1,0,0,0,0,0,A,0,0,1,0,1042199
4506779,-86.07336,39.91431,1166903432,1,6.0,318.0,2,1,0,1,0,0,0,0,0,A,0,0,1,0,1042199
4506781,-85.983335,39.860405,1293682585,2,16.0,848.0,1,1,0,1,0,0,0,0,0,A,0,0,1,0,1042199
4506783,-86.000034,39.856933,1279245819,1,2.0,106.0,2,1,0,1,0,0,0,0,0,A,0,0,1,0,1042199
4506786,-86.070012,39.88253,1293449377,1,4.0,212.0,1,1,0,1,0,0,0,0,0,A,0,0,1,0,1042199
4506787,-86.120516,39.883769,1279158094,1,6.0,318.0,1,1,0,1,0,0,0,0,0,A,0,0,1,0,1042199
4506788,-86.142874,39.874011,1278685965,1,2.0,106.0,1,1,0,1,0,0,0,0,0,A,0,0,1,0,1042199
4506799,-86.032378,39.916645,19500222,1,2.0,106.0,2,1,0,1,0,0,0,0,0,A,0,0,1,0,1042199
4506801,-86.009583,40.041013,1278369862,1,2.0,106.0,1,1,0,1,0,0,0,0,0,A,0,0,1,0,1042199
4506808,-86.020444,39.955501,1278784273,1,2.0,106.0,2,1,0,1,0,0,0,0,0,A,0,0,1,0,1042199
4506809,-85.977409,39.860824,1197406178,1,8.0,424.0,1,1,0,1,0,0,0,0,0,A,0,0,1,0,1042199
4506812,-86.026059,39.824726,755884428,1,2.0,106.0,2,1,0,1,0,0,0,0,0,A,0,0,1,0,1042199
4506813,-86.04791,39.898052,1197044991,1,4.0,212.0,1,1,0,1,0,0,0,0,0,A,0,0,1,0,1042199
4506814,-86.052659,39.904138,1050379995,1,2.0,106.0,1,1,0,1,0,0,0,0,0,A,0,0,1,0,1042199
4506816,-86.128871,39.86919,1279068939,1,6.0,318.0,1,1,0,1,0,0,0,0,0,A,0,0,1,0,1042199
4506823,-86.031736,39.925747,1293345202,1,6.0,318.0,2,1,0,1,0,0,0,0,0,A,0,0,1,0,1042199
4506824,-86.012138,40.043754,711375150,1,8.0,424.0,2,1,0,1,0,0,0,0,0,A,0,0,1,0,1042199
4506825,-86.126695,40.003974,1297386125,1,2.0,106.0,1,1,0,1,0,0,0,0,0,A,0,0,1,0,1042199
4506826,-86.005513,40.015129,1291633398,1,2.0,106.0,1,1,0,1,0,0,0,0,0,A,0,0,1,0,1042199
4506829,-86.124621,39.84986,1278818775,1,6.0,318.0,1,1,0,1,0,0,0,0,0,A,0,0,1,0,1042199
4506830,-86.079048,39.956014,1165279829,1,4.0,212.0,1,1,0,1,0,0,0,0,0,A,0,0,1,0,1042199
4506831,-86.076932,39.903661,1311703048,1,4.0,212.0,1,1,0,1,0,0,0,0,0,A,0,0,1,0,1042199
4506834,-86.011498,39.857225,1279301792,1,2.0,106.0,1,1,0,1,0,0,0,0,0,A,0,0,1,0,1042199
4506837,-86.073182,39.87928,1279016422,1,3.0,159.0,1,1,0,1,0,0,0,0,0,A,0,0,1,0,1042199
4506854,-86.029134,40.044253,1278323818,1,2.0,106.0,1,1,0,1,0,0,0,0,0,A,0,0,1,0,1042199
4506855,-86.13178,40.043311,1128547543,1,4.0,212.0,1,1,0,1,0,0,0,0,0,A,0,0,1,0,1042199
4506856,-86.014861,40.039721,1278366974,1,2.0,106.0,2,1,0,1,0,0,0,0,0,A,0,0,1,0,1042199
4506857,-86.004778,39.963717,1278305753,1,2.0,106.0,1,1,0,1,0,0,0,0,0,A,0,0,1,0,1042199
4506858,-86.007423,40.000002,1067546351,1,2.0,106.0,1,1,0,1,0,0,0,0,0,A,0,0,1,0,1042199
4506859,-86.141225,39.850629,1278782021,1,8.0,424.0,2,1,0,1,0,0,0,0,0,A,0,0,1,0,1042199
4506866,-86.045288,39.888736,1293446143,1,6.0,318.0,2,1,0,1,0,0,0,0,0,A,0,0,1,0,1042199
4506867,-86.058032,39.908353,1027955888,1,4.0,212.0,1,1,0,1,0,0,0,0,0,A,0,0,1,0,1042199
4506869,-86.121281,39.886784,1279176996,1,2.0,106.0,2,1,0,1,0,0,0,0,0,A,0,0,1,0,1042199
4506870,-86.143052,39.875454,1278685970,1,2.0,106.0,2,1,0,1,0,0,0,0,0,A,0,0,1,0,1042199
4506888,-86.072693,39.905915,125143935,1,4.0,212.0,1,1,0,1,0,0,0,0,0,A,0,0,1,0,1042199
4506889,-86.05225,39.904078,1196486325,1,4.0,212.0,2,1,0,1,0,0,0,0,0,A,0,0,1,0,1042199
4506890,-86.046748,39.883151,755726655,1,6.0,318.0,1,1,0,1,0,0,0,0,0,A,0,0,1,0,1042199
4506916,-85.957984,39.876163,19493844,1,2.0,106.0,1,1,0,1,0,0,0,0,0,A,0,0,1,0,1042199
4506917,-86.043121,39.868644,1283578344,1,3.0,159.0,2,1,0,1,0,0,0,0,0,A,0,0,1,0,1042199
4506920,-86.056986,39.903785,1296754205,1,8.0,424.0,2,1,0,1,0,0,0,0,0,A,0,0,1,0,1042199
4506921,-86.068648,39.882911,1050537114,1,4.0,212.0,2,1,0,1,0,0,0,0,0,A,0,0,1,0,1042199
4506922,-86.12116,39.884262,1296783040,1,2.0,106.0,1,1,0,1,0,0,0,0,0,A,0,0,1,0,1042199
4506923,-86.1442,39.872415,1293449772,1,2.0,106.0,1,1,0,1,0,0,0,0,0,A,0,0,1,0,1042199
4506947,-86.045501,39.840873,1279040322,1,8.0,424.0,2,1,0,1,0,0,0,0,0,A,0,0,1,0,1042199
4506948,-86.031002,39.82969,125159407,1,10.0,530.0,2,1,0,1,0,0,0,0,0,A,0,0,1,0,1042199
4506949,-86.046668,39.901818,765871787,1,2.0,106.0,1,1,0,1,0,0,0,0,0,A,0,0,1,0,1042199
4506950,-86.055486,39.904777,1279098210,1,6.0,318.0,1,1,0,1,0,0,0,0,0,A,0,0,1,0,1042199
4506952,-86.142048,39.871152,839141156,1,8.0,424.0,1,1,0,1,0,0,0,0,0,A,0,0,1,0,1042199
4506979,-86.083217,39.894516,1279013173,1,4.0,212.0,2,1,0,1,0,0,0,0,0,A,0,0,1,0,1042199
4506981,-86.080634,39.87667,1279023952,1,2.0,106.0,1,1,0,1,0,0,0,0,0,A,0,0,1,0,1042199
4507010,-86.057112,39.906844,1050517693,1,8.0,424.0,2,1,0,1,0,0,0,0,0,A,0,0,1,0,1042199
4507012,-86.122687,39.888484,1279177584,1,4.0,212.0,1,1,0,1,0,0,0,0,0,A,0,0,1,0,1042199
4507013,-86.147235,39.895657,929945118,1,4.0,212.0,1,1,0,1,0,0,0,0,0,A,0,0,1,0,1042199
4507038,-86.016012,39.842465,1279310047,1,4.0,212.0,1,1,0,1,0,0,0,0,0,A,0,0,1,0,1042199
4507041,-86.119802,39.886042,1296783038,1,2.0,106.0,2,1,0,1,0,0,0,0,0,A,0,0,1,0,1042199
4507068,-86.047239,39.8971,1279084316,1,2.0,106.0,1,1,0,1,0,0,0,0,0,A,0,0,1,0,1042199
4507069,-86.060715,39.900815,1279160723,1,3.0,159.0,1,1,0,1,0,0,0,0,0,A,0,0,1,0,1042199
4507070,-86.071921,39.880122,1296875381,1,4.0,212.0,2,1,0,1,0,0,0,0,0,A,0,0,1,0,1042199
4507072,-86.065179,39.915925,1279178148,1,4.0,212.0,2,1,0,1,0,0,0,0,0,A,0,0,1,0,1042199
4507099,-86.068797,39.882703,1050537114,1,8.0,424.0,2,1,0,1,0,0,0,0,0,A,0,0,1,0,1042199
4507127,-86.05717,39.906826,1050517693,1,6.0,318.0,2,1,0,1,0,0,0,0,0,A,0,0,1,0,1042199
4507129,-86.083911,39.875338,1279055616,1,4.0,212.0,2,1,0,1,0,0,0,0,0,A,0,0,1,0,1042199
4507154,-86.071962,39.884156,1198724622,1,4.0,212.0,1,1,0,1,0,0,0,0,0,A,0,0,1,0,1042199
4507156,-86.143118,39.87437,1278685990,1,2.0,106.0,2,1,0,1,0,0,0,0,0,A,0,0,1,0,1042199
4507210,-86.052242,39.889944,1365050476,1,4.0,212.0,2,1,0,1,0,0,0,0,0,A,0,0,1,0,1042199
4507237,-86.058694,39.891813,19503104,1,4.0,212.0,1,1,0,1,0,0,0,0,0,A,0,0,1,0,1042199
4507292,-86.146881,39.868848,1278662446,1,18.0,954.0,1,1,0,1,0,0,0,0,0,A,0,0,1,0,1042199
11163184,-88.3145916,44.8914069,00005557-4900-0400-0000-0000000c6473,1,4.0,120.0,2,1,0,0,1,0,0,0,0,A,0,0,1,0,1027633
11163187,-88.3151991,44.892584,00005557-4900-0400-0000-0000001eb634,1,2.0,60.0,2,1,0,0,1,0,0,0,0,A,0,0,1,0,1027633
11163193,-88.3215393,44.8953417,00005557-4900-0400-0000-000000006e33,1,8.0,240.0,2,1,0,0,1,0,0,0,0,A,0,0,1,0,1027633
11163194,-88.3215393,44.8953417,00005557-4900-0400-0000-000000006e33,1,6.0,180.0,2,1,0,0,1,0,0,0,0,A,0,0,1,0,1027633
11163199,-88.3078854,44.8939524,00005557-4900-0400-0000-0000000c6489,1,4.0,120.0,1,1,0,0,1,0,0,0,0,A,0,0,1,0,1027633
11163200,-88.3145916,44.8914069,00005557-4900-0400-0000-0000000c6473,1,6.0,180.0,2,1,0,0,1,0,0,0,0,A,0,0,1,0,1027633
11163202,-88.3143638,44.8868038,00005557-4900-0400-0000-0000000c64a1,1,8.0,240.0,2,1,0,0,1,0,0,0,0,A,0,0,1,0,1027633
11163208,-88.3142263,44.8877537,00005557-4900-0400-0000-0000000c64a0,3,24.0,720.0,2,1,0,0,1,0,0,0,0,A,0,0,1,0,1027633
11163209,-88.347858,44.91574,00005557-4900-0400-0000-0000000c64db,1,6.0,180.0,1,1,0,0,1,0,0,0,0,A,0,0,1,0,1027633
11163210,-88.3142263,44.8877537,00005557-4900-0400-0000-0000000c64a0,10,20.0,600.0,2,1,0,0,1,0,0,0,0,A,0,0,1,0,1027633
11163218,-88.296933,44.84031,00005557-4900-0400-0000-00000018b710,1,6.0,180.0,1,1,0,0,1,0,0,0,0,A,0,0,1,0,1027633
11163222,-88.3054592,44.8903048,de1479d4-69f6-44c8-bdf0-38203ce97fc7,1,4.0,120.0,2,1,0,0,1,0,0,0,0,A,0,0,1,0,1027633
11163224,-88.3085162,44.8911714,00005557-4900-0400-0000-0000000c64ad,1,4.0,120.0,1,1,0,0,1,0,0,0,0,A,0,0,1,0,1027633
11163229,-88.2971795,44.8913137,00005557-4900-0400-0000-0000000c644a,1,2.0,60.0,2,1,0,0,1,0,0,0,0,A,0,0,1,0,1027633
11163230,-88.296965,44.89381,00005557-4900-0400-0000-0000000c6467,1,8.0,240.0,2,1,0,0,1,0,0,0,0,A,0,0,1,0,1027633
11163233,-88.3147636,44.8887194,89a36a39-e42c-4560-a3c7-6cc3877a90fe,1,8.0,240.0,2,1,0,0,1,0,0,0,0,A,0,0,1,0,1027633
11163236,-88.2969465,44.8938159,00005557-4900-0400-0000-0000000c6467,1,8.0,240.0,2,1,0,0,1,0,0,0,0,A,0,0,1,0,1027633
11163246,-88.2969465,44.8938159,00005557-4900-0400-0000-0000000c6467,1,4.0,120.0,2,1,0,0,1,0,0,0,0,A,0,0,1,0,1027633
11163251,-88.4416976,45.1306177,00005557-4900-0400-0000-0000000c762b,1,8.0,240.0,1,1,0,0,1,0,0,0,0,A,0,0,1,0,1027633
11163254,-88.419531,45.010613,00005557-4900-0400-0000-0000000c66fb,1,4.0,120.0,1,1,0,0,1,0,0,0,0,A,0,0,1,0,1027633
11163256,-88.419531,45.010613,00005557-4900-0400-0000-0000000c66fb,2,16.0,480.0,1,1,0,0,1,0,0,0,0,A,0,0,1,0,1027633
11163259,-88.442355,45.130623,00005557-4900-0400-0000-0000000c75d1,2,16.0,480.0,2,1,0,0,1,0,0,0,0,A,0,0,1,0,1027633
11163261,-88.345584,44.913161,00005557-4900-0400-0000-0000000c64db,4,32.0,960.0,2,1,0,0,1,0,0,0,0,A,0,0,1,0,1027633
11163276,-88.3077947,44.902658,890f0984-8c9d-4822-b2ba-b523bfee2f48,1,6.0,180.0,1,1,0,0,1,0,0,0,0,A,0,0,1,0,1027633
11163277,-88.308843,44.900235,00005557-4900-0400-0000-0000000c65cb,2,8.0,240.0,1,1,0,0,1,0,0,0,0,A,0,0,1,0,1027633
11163280,-88.3077947,44.8995194,c22e2d52-6bed-44ab-b17b-4fa20ec4efcd,1,8.0,240.0,1,1,0,0,1,0,0,0,0,A,0,0,1,0,1027633
11163283,-88.432708,45.119064,00005557-4900-0400-0000-0000000c759b,1,2.0,60.0,1,1,0,0,1,0,0,0,0,A,0,0,1,0,1027633
11163290,-88.4324085,45.1332912,00005557-4900-0400-0000-00000017687d,6,48.0,1440.0,1,1,0,0,1,0,0,0,0,A,0,0,1,0,1027633
11163293,-88.3714101,45.0028168,00005557-4900-0400-0000-0000000c8bf6,1,6.0,180.0,1,1,0,0,1,0,0,0,0,A,0,0,1,0,1027633
11163299,-88.3691552,44.9964083,00005557-4900-0400-0000-0000000c8be3,4,32.0,960.0,1,1,0,0,1,0,0,0,0,A,0,0,1,0,1027633
11163300,-88.3672059,45.0023014,00005557-4900-0400-0000-0000000c8c22,1,2.0,60.0,2,1,0,0,1,0,0,0,0,A,0,0,1,0,1027633
11163301,-88.37289,45.003319,00005557-4900-0400-0000-0000000c8bf4,2,16.0,480.0,1,1,0,0,1,0,0,0,0,A,0,0,1,0,1027633
11163308,-88.3765635,44.9956746,00005557-4900-0400-0000-0000000c8bc5,1,8.0,240.0,1,1,0,0,1,0,0,0,0,A,0,0,1,0,1027633
11163312,-88.4467096,44.9937966,00005557-4900-0400-0000-0000000c6655,1,8.0,240.0,2,1,0,0,1,0,0,0,0,A,0,0,1,0,1027633
11163331,-88.3020222,44.8963681,00005557-4900-0400-0000-0000000c646f,1,4.0,120.0,2,1,0,0,1,0,0,0,0,A,0,0,1,0,1027633
11163332,-88.3012626,44.8959188,00005557-4900-0400-0000-0000000c646f,1,4.0,120.0,1,1,0,0,1,0,0,0,0,A,0,0,1,0,1027633
11163339,-88.32813,45.003674,00005557-4900-0400-0000-0000001bfc96,1,4.0,120.0,1,1,0,0,1,0,0,0,0,A,0,0,1,0,1027633
11163344,-88.3707928,44.9992003,00005557-4900-0400-0000-0000000c8c31,1,4.0,120.0,2,1,0,0,1,0,0,0,0,A,0,0,1,0,1027633
11163361,-88.296228,44.883025,db9741ea-f721-4a3e-abf3-cba420f2d6ea,1,6.0,180.0,2,1,0,0,1,0,0,0,0,A,0,0,1,0,1027633
11163363,-88.430988,45.068186,00005557-4900-0400-0000-0000000c5d41,4,32.0,960.0,2,1,0,0,1,0,0,0,0,A,0,0,1,0,1027633
11163373,-88.2966288,44.896142,00005557-4900-0400-0000-0000000c6468,1,2.0,60.0,2,1,0,0,1,0,0,0,0,A,0,0,1,0,1027633
11163383,-88.3040731,44.8963254,00005557-4900-0400-0000-0000000c6605,1,4.0,120.0,1,1,0,0,1,0,0,0,0,A,0,0,1,0,1027633
11163390,-88.36831,44.999238,00005557-4900-0400-0000-0000000c8c2e,1,4.0,120.0,2,1,0,0,1,0,0,0,0,A,0,0,1,0,1027633
11163395,-88.425777,45.129738,00005557-4900-0400-0000-0000001ce3c7,1,6.0,180.0,2,1,0,0,1,0,0,0,0,A,0,0,1,0,1027633
11163403,-88.3727606,44.998427,f8a814f3-d3d7-4d94-b225-0363dd771cef,1,4.0,120.0,1,1,0,0,1,0,0,0,0,A,0,0,1,0,1027633
11163419,-88.448967,45.142572,00005557-4900-0400-0000-0000000c760a,1,8.0,240.0,2,1,0,0,1,0,0,0,0,A,0,0,1,0,1027633
11163460,-88.3073234,44.8899914,00005557-4900-0400-0000-0000000c64a6,1,6.0,180.0,2,1,0,0,1,0,0,0,0,A,0,0,1,0,1027633
11163485,-88.37604,45.000429,00005557-4900-0400-0000-0000000c8bd2,2,16.0,480.0,2,1,0,0,1,0,0,0,0,A,0,0,1,0,1027633
11163555,-88.4352339,45.1322793,00005557-4900-0400-0000-0000000c776e,1,2.0,60.0,1,1,0,0,1,0,0,0,0,A,0,0,1,0,1027633
11163556,-88.3283551,44.9978606,a3cce4ef-a1de-46ff-8f78-01ec84e96a4b,2,16.0,480.0,2,1,0,0,1,0,0,0,0,A,0,0,1,0,1027633
4506055,-86.148056,39.88658,125157940,1,8.0,424.0,1,1,0,0,1,0,0,0,0,A,0,0,1,0,1042199
4506262,-86.025928,40.050919,1324563435,1,2.0,106.0,2,1,0,0,1,0,0,0,0,A,0,0,1,0,1042199
4506263,-86.029024,39.984162,19495552,1,8.0,424.0,1,1,0,0,1,0,0,0,0,A,0,0,1,0,1042199
4506324,-86.009977,40.031552,1219972579,1,8.0,424.0,1,1,0,0,1,0,0,0,0,A,0,0,1,0,1042199
4506325,-86.028972,40.046316,1278323695,1,3.0,159.0,2,1,0,0,1,0,0,0,0,A,0,0,1,0,1042199
4506326,-86.042343,40.013641,1297368747,1,4.0,212.0,1,1,0,0,1,0,0,0,0,A,0,0,1,0,1042199
4506450,-85.996967,40.046907,1240310806,1,4.0,212.0,1,1,0,0,1,0,0,0,0,A,0,0,1,0,1042199
4506512,-86.000877,40.039654,1246255624,1,3.0,159.0,1,1,0,0,1,0,0,0,0,A,0,0,1,0,1042199
4506551,-85.979177,39.857755,1197333296,3,24.0,1200.0,2,1,0,0,1,0,0,0,0,A,0,0,1,0,1042199
4506573,-86.087368,39.904144,1196912459,1,6.0,318.0,1,1,0,0,1,0,0,0,0,A,0,0,1,0,1042199
4506574,-86.006908,40.037697,1278335474,1,4.0,212.0,2,1,0,0,1,0,0,0,0,A,0,0,1,0,1042199
4506603,-86.013236,40.052394,1278330224,1,4.0,320.0,2,1,0,0,1,0,0,0,0,A,0,0,1,0,1042199
4506604,-86.04184,40.042016,907516606,1,6.0,318.0,1,1,0,0,1,0,0,0,0,A,0,0,1,0,1042199
4506605,-86.025372,40.000734,1278294466,1,8.0,640.0,1,1,0,0,1,0,0,0,0,A,0,0,1,0,1042199
4506636,-86.101108,39.929969,1278254329,1,2.0,106.0,2,1,0,0,1,0,0,0,0,A,0,0,1,0,1042199
4506696,-86.121573,39.890379,1197496456,1,6.0,318.0,2,1,0,0,1,0,0,0,0,A,0,0,1,0,1042199
4506697,-86.018621,40.049771,1067015498,1,2.0,106.0,2,1,0,0,1,0,0,0,0,A,0,0,1,0,1042199
4506729,-86.013197,40.052348,1278330224,1,4.0,212.0,2,1,0,0,1,0,0,0,0,A,0,0,1,0,1042199
4506757,-85.998654,40.03271,1278362844,1,2.0,106.0,1,1,0,0,1,0,0,0,0,A,0,0,1,0,1042199
4506758,-86.008598,40.010756,1291633436,1,8.0,424.0,1,1,0,0,1,0,0,0,0,A,0,0,1,0,1042199
4506760,-86.04272,39.951028,1278298294,1,8.0,424.0,1,1,0,0,1,0,0,0,0,A,0,0,1,0,1042199
4506789,-86.107723,39.908535,1278961174,1,4.0,212.0,2,1,0,0,1,0,0,0,0,A,0,0,1,0,1042199
4506790,-86.000926,40.039591,1246255624,1,6.0,318.0,1,1,0,0,1,0,0,0,0,A,0,0,1,0,1042199
4506791,-86.005091,40.010582,1278306338,1,4.0,212.0,2,1,0,0,1,0,0,0,0,A,0,0,1,0,1042199
4506818,-86.012491,40.032284,1278316116,1,4.0,212.0,1,1,0,0,1,0,0,0,0,A,0,0,1,0,1042199
4506819,-86.02933,40.045905,1278323736,1,4.0,212.0,2,1,0,0,1,0,0,0,0,A,0,0,1,0,1042199
4506821,-86.040657,39.952355,1278265921,1,4.0,212.0,2,1,0,0,1,0,0,0,0,A,0,0,1,0,1042199
4506822,-86.044361,39.909086,1279171279,1,2.0,106.0,2,1,0,0,1,0,0,0,0,A,0,0,1,0,1042199
4506840,-85.998531,40.032336,1278362873,1,4.0,212.0,1,1,0,0,1,0,0,0,0,A,0,0,1,0,1042199
4506841,-86.007929,40.009438,1278303145,1,4.0,212.0,1,1,0,0,1,0,0,0,0,A,0,0,1,0,1042199
4506842,-86.018379,39.930682,1278254536,1,8.0,424.0,2,1,0,0,1,0,0,0,0,A,0,0,1,0,1042199
4506843,-86.041476,39.950184,1278298297,1,4.0,212.0,2,1,0,0,1,0,0,0,0,A,0,0,1,0,1042199
4506844,-86.064425,39.90441,125157187,1,4.0,212.0,2,1,0,0,1,0,0,0,0,A,0,0,1,0,1042199
4506846,-86.120558,39.837667,1278821703,1,2.0,106.0,2,1,0,0,1,0,0,0,0,A,0,0,1,0,1042199
4506847,-85.970992,39.845159,1279227669,1,2.0,106.0,2,1,0,0,1,0,0,0,0,A,0,0,1,0,1042199
4506871,-86.095542,39.930349,1278270348,1,6.0,318.0,2,1,0,0,1,0,0,0,0,A,0,0,1,0,1042199
4506872,-86.018894,40.049822,1067015499,1,2.0,106.0,2,1,0,0,1,0,0,0,0,A,0,0,1,0,1042199
4506874,-86.035936,39.95805,19515481,1,4.0,212.0,1,1,0,0,1,0,0,0,0,A,0,0,1,0,1042199
4506875,-86.047461,39.896811,1279084317,1,2.0,106.0,1,1,0,0,1,0,0,0,0,A,0,0,1,0,1042199
4506876,-86.04111,39.913296,1240873835,1,6.0,318.0,2,1,0,0,1,0,0,0,0,A,0,0,1,0,1042199
4506877,-86.134868,39.879632,709592533,1,4.0,212.0,2,1,0,0,1,0,0,0,0,A,0,0,1,0,1042199
4506878,-86.121238,39.839208,1279159178,1,4.0,212.0,2,1,0,0,1,0,0,0,0,A,0,0,1,0,1042199
4506879,-86.009152,39.84581,1296634785,1,6.0,318.0,2,1,0,0,1,0,0,0,0,A,0,0,1,0,1042199
4506880,-86.011494,39.842816,1279311815,1,8.0,424.0,2,1,0,0,1,0,0,0,0,A,0,0,1,0,1042199
4506892,-86.107569,39.910025,1278961175,1,2.0,106.0,2,1,0,0,1,0,0,0,0,A,0,0,1,0,1042199
4506893,-86.008511,40.037758,1278615877,1,8.0,424.0,2,1,0,0,1,0,0,0,0,A,0,0,1,0,1042199
4506894,-86.072896,40.031981,1220066918,1,6.0,318.0,1,1,0,0,1,0,0,0,0,A,0,0,1,0,1042199
4506895,-86.014009,39.957413,1278782098,1,4.0,212.0,2,1,0,0,1,0,0,0,0,A,0,0,1,0,1042199
4506896,-86.027505,39.935477,1278306826,1,3.0,159.0,2,1,0,0,1,0,0,0,0,A,0,0,1,0,1042199
4506897,-86.037995,39.955397,1278248485,1,2.0,106.0,2,1,0,0,1,0,0,0,0,A,0,0,1,0,1042199
4506898,-86.05127,39.904719,1228436341,1,4.0,212.0,1,1,0,0,1,0,0,0,0,A,0,0,1,0,1042199
4506899,-86.123865,39.867901,1279068873,1,6.0,318.0,2,1,0,0,1,0,0,0,0,A,0,0,1,0,1042199
4506900,-86.124444,39.854614,1279180069,1,4.0,212.0,2,1,0,0,1,0,0,0,0,A,0,0,1,0,1042199
4506901,-85.998166,39.853596,1279245244,1,6.0,318.0,1,1,0,0,1,0,0,0,0,A,0,0,1,0,1042199
4506902,-86.021918,39.837446,1279310002,1,2.0,106.0,2,1,0,0,1,0,0,0,0,A,0,0,1,0,1042199
4506903,-86.050756,39.891507,1365050477,1,2.0,106.0,1,1,0,0,1,0,0,0,0,A,0,0,1,0,1042199
4506924,-86.105925,39.909522,1051584716,1,3.0,159.0,2,1,0,0,1,0,0,0,0,A,0,0,1,0,1042199
4506925,-86.01261,40.034788,1278313404,1,4.0,212.0,1,1,0,0,1,0,0,0,0,A,0,0,1,0,1042199
4506926,-86.045742,40.020374,1291632243,1,4.0,212.0,1,1,0,0,1,0,0,0,0,A,0,0,1,0,1042199
4506927,-86.035761,39.999125,1220146254,1,6.0,318.0,1,1,0,0,1,0,0,0,0,A,0,0,1,0,1042199
4506928,-86.029787,39.934871,1278255060,1,2.0,106.0,1,1,0,0,1,0,0,0,0,A,0,0,1,0,1042199
4506930,-86.045378,39.910776,1279169343,2,16.0,848.0,2,1,0,0,1,0,0,0,0,A,0,0,1,0,1042199
4506931,-86.143046,39.876273,1293449380,1,2.0,106.0,2,1,0,0,1,0,0,0,0,A,0,0,1,0,1042199
4506932,-86.122389,39.838799,1279159171,1,8.0,640.0,1,1,0,0,1,0,0,0,0,A,0,0,1,0,1042199
4506933,-85.994454,39.856646,1279232182,1,4.0,212.0,1,1,0,0,1,0,0,0,0,A,0,0,1,0,1042199
4506934,-86.018107,39.839842,1293456188,1,2.0,106.0,2,1,0,0,1,0,0,0,0,A,0,0,1,0,1042199
4506953,-86.099762,39.910054,125144429,1,3.0,159.0,2,1,0,0,1,0,0,0,0,A,0,0,1,0,1042199
4506955,-86.052318,40.022061,1278453561,1,4.0,212.0,1,1,0,0,1,0,0,0,0,A,0,0,1,0,1042199
4506956,-86.025302,40.00076,1278294466,1,8.0,424.0,1,1,0,0,1,0,0,0,0,A,0,0,1,0,1042199
4506957,-86.026909,39.938741,1278212430,1,8.0,424.0,2,1,0,0,1,0,0,0,0,A,0,0,1,0,1042199
4506958,-86.041672,39.907889,1279163429,1,4.0,212.0,2,1,0,0,1,0,0,0,0,A,0,0,1,0,1042199
4506959,-86.040168,39.916492,1279102086,1,6.0,318.0,2,1,0,0,1,0,0,0,0,A,0,0,1,0,1042199
4506960,-86.134369,39.878007,709592535,1,3.0,159.0,1,1,0,0,1,0,0,0,0,A,0,0,1,0,1042199
4506961,-85.984641,39.854921,1279232833,2,12.0,636.0,1,1,0,0,1,0,0,0,0,A,0,0,1,0,1042199
4506962,-86.026608,39.838378,870256228,1,2.0,106.0,2,1,0,0,1,0,0,0,0,A,0,0,1,0,1042199
4506963,-86.080698,39.877156,1279023952,1,2.0,106.0,1,1,0,0,1,0,0,0,0,A,0,0,1,0,1042199
4506983,-86.106996,39.908579,1278961174,1,6.0,318.0,2,1,0,0,1,0,0,0,0,A,0,0,1,0,1042199
4506984,-85.998523,40.032556,1278362844,1,2.0,106.0,1,1,0,0,1,0,0,0,0,A,0,0,1,0,1042199
4506985,-86.005722,40.010145,1278306340,1,6.0,318.0,1,1,0,0,1,0,0,0,0,A,0,0,1,0,1042199
4506986,-86.04722,40.015104,854873967,1,3.0,159.0,1,1,0,0,1,0,0,0,0,A,0,0,1,0,1042199
4506987,-86.037796,39.961045,1278293183,1,4.0,212.0,2,1,0,0,1,0,0,0,0,A,0,0,1,0,1042199
4506988,-86.023006,39.924471,1050330925,1,8.0,424.0,2,1,0,0,1,0,0,0,0,A,0,0,1,0,1042199
4506989,-86.146955,39.873128,1293449664,1,2.0,106.0,1,1,0,0,1,0,0,0,0,A,0,0,1,0,1042199
4506990,-86.117268,39.852095,1278817212,1,6.0,318.0,2,1,0,0,1,0,0,0,0,A,0,0,1,0,1042199
4506991,-85.998261,39.851382,1279245250,1,2.0,106.0,1,1,0,0,1,0,0,0,0,A,0,0,1,0,1042199
4506992,-86.025249,39.83692,1050317611,1,6.0,318.0,2,1,0,0,1,0,0,0,0,A,0,0,1,0,1042199
4506993,-86.080589,39.873496,1279073695,1,6.0,318.0,2,1,0,0,1,0,0,0,0,A,0,0,1,0,1042199
4507015,-86.02285,40.04945,1278367130,1,2.0,106.0,2,1,0,0,1,0,0,0,0,A,0,0,1,0,1042199
4507016,-86.0058,40.011044,1278305920,1,6.0,318.0,2,1,0,0,1,0,0,0,0,A,0,0,1,0,1042199
4507018,-86.038116,39.92528,1148893264,1,4.0,212.0,2,1,0,0,1,0,0,0,0,A,0,0,1,0,1042199
4507019,-86.040895,39.913461,1240873835,1,4.0,212.0,2,1,0,0,1,0,0,0,0,A,0,0,1,0,1042199
4507020,-86.135545,39.880889,709592533,1,4.0,212.0,1,1,0,0,1,0,0,0,0,A,0,0,1,0,1042199
4507021,-86.120898,39.837757,1278805018,1,3.0,159.0,2,1,0,0,1,0,0,0,0,A,0,0,1,0,1042199
4507022,-85.958087,39.872587,1196411790,1,8.0,424.0,1,1,0,0,1,0,0,0,0,A,0,0,1,0,1042199
4507023,-86.011584,39.843208,1279311815,1,6.0,318.0,2,1,0,0,1,0,0,0,0,A,0,0,1,0,1042199
4507044,-86.008692,40.013868,1278306683,1,4.0,212.0,1,1,0,0,1,0,0,0,0,A,0,0,1,0,1042199
4507045,-86.017762,39.931551,1278254536,1,8.0,424.0,2,1,0,0,1,0,0,0,0,A,0,0,1,0,1042199
4507046,-86.055976,39.933542,711440936,1,3.0,159.0,2,1,0,0,1,0,0,0,0,A,0,0,1,0,1042199
4507047,-86.04485,39.908294,1279171279,1,2.0,106.0,2,1,0,0,1,0,0,0,0,A,0,0,1,0,1042199
4507048,-86.145753,39.832827,1278599276,1,4.0,212.0,1,1,0,0,1,0,0,0,0,A,0,0,1,0,1042199
4507050,-85.994579,39.85663,1279232182,1,6.0,318.0,1,1,0,0,1,0,0,0,0,A,0,0,1,0,1042199
4507051,-86.033677,39.835931,1279244106,1,3.0,159.0,1,1,0,0,1,0,0,0,0,A,0,0,1,0,1042199
4507073,-86.0128,40.047054,1278330194,1,2.0,106.0,2,1,0,0,1,0,0,0,0,A,0,0,1,0,1042199
4507074,-86.007833,40.014838,1278307915,1,6.0,318.0,1,1,0,0,1,0,0,0,0,A,0,0,1,0,1042199
4507075,-86.07318,40.017107,929247282,1,4.0,212.0,1,1,0,0,1,0,0,0,0,A,0,0,1,0,1042199
4507076,-86.041272,39.955368,1220133561,1,6.0,318.0,1,1,0,0,1,0,0,0,0,A,0,0,1,0,1042199
4507077,-86.033891,39.890052,1279294064,1,3.0,159.0,1,1,0,0,1,0,0,0,0,A,0,0,1,0,1042199
4507079,-86.122802,39.839566,1279159176,1,2.0,106.0,1,1,0,0,1,0,0,0,0,A,0,0,1,0,1042199
4507080,-85.95464,39.872685,1279238924,1,4.0,212.0,2,1,0,0,1,0,0,0,0,A,0,0,1,0,1042199
4507081,-86.032377,39.836745,1279181805,1,8.0,424.0,1,1,0,0,1,0,0,0,0,A,0,0,1,0,1042199
4507102,-86.013464,40.052864,711399241,1,4.0,212.0,1,1,0,0,1,0,0,0,0,A,0,0,1,0,1042199
4507103,-86.05826,40.042035,1297400341,1,4.0,212.0,1,1,0,0,1,0,0,0,0,A,0,0,1,0,1042199
4507104,-86.004637,40.003421,1278303163,1,4.0,212.0,2,1,0,0,1,0,0,0,0,A,0,0,1,0,1042199
4507106,-86.044517,39.926181,948613693,1,4.0,212.0,1,1,0,0,1,0,0,0,0,A,0,0,1,0,1042199
4507107,-86.044427,39.90878,1279171279,1,2.0,106.0,2,1,0,0,1,0,0,0,0,A,0,0,1,0,1042199
4507108,-86.146875,39.872915,1278685949,1,4.0,212.0,1,1,0,0,1,0,0,0,0,A,0,0,1,0,1042199
4507109,-86.126727,39.849871,1278818774,1,8.0,424.0,1,1,0,0,1,0,0,0,0,A,0,0,1,0,1042199
4507110,-85.933954,39.88781,1208951638,1,8.0,424.0,2,1,0,0,1,0,0,0,0,A,0,0,1,0,1042199
4507111,-86.012153,39.833874,906619359,1,2.0,106.0,1,1,0,0,1,0,0,0,0,A,0,0,1,0,1042199
4507131,-86.056327,40.042708,1297400247,1,4.0,212.0,2,1,0,0,1,0,0,0,0,A,0,0,1,0,1042199
4507132,-86.006571,40.00338,1278303163,1,3.0,159.0,1,1,0,0,1,0,0,0,0,A,0,0,1,0,1042199
4507133,-86.029518,39.934117,1278212395,1,2.0,106.0,1,1,0,0,1,0,0,0,0,A,0,0,1,0,1042199
4507134,-86.025691,39.923266,1279232087,1,6.0,318.0,2,1,0,0,1,0,0,0,0,A,0,0,1,0,1042199
4507135,-86.041537,39.912099,1279169351,1,6.0,318.0,2,1,0,0,1,0,0,0,0,A,0,0,1,0,1042199
4507137,-86.112109,39.827946,1291436663,1,4.0,212.0,2,1,0,0,1,0,0,0,0,A,0,0,1,0,1042199
4507138,-86.028583,39.847043,1283685176,1,4.0,212.0,1,1,0,0,1,0,0,0,0,A,0,0,1,0,1042199
4507139,-86.034551,39.886294,1283685191,1,4.0,212.0,1,1,0,0,1,0,0,0,0,A,0,0,1,0,1042199
4507158,-86.02035,40.049902,1219933561,1,4.0,212.0,2,1,0,0,1,0,0,0,0,A,0,0,1,0,1042199
4507159,-85.989724,39.979607,856083510,1,2.0,106.0,1,1,0,0,1,0,0,0,0,A,0,0,1,0,1042199
4507161,-86.039737,39.954416,1220133185,1,2.0,106.0,2,1,0,0,1,0,0,0,0,A,0,0,1,0,1042199
4507162,-86.047525,39.9088,1279237869,1,2.0,106.0,1,1,0,0,1,0,0,0,0,A,0,0,1,0,1042199
4507163,-86.120225,39.869188,1051525902,1,6.0,318.0,1,1,0,0,1,0,0,0,0,A,0,0,1,0,1042199
4507164,-86.123008,39.867752,1279068963,1,6.0,318.0,1,1,0,0,1,0,0,0,0,A,0,0,1,0,1042199
4507165,-85.970367,39.861364,1279282281,1,6.0,318.0,2,1,0,0,1,0,0,0,0,A,0,0,1,0,1042199
4507166,-86.046296,39.837594,1279065574,1,4.0,212.0,1,1,0,0,1,0,0,0,0,A,0,0,1,0,1042199
4507167,-86.081181,39.873761,1279073694,1,8.0,424.0,2,1,0,0,1,0,0,0,0,A,0,0,1,0,1042199
4507187,-86.004852,40.002903,1278269730,1,6.0,318.0,2,1,0,0,1,0,0,0,0,A,0,0,1,0,1042199
4507188,-86.028226,39.93745,1278212430,1,8.0,424.0,2,1,0,0,1,0,0,0,0,A,0,0,1,0,1042199
4507189,-86.037445,39.921399,1279101440,1,4.0,212.0,1,1,0,0,1,0,0,0,0,A,0,0,1,0,1042199
4507190,-86.042746,39.913154,809028383,1,4.0,212.0,2,1,0,0,1,0,0,0,0,A,0,0,1,0,1042199
4507191,-86.14558,39.83257,1278599275,1,2.0,106.0,1,1,0,0,1,0,0,0,0,A,0,0,1,0,1042199
4507192,-86.124277,39.836456,1296639710,1,8.0,424.0,2,1,0,0,1,0,0,0,0,A,0,0,1,0,1042199
4507193,-85.975207,39.897503,1050281510,1,6.0,318.0,2,1,0,0,1,0,0,0,0,A,0,0,1,0,1042199
4507194,-86.035955,39.835924,1074309401,1,8.0,424.0,1,1,0,0,1,0,0,0,0,A,0,0,1,0,1042199
4507214,-86.035322,40.010992,1278330043,2,6.0,318.0,1,1,0,0,1,0,0,0,0,A,0,0,1,0,1042199
4507215,-86.030584,39.961608,1278295390,1,4.0,212.0,2,1,0,0,1,0,0,0,0,A,0,0,1,0,1042199
4507216,-86.048983,39.897078,1279084333,1,4.0,212.0,2,1,0,0,1,0,0,0,0,A,0,0,1,0,1042199
4507217,-86.040711,39.913755,1240873834,1,2.0,106.0,1,1,0,0,1,0,0,0,0,A,0,0,1,0,1042199
4507218,-86.134776,39.87914,709592533,1,3.0,159.0,1,1,0,0,1,0,0,0,0,A,0,0,1,0,1042199
4507219,-86.119992,39.836105,1293681806,1,4.0,212.0,1,1,0,0,1,0,0,0,0,A,0,0,1,0,1042199
4507220,-86.043362,39.85428,755277034,1,4.0,212.0,2,1,0,0,1,0,0,0,0,A,0,0,1,0,1042199
4507239,-86.073164,39.90623,125143935,1,8.0,424.0,1,1,0,0,1,0,0,0,0,A,0,0,1,0,1042199
4507240,-86.013936,40.040995,1278366981,1,2.0,106.0,1,1,0,0,1,0,0,0,0,A,0,0,1,0,1042199
4507242,-86.035733,39.999116,1220146254,1,6.0,318.0,1,1,0,0,1,0,0,0,0,A,0,0,1,0,1042199
4507243,-86.029196,39.935835,1278255060,1,4.0,212.0,1,1,0,0,1,0,0,0,0,A,0,0,1,0,1042199
4507244,-86.037487,39.921383,1279101440,1,2.0,106.0,1,1,0,0,1,0,0,0,0,A,0,0,1,0,1042199
4507245,-86.043975,39.908815,1279171279,1,4.0,212.0,2,1,0,0,1,0,0,0,0,A,0,0,1,0,1042199
4507246,-86.14432,39.847429,1278570508,1,3.0,159.0,1,1,0,0,1,0,0,0,0,A,0,0,1,0,1042199
4507247,-86.122349,39.837718,1278821694,1,2.0,106.0,1,1,0,0,1,0,0,0,0,A,0,0,1,0,1042199
4507248,-86.007931,39.85132,1279230500,1,2.0,106.0,2,1,0,0,1,0,0,0,0,A,0,0,1,0,1042199
4507249,-86.045088,39.847567,125159016,1,2.0,106.0,2,1,0,0,1,0,0,0,0,A,0,0,1,0,1042199
4507267,-86.010824,40.033405,1291632319,1,6.0,318.0,2,1,0,0,1,0,0,0,0,A,0,0,1,0,1042199
4507268,-86.030249,40.046071,1278323736,1,4.0,212.0,2,1,0,0,1,0,0,0,0,A,0,0,1,0,1042199
4507269,-86.031494,40.011089,1278330043,1,6.0,318.0,2,1,0,0,1,0,0,0,0,A,0,0,1,0,1042199
4507270,-86.03032,39.935143,1278255060,1,4.0,212.0,1,1,0,0,1,0,0,0,0,A,0,0,1,0,1042199
4507272,-86.054105,39.90589,1279100886,1,4.0,212.0,2,1,0,0,1,0,0,0,0,A,0,0,1,0,1042199
4507273,-86.134468,39.878435,709592533,1,4.0,212.0,1,1,0,0,1,0,0,0,0,A,0,0,1,0,1042199
4507274,-85.989334,39.855317,1296640874,1,8.0,424.0,1,1,0,0,1,0,0,0,0,A,0,0,1,0,1042199
4507275,-86.012215,39.84254,1279311841,1,3.0,159.0,2,1,0,0,1,0,0,0,0,A,0,0,1,0,1042199
4507294,-85.996294,40.031435,1278362885,1,8.0,424.0,2,1,0,0,1,0,0,0,0,A,0,0,1,0,1042199
4507295,-86.005001,40.008389,1278303122,1,6.0,318.0,2,1,0,0,1,0,0,0,0,A,0,0,1,0,1042199
4507296,-86.093756,40.001142,1278479556,1,2.0,106.0,1,1,0,0,1,0,0,0,0,A,0,0,1,0,1042199
4507297,-86.038695,39.961599,1278293201,1,8.0,424.0,2,1,0,0,1,0,0,0,0,A,0,0,1,0,1042199
4507299,-86.040314,39.913746,1240873834,1,4.0,212.0,1,1,0,0,1,0,0,0,0,A,0,0,1,0,1042199
4507300,-86.134464,39.878616,709592535,1,3.0,159.0,1,1,0,0,1,0,0,0,0,A,0,0,1,0,1042199
4507301,-85.986151,39.852408,709497870,1,8.0,424.0,2,1,0,0,1,0,0,0,0,A,0,0,1,0,1042199
4507302,-86.020984,39.837816,1293457690,1,2.0,106.0,2,1,0,0,1,0,0,0,0,A,0,0,1,0,1042199
4507303,-86.043604,39.889314,1279065886,1,2.0,106.0,2,1,0,0,1,0,0,0,0,A,0,0,1,0,1042199
4507320,-86.012799,40.042159,19491230,1,2.0,106.0,2,1,0,0,1,0,0,0,0,A,0,0,1,0,1042199
4507321,-86.060527,40.045028,1278399969,1,2.0,106.0,2,1,0,0,1,0,0,0,0,A,0,0,1,0,1042199
4507322,-86.005412,39.981205,1291683272,1,6.0,318.0,2,1,0,0,1,0,0,0,0,A,0,0,1,0,1042199
4507324,-86.038133,39.955647,1278248488,1,3.0,159.0,2,1,0,0,1,0,0,0,0,A,0,0,1,0,1042199
4507325,-86.049739,39.901661,1279144559,1,2.0,106.0,2,1,0,0,1,0,0,0,0,A,0,0,1,0,1042199
4507327,-86.00878,39.851913,1279230500,1,6.0,318.0,1,1,0,0,1,0,0,0,0,A,0,0,1,0,1042199
4507328,-86.067453,39.841872,1371699917,1,4.0,212.0,2,1,0,0,1,0,0,0,0,A,0,0,1,0,1042199
4507345,-86.01872,40.049804,1067015499,1,2.0,106.0,2,1,0,0,1,0,0,0,0,A,0,0,1,0,1042199
4507346,-86.007477,40.010527,1291633435,1,6.0,318.0,2,1,0,0,1,0,0,0,0,A,0,0,1,0,1042199
4507347,-86.068062,40.001132,1128182835,1,2.0,106.0,1,1,0,0,1,0,0,0,0,A,0,0,1,0,1042199
4507348,-86.041992,39.95378,1220132989,1,2.0,106.0,1,1,0,0,1,0,0,0,0,A,0,0,1,0,1042199
4507349,-86.053828,39.903083,1279098275,1,8.0,424.0,1,1,0,0,1,0,0,0,0,A,0,0,1,0,1042199
4507351,-86.134403,39.877472,709592535,1,4.0,212.0,2,1,0,0,1,0,0,0,0,A,0,0,1,0,1042199
4507352,-85.984241,39.850812,1320899161,1,6.0,318.0,1,1,0,0,1,0,0,0,0,A,0,0,1,0,1042199
4507370,-86.004592,40.012624,1278330450,1,2.0,106.0,2,1,0,0,1,0,0,0,0,A,0,0,1,0,1042199
4507371,-86.075332,40.015774,1328919287,1,4.0,212.0,2,1,0,0,1,0,0,0,0,A,0,0,1,0,1042199
4507372,-86.042594,39.951914,1278253335,1,6.0,318.0,1,1,0,0,1,0,0,0,0,A,0,0,1,0,1042199
4507373,-86.054085,39.902935,1279098273,1,4.0,212.0,1,1,0,0,1,0,0,0,0,A,0,0,1,0,1042199
4507375,-85.992095,39.898531,1050283509,1,4.0,212.0,2,1,0,0,1,0,0,0,0,A,0,0,1,0,1042199
4507376,-86.02897,39.840052,1162436191,1,2.0,106.0,2,1,0,0,1,0,0,0,0,A,0,0,1,0,1042199
4507391,-86.023081,40.050181,1278367116,1,2.0,106.0,2,1,0,0,1,0,0,0,0,A,0,0,1,0,1042199
4507392,-86.007479,40.010161,1278305906,1,6.0,318.0,2,1,0,0,1,0,0,0,0,A,0,0,1,0,1042199
4507394,-86.045322,39.947361,1278268438,1,4.0,212.0,1,1,0,0,1,0,0,0,0,A,0,0,1,0,1042199
4507395,-86.060001,39.901057,1279160715,1,6.0,318.0,2,1,0,0,1,0,0,0,0,A,0,0,1,0,1042199
4507396,-86.106004,39.855456,1197110181,1,8.0,424.0,1,1,0,0,1,0,0,0,0,A,0,0,1,0,1042199
4507397,-86.134576,39.878583,709592533,1,4.0,212.0,1,1,0,0,1,0,0,0,0,A,0,0,1,0,1042199
4507399,-86.028695,39.846643,1279220230,1,8.0,424.0,1,1,0,0,1,0,0,0,0,A,0,0,1,0,1042199
4507416,-86.010637,39.963709,1278304655,1,4.0,212.0,1,1,0,0,1,0,0,0,0,A,0,0,1,0,1042199
4507417,-86.020001,39.928097,1197912606,1,4.0,212.0,1,1,0,0,1,0,0,0,0,A,0,0,1,0,1042199
4507418,-86.0435,39.949953,907515942,1,4.0,212.0,1,1,0,0,1,0,0,0,0,A,0,0,1,0,1042199
4507419,-86.050231,39.904277,1279147349,1,3.0,159.0,2,1,0,0,1,0,0,0,0,A,0,0,1,0,1042199
4507420,-86.126783,39.868213,1279068900,1,6.0,318.0,2,1,0,0,1,0,0,0,0,A,0,0,1,0,1042199
4507421,-86.119762,39.874538,1050264769,1,2.0,106.0,1,1,0,0,1,0,0,0,0,A,0,0,1,0,1042199
4507422,-86.007543,39.860039,1279243957,1,2.0,106.0,1,1,0,0,1,0,0,0,0,A,0,0,1,0,1042199
4507424,-86.078342,39.875241,1279016429,1,2.0,106.0,2,1,0,0,1,0,0,0,0,A,0,0,1,0,1042199
4507440,-86.070182,40.032835,1220063227,1,2.0,106.0,2,1,0,0,1,0,0,0,0,A,0,0,1,0,1042199
4507441,-86.006586,40.007533,1291633114,1,6.0,318.0,2,1,0,0,1,0,0,0,0,A,0,0,1,0,1042199
4507442,-86.028472,39.933982,1278255059,1,4.0,212.0,2,1,0,0,1,0,0,0,0,A,0,0,1,0,1042199
4507443,-86.058529,39.932001,1310078257,1,4.0,212.0,2,1,0,0,1,0,0,0,0,A,0,0,1,0,1042199
4507444,-86.044461,39.908723,1279171279,1,4.0,212.0,2,1,0,0,1,0,0,0,0,A,0,0,1,0,1042199
4507445,-86.142326,39.872082,839141151,1,2.0,106.0,2,1,0,0,1,0,0,0,0,A,0,0,1,0,1042199
4507446,-86.122898,39.863696,1279027703,1,2.0,106.0,1,1,0,0,1,0,0,0,0,A,0,0,1,0,1042199
4507447,-85.980202,39.859582,1279247075,1,6.0,318.0,1,1,0,0,1,0,0,0,0,A,0,0,1,0,1042199
4507448,-86.0219,39.837186,1293456550,1,4.0,212.0,2,1,0,0,1,0,0,0,0,A,0,0,1,0,1042199
4507449,-86.082159,39.876305,1279023932,1,4.0,212.0,1,1,0,0,1,0,0,0,0,A,0,0,1,0,1042199
4507464,-86.02604,40.039036,1220054462,1,6.0,318.0,2,1,0,0,1,0,0,0,0,A,0,0,1,0,1042199
4507465,-86.080449,40.020735,1144966627,1,3.0,159.0,2,1,0,0,1,0,0,0,0,A,0,0,1,0,1042199
4507466,-86.043006,39.955389,1240909797,1,2.0,106.0,1,1,0,0,1,0,0,0,0,A,0,0,1,0,1042199
4507467,-86.052137,39.905594,1279163810,1,4.0,212.0,2,1,0,0,1,0,0,0,0,A,0,0,1,0,1042199
4507468,-86.115956,39.869881,1278826293,1,3.0,159.0,1,1,0,0,1,0,0,0,0,A,0,0,1,0,1042199
4507469,-86.126447,39.858489,19494436,2,16.0,848.0,1,1,0,0,1,0,0,0,0,A,0,0,1,0,1042199
4507470,-86.010775,39.864121,717776108,1,8.0,424.0,1,1,0,0,1,0,0,0,0,A,0,0,1,0,1042199
4507471,-86.042853,39.826901,1279009117,1,8.0,424.0,2,1,0,0,1,0,0,0,0,A,0,0,1,0,1042199
4507487,-86.124184,40.008154,1278309836,1,2.0,106.0,1,1,0,0,1,0,0,0,0,A,0,0,1,0,1042199
4507488,-86.040993,39.95726,1278258376,1,2.0,106.0,2,1,0,0,1,0,0,0,0,A,0,0,1,0,1042199
4507489,-86.035071,39.907781,1279297826,1,2.0,106.0,1,1,0,0,1,0,0,0,0,A,0,0,1,0,1042199
4507491,-86.135146,39.887448,19503443,1,3.0,159.0,2,1,0,0,1,0,0,0,0,A,0,0,1,0,1042199
4507493,-86.026751,39.840367,19468245,1,8.0,424.0,2,1,0,0,1,0,0,0,0,A,0,0,1,0,1042199
4507508,-85.981271,39.931329,16905837,1,2.0,106.0,1,1,0,0,1,0,0,0,0,A,0,0,1,0,1042199
4507509,-86.043269,39.950919,1278298294,1,8.0,424.0,1,1,0,0,1,0,0,0,0,A,0,0,1,0,1042199
4507510,-86.056781,39.900341,1279073311,1,2.0,106.0,2,1,0,0,1,0,0,0,0,A,0,0,1,0,1042199
4507511,-86.12607,39.868222,19464844,1,3.0,159.0,2,1,0,0,1,0,0,0,0,A,0,0,1,0,1042199
4507512,-86.12327,39.849714,1278818777,1,4.0,212.0,1,1,0,0,1,0,0,0,0,A,0,0,1,0,1042199
4507514,-86.04405,39.839531,1279054396,1,4.0,212.0,2,1,0,0,1,0,0,0,0,A,0,0,1,0,1042199
4507530,-86.027768,39.937555,1278212430,1,4.0,212.0,2,1,0,0,1,0,0,0,0,A,0,0,1,0,1042199
4507531,-86.049456,39.897411,1296716750,1,6.0,318.0,1,1,0,0,1,0,0,0,0,A,0,0,1,0,1042199
4507532,-86.055702,39.90677,1196489918,1,6.0,318.0,1,1,0,0,1,0,0,0,0,A,0,0,1,0,1042199
4507533,-86.123826,39.848278,1293454441,1,2.0,106.0,1,1,0,0,1,0,0,0,0,A,0,0,1,0,1042199
4507534,-85.973356,39.897409,1050281520,1,2.0,106.0,2,1,0,0,1,0,0,0,0,A,0,0,1,0,1042199
4507535,-86.01298,39.842029,1279311852,1,6.0,318.0,2,1,0,0,1,0,0,0,0,A,0,0,1,0,1042199
4507550,-86.054674,39.956123,1220164124,1,3.0,159.0,2,1,0,0,1,0,0,0,0,A,0,0,1,0,1042199
4507551,-86.019872,39.903054,1293446171,1,3.0,159.0,2,1,0,0,1,0,0,0,0,A,0,0,1,0,1042199
4507553,-86.121516,39.852177,1197636586,1,6.0,318.0,2,1,0,0,1,0,0,0,0,A,0,0,1,0,1042199
4507554,-86.007253,39.852441,1279230509,1,4.0,212.0,1,1,0,0,1,0,0,0,0,A,0,0,1,0,1042199
4507555,-86.042655,39.839641,1279054382,1,8.0,424.0,1,1,0,0,1,0,0,0,0,A,0,0,1,0,1042199
4507571,-86.042954,39.926426,948613692,1,4.0,212.0,2,1,0,0,1,0,0,0,0,A,0,0,1,0,1042199
4507572,-86.044118,39.909176,1279171279,1,4.0,212.0,2,1,0,0,1,0,0,0,0,A,0,0,1,0,1042199
4507573,-86.145553,39.832585,1228426872,1,2.0,106.0,1,1,0,0,1,0,0,0,0,A,0,0,1,0,1042199
4507574,-86.123886,39.835748,1279344022,1,4.0,212.0,1,1,0,0,1,0,0,0,0,A,0,0,1,0,1042199
4507575,-85.920625,39.896926,103412265,1,10.0,530.0,1,1,0,0,1,0,0,0,0,A,0,0,1,0,1042199
4507576,-86.035186,39.835102,1278946057,1,8.0,424.0,1,1,0,0,1,0,0,0,0,A,0,0,1,0,1042199
4507592,-86.055321,39.902898,1279098244,1,4.0,212.0,1,1,0,0,1,0,0,0,0,A,0,0,1,0,1042199
4507593,-86.098698,39.854234,1283684091,1,8.0,424.0,2,1,0,0,1,0,0,0,0,A,0,0,1,0,1042199
4507594,-86.13555,39.868862,1278675208,1,4.0,212.0,1,1,0,0,1,0,0,0,0,A,0,0,1,0,1042199
4507595,-85.977417,39.860642,1279245387,1,8.0,424.0,2,1,0,0,1,0,0,0,0,A,0,0,1,0,1042199
4507597,-86.084947,39.855987,756477325,1,4.0,212.0,2,1,0,0,1,0,0,0,0,A,0,0,1,0,1042199
4507612,-86.146973,39.873725,1278611528,1,3.0,159.0,1,1,0,0,1,0,0,0,0,A,0,0,1,0,1042199
4507614,-86.008238,39.852492,1279228312,1,6.0,318.0,2,1,0,0,1,0,0,0,0,A,0,0,1,0,1042199
4507615,-86.029425,39.839811,1279184309,1,2.0,106.0,2,1,0,0,1,0,0,0,0,A,0,0,1,0,1042199
11162336,-87.872917,44.886875,00005557-4900-0400-0000-0000000c7972,2,12.0,360.0,2,1,0,0,0,1,0,0,0,A,0,0,1,0,1027633
11162360,-87.871363,44.888281,825f5ba4-565a-4dc4-b12b-405a9194b9ee,1,8.0,240.0,1,1,0,0,0,1,0,0,0,A,0,0,1,0,1027633
11164155,-88.046299,44.950053,00005557-4900-0400-0000-0000000c6b15,1,2.0,60.0,2,1,0,0,0,1,0,0,0,A,0,0,1,0,1027633
11164156,-88.043438,44.95093,975c52be-ac40-48ab-8605-bfc5b3e464cf,1,4.0,120.0,1,1,0,0,0,1,0,0,0,A,0,0,1,0,1027633
11164160,-88.049772,44.953408,00005557-4900-0400-0000-0000000c6b09,1,6.0,180.0,2,1,0,0,0,1,0,0,0,A,0,0,1,0,1027633
11164166,-88.050788,44.950731,00005557-4900-0400-0000-000000176c5d,1,6.0,180.0,1,1,0,0,0,1,0,0,0,A,0,0,1,0,1027633
11164170,-88.048266,44.948063,00005557-4900-0400-0000-0000000c6ab8,1,6.0,180.0,1,1,0,0,0,1,0,0,0,A,0,0,1,0,1027633
11164232,-87.885255,44.883208,00005557-4900-0400-0000-0000000c7b79,1,6.0,180.0,1,1,0,0,0,1,0,0,0,A,0,0,1,0,1027633
11164235,-87.867461,44.886346,00005557-4900-0400-0000-0000000c7988,1,6.0,180.0,1,1,0,0,0,1,0,0,0,A,0,0,1,0,1027633
11164242,-87.883721,44.884457,bb512ef7-c6a3-4542-90ad-9605cd51b2ae,1,6.0,180.0,2,1,0,0,0,1,0,0,0,A,0,0,1,0,1027633
11164248,-87.870051,44.887325,00005557-4900-0400-0000-000000176f5a,1,4.0,120.0,1,1,0,0,0,1,0,0,0,A,0,0,1,0,1027633
11164268,-87.87091,44.886619,00005557-4900-0400-0000-0000000c7b45,1,6.0,180.0,2,1,0,0,0,1,0,0,0,A,0,0,1,0,1027633
11164274,-87.895725,44.892627,81c96e2e-f438-4329-91fb-1bf0887ece1d,4,8.0,240.0,2,1,0,0,0,1,0,0,0,A,0,0,1,0,1027633
11164276,-87.885161,44.893621,abc394b4-0185-430c-aef6-a9d4fa927879,1,2.0,60.0,1,1,0,0,0,1,0,0,0,A,0,0,1,0,1027633
11164278,-87.878642,44.886505,00005557-4900-0400-0000-0000000c7945,1,4.0,120.0,1,1,0,0,0,1,0,0,0,A,0,0,1,0,1027633
11164285,-88.032449,44.951438,00005557-4900-0400-0000-0000001cad64,1,6.0,180.0,2,1,0,0,0,1,0,0,0,A,0,0,1,0,1027633
11164293,-87.884424,44.883905,fb405583-c574-450a-a880-aa601139e991,1,2.0,60.0,1,1,0,0,0,1,0,0,0,A,0,0,1,0,1027633
11164338,-87.888592,44.878481,00005557-4900-0400-0000-0000001bfd4c,1,2.0,60.0,1,1,0,0,0,1,0,0,0,A,0,0,1,0,1027633
11164497,-87.8645473,44.8872124,00005557-4900-0400-0000-0000000c7a15,1,4.0,120.0,2,1,0,0,0,1,0,0,0,A,0,0,1,0,1027633
4506850,-86.108294,40.041391,1067012071,1,8.0,424.0,2,1,0,0,0,1,0,0,0,A,0,0,1,0,1042199
4506851,-86.105208,40.169497,35258860,1,4.0,212.0,1,1,0,0,0,1,0,0,0,A,0,0,1,0,1042199
4506852,-86.003964,40.013705,1278330482,1,4.0,212.0,2,1,0,0,0,1,0,0,0,A,0,0,1,0,1042199
4506853,-86.059906,39.929808,1220160225,1,8.0,424.0,2,1,0,0,0,1,0,0,0,A,0,0,1,0,1042199
4506881,-86.105443,39.929869,1278254588,1,6.0,318.0,1,1,0,0,0,1,0,0,0,A,0,0,1,0,1042199
4506882,-86.106798,40.044503,1308388307,1,8.0,424.0,1,1,0,0,0,1,0,0,0,A,0,0,1,0,1042199
4506883,-86.014588,39.93428,1278239191,1,6.0,318.0,1,1,0,0,0,1,0,0,0,A,0,0,1,0,1042199
4506884,-86.089836,39.97986,1220038996,1,3.0,159.0,1,1,0,0,0,1,0,0,0,A,0,0,1,0,1042199
4506904,-85.998987,40.023937,1278358428,1,8.0,424.0,1,1,0,0,0,1,0,0,0,A,0,0,1,0,1042199
4506907,-86.005622,39.981227,1278268258,1,2.0,106.0,2,1,0,0,0,1,0,0,0,A,0,0,1,0,1042199
4506908,-86.052747,39.906909,1279163827,1,8.0,424.0,2,1,0,0,0,1,0,0,0,A,0,0,1,0,1042199
4506910,-85.977049,39.860023,1197406178,1,4.0,212.0,2,1,0,0,0,1,0,0,0,A,0,0,1,0,1042199
4506911,-85.990388,39.885354,27676532,1,2.0,106.0,1,1,0,0,0,1,0,0,0,A,0,0,1,0,1042199
4506913,-86.045521,39.845965,19467497,1,6.0,318.0,2,1,0,0,0,1,0,0,0,A,0,0,1,0,1042199
4506914,-86.074095,39.878439,1279016422,1,2.0,106.0,1,1,0,0,0,1,0,0,0,A,0,0,1,0,1042199
4506915,-86.08486,39.869209,1278824388,1,8.0,424.0,1,1,0,0,0,1,0,0,0,A,0,0,1,0,1042199
4506936,-86.126418,40.009164,1278310384,1,6.0,318.0,1,1,0,0,0,1,0,0,0,A,0,0,1,0,1042199
4506938,-85.981663,39.974234,1219929280,1,6.0,318.0,1,1,0,0,0,1,0,0,0,A,0,0,1,0,1042199
4506939,-86.053367,39.936421,1220142216,1,6.0,318.0,2,1,0,0,0,1,0,0,0,A,0,0,1,0,1042199
4506941,-86.126714,39.852152,1296949463,1,4.0,212.0,1,1,0,0,0,1,0,0,0,A,0,0,1,0,1042199
4506942,-85.984792,39.847668,1320898386,1,2.0,106.0,2,1,0,0,0,1,0,0,0,A,0,0,1,0,1042199
4506943,-86.028346,39.835303,1279242396,1,2.0,106.0,2,1,0,0,0,1,0,0,0,A,0,0,1,0,1042199
4506944,-86.034086,39.835871,1279245179,1,2.0,106.0,2,1,0,0,0,1,0,0,0,A,0,0,1,0,1042199
4506945,-86.073806,39.878704,1279016422,1,4.0,212.0,1,1,0,0,0,1,0,0,0,A,0,0,1,0,1042199
4506946,-86.095266,39.870101,1050566682,1,6.0,318.0,2,1,0,0,0,1,0,0,0,A,0,0,1,0,1042199
4506964,-86.014178,40.047127,1278330195,1,2.0,106.0,1,1,0,0,0,1,0,0,0,A,0,0,1,0,1042199
4506965,-86.084503,40.064474,1278450755,1,8.0,424.0,2,1,0,0,0,1,0,0,0,A,0,0,1,0,1042199
4506966,-86.027256,39.938248,1278212430,1,6.0,318.0,2,1,0,0,0,1,0,0,0,A,0,0,1,0,1042199
4506968,-86.117129,39.869057,1278826286,1,4.0,212.0,1,1,0,0,0,1,0,0,0,A,0,0,1,0,1042199
4506972,-86.015519,39.840958,1279310046,1,4.0,212.0,2,1,0,0,0,1,0,0,0,A,0,0,1,0,1042199
4506974,-86.083226,39.897887,1197501893,1,2.0,106.0,1,1,0,0,0,1,0,0,0,A,0,0,1,0,1042199
4506975,-86.042376,39.889268,1279069281,1,2.0,106.0,1,1,0,0,0,1,0,0,0,A,0,0,1,0,1042199
4506994,-86.002937,40.039986,1278370620,1,4.0,212.0,1,1,0,0,0,1,0,0,0,A,0,0,1,0,1042199
4506996,-86.014647,39.933828,1186190559,1,4.0,212.0,1,1,0,0,0,1,0,0,0,A,0,0,1,0,1042199
4506997,-86.007641,40.001256,1278373140,1,4.0,212.0,1,1,0,0,0,1,0,0,0,A,0,0,1,0,1042199
4506998,-86.05491,39.900966,1279098204,1,6.0,318.0,2,1,0,0,0,1,0,0,0,A,0,0,1,0,1042199
4506999,-86.145836,39.873393,1197316963,1,6.0,318.0,2,1,0,0,0,1,0,0,0,A,0,0,1,0,1042199
4507000,-85.978956,39.860527,1279245391,1,2.0,106.0,2,1,0,0,0,1,0,0,0,A,0,0,1,0,1042199
4507002,-86.010438,39.846023,1293455128,1,4.0,212.0,1,1,0,0,0,1,0,0,0,A,0,0,1,0,1042199
4507005,-86.058478,39.893729,19503104,1,6.0,318.0,1,1,0,0,0,1,0,0,0,A,0,0,1,0,1042199
4507025,-86.105617,40.043598,1278211278,1,6.0,318.0,2,1,0,0,0,1,0,0,0,A,0,0,1,0,1042199
4507026,-86.019833,39.953332,1278459351,1,4.0,212.0,2,1,0,0,0,1,0,0,0,A,0,0,1,0,1042199
4507027,-86.057511,39.902261,1279086903,1,8.0,424.0,1,1,0,0,0,1,0,0,0,A,0,0,1,0,1042199
4507028,-86.142441,39.868829,1278662515,1,4.0,212.0,2,1,0,0,0,1,0,0,0,A,0,0,1,0,1042199
4507030,-85.955053,39.871622,1279238929,1,8.0,424.0,2,1,0,0,0,1,0,0,0,A,0,0,1,0,1042199
4507031,-86.00955,39.860887,1279234209,1,4.0,212.0,2,1,0,0,0,1,0,0,0,A,0,0,1,0,1042199
4507032,-86.076628,39.880838,1296874992,1,2.0,106.0,1,1,0,0,0,1,0,0,0,A,0,0,1,0,1042199
4507033,-86.083569,39.874827,1279055617,1,3.0,159.0,2,1,0,0,0,1,0,0,0,A,0,0,1,0,1042199
4507052,-86.080804,39.926667,1197695305,1,2.0,106.0,1,1,0,0,0,1,0,0,0,A,0,0,1,0,1042199
4507053,-86.023656,40.048831,1278368665,1,2.0,106.0,2,1,0,0,0,1,0,0,0,A,0,0,1,0,1042199
4507056,-86.038479,39.91945,1279153435,1,4.0,212.0,2,1,0,0,0,1,0,0,0,A,0,0,1,0,1042199
4507057,-86.121308,39.870321,1122117534,1,8.0,424.0,2,1,0,0,0,1,0,0,0,A,0,0,1,0,1042199
4507058,-86.121265,39.85076,1278801599,1,4.0,212.0,1,1,0,0,0,1,0,0,0,A,0,0,1,0,1042199
4507059,-85.998114,39.85206,1279245251,1,3.0,159.0,1,1,0,0,0,1,0,0,0,A,0,0,1,0,1042199
4507060,-86.030724,39.83824,1279181825,1,6.0,318.0,1,1,0,0,0,1,0,0,0,A,0,0,1,0,1042199
4507062,-86.073421,39.879116,1279016422,1,3.0,159.0,1,1,0,0,0,1,0,0,0,A,0,0,1,0,1042199
4507063,-86.095251,39.869962,1050566682,1,10.0,530.0,2,1,0,0,0,1,0,0,0,A,0,0,1,0,1042199
4507064,-86.044294,39.88542,1279061071,1,8.0,424.0,1,1,0,0,0,1,0,0,0,A,0,0,1,0,1042199
4507082,-86.06926,39.911787,19500727,1,2.0,106.0,2,1,0,0,0,1,0,0,0,A,0,0,1,0,1042199
4507083,-86.117511,40.043677,711190803,1,6.0,318.0,1,1,0,0,0,1,0,0,0,A,0,0,1,0,1042199
4507085,-86.00501,40.012233,1278306328,1,4.0,212.0,2,1,0,0,0,1,0,0,0,A,0,0,1,0,1042199
4507086,-86.043641,39.916242,1279102014,1,4.0,212.0,1,1,0,0,0,1,0,0,0,A,0,0,1,0,1042199
4507087,-86.121307,39.867926,1279068979,1,8.0,424.0,2,1,0,0,0,1,0,0,0,A,0,0,1,0,1042199
4507088,-86.124533,39.850487,1278801551,1,6.0,318.0,1,1,0,0,0,1,0,0,0,A,0,0,1,0,1042199
4507089,-85.917094,39.889974,1208867343,1,6.0,318.0,2,1,0,0,0,1,0,0,0,A,0,0,1,0,1042199
4507091,-86.04473,39.832064,1279241535,1,2.0,106.0,1,1,0,0,0,1,0,0,0,A,0,0,1,0,1042199
4507112,-86.105251,39.926103,1197919411,1,4.0,212.0,2,1,0,0,0,1,0,0,0,A,0,0,1,0,1042199
4507113,-86.03142,40.038379,19491379,2,8.0,424.0,1,1,0,0,0,1,0,0,0,A,0,0,1,0,1042199
4507114,-86.120422,40.162543,1231519752,1,8.0,424.0,1,1,0,0,0,1,0,0,0,A,0,0,1,0,1042199
4507115,-86.004011,40.011972,1278306328,1,4.0,212.0,2,1,0,0,0,1,0,0,0,A,0,0,1,0,1042199
4507116,-86.042685,39.91324,1262232068,1,8.0,424.0,2,1,0,0,0,1,0,0,0,A,0,0,1,0,1042199
4507117,-86.121158,39.874507,1050264795,1,8.0,424.0,1,1,0,0,0,1,0,0,0,A,0,0,1,0,1042199
4507118,-86.122545,39.849645,1293453900,1,2.0,106.0,1,1,0,0,0,1,0,0,0,A,0,0,1,0,1042199
4507119,-85.957682,39.904736,1197312684,1,4.0,212.0,1,1,0,0,0,1,0,0,0,A,0,0,1,0,1042199
4507121,-86.05644,39.842822,1279049921,1,2.0,106.0,1,1,0,0,0,1,0,0,0,A,0,0,1,0,1042199
4507122,-86.082792,39.875368,1279055619,1,2.0,106.0,2,1,0,0,0,1,0,0,0,A,0,0,1,0,1042199
4507123,-86.058004,39.892403,1115275111,1,2.0,106.0,1,1,0,0,0,1,0,0,0,A,0,0,1,0,1042199
4507140,-86.106882,39.927744,1283483416,1,8.0,424.0,2,1,0,0,0,1,0,0,0,A,0,0,1,0,1042199
4507141,-86.066021,40.043982,1278474761,1,4.0,212.0,1,1,0,0,0,1,0,0,0,A,0,0,1,0,1042199
4507142,-86.027094,39.938589,1278212430,1,8.0,424.0,2,1,0,0,0,1,0,0,0,A,0,0,1,0,1042199
4507143,-86.050868,39.897558,1279076747,1,4.0,212.0,1,1,0,0,0,1,0,0,0,A,0,0,1,0,1042199
4507144,-86.145769,39.872894,1197316962,1,6.0,318.0,2,1,0,0,0,1,0,0,0,A,0,0,1,0,1042199
4507145,-85.979845,39.860519,1279245390,1,2.0,106.0,2,1,0,0,0,1,0,0,0,A,0,0,1,0,1042199
4507147,-86.012838,39.857444,1296702163,1,8.0,424.0,2,1,0,0,0,1,0,0,0,A,0,0,1,0,1042199
4507168,-86.012944,40.043448,1297407791,1,6.0,318.0,2,1,0,0,0,1,0,0,0,A,0,0,1,0,1042199
4507169,-86.012881,40.046277,1067233611,1,2.0,106.0,2,1,0,0,0,1,0,0,0,A,0,0,1,0,1042199
4507170,-86.002538,39.979572,1278398832,1,2.0,106.0,1,1,0,0,0,1,0,0,0,A,0,0,1,0,1042199
4507171,-85.998311,40.02175,1278563633,1,8.0,424.0,2,1,0,0,0,1,0,0,0,A,0,0,1,0,1042199
4507172,-86.052609,39.904099,1050379995,1,2.0,106.0,1,1,0,0,0,1,0,0,0,A,0,0,1,0,1042199
4507173,-86.120973,39.849811,1293682557,1,2.0,106.0,2,1,0,0,0,1,0,0,0,A,0,0,1,0,1042199
4507176,-86.031381,39.83345,1279180625,1,4.0,212.0,2,1,0,0,0,1,0,0,0,A,0,0,1,0,1042199
4507177,-86.07388,39.87972,1296875266,1,2.0,106.0,1,1,0,0,0,1,0,0,0,A,0,0,1,0,1042199
4507178,-86.095643,39.870291,1050566682,1,2.0,106.0,2,1,0,0,0,1,0,0,0,A,0,0,1,0,1042199
4507195,-86.064323,39.933894,19498764,1,8.0,424.0,1,1,0,0,0,1,0,0,0,A,0,0,1,0,1042199
4507196,-86.068709,40.043941,814280651,1,8.0,424.0,1,1,0,0,0,1,0,0,0,A,0,0,1,0,1042199
4507198,-86.006066,40.008108,1278303112,1,8.0,424.0,1,1,0,0,0,1,0,0,0,A,0,0,1,0,1042199
4507199,-86.047401,39.901755,1241716068,1,4.0,212.0,1,1,0,0,0,1,0,0,0,A,0,0,1,0,1042199
4507200,-86.122882,39.887741,1162462935,1,6.0,318.0,1,1,0,0,0,1,0,0,0,A,0,0,1,0,1042199
4507201,-86.100621,39.849202,19466817,1,8.0,424.0,2,1,0,0,0,1,0,0,0,A,0,0,1,0,1042199
4507202,-86.014835,39.886724,1279301823,1,2.0,106.0,2,1,0,0,0,1,0,0,0,A,0,0,1,0,1042199
4507203,-86.009254,39.842472,1279234004,1,8.0,424.0,2,1,0,0,0,1,0,0,0,A,0,0,1,0,1042199
4507205,-86.081003,39.877653,1279055635,1,2.0,106.0,1,1,0,0,0,1,0,0,0,A,0,0,1,0,1042199
4507222,-86.014271,40.047048,1148898540,1,2.0,106.0,1,1,0,0,0,1,0,0,0,A,0,0,1,0,1042199
4507223,-86.126584,40.110342,1291191048,2,16.0,848.0,2,1,0,0,0,1,0,0,0,A,0,0,1,0,1042199
4507224,-86.017612,39.955976,1220151724,1,8.0,424.0,2,1,0,0,0,1,0,0,0,A,0,0,1,0,1042199
4507225,-85.995897,39.913309,1279287850,1,4.0,212.0,1,1,0,0,0,1,0,0,0,A,0,0,1,0,1042199
4507226,-86.050018,39.906974,1293643044,1,3.0,159.0,1,1,0,0,0,1,0,0,0,A,0,0,1,0,1042199
4507227,-86.124605,39.837711,19468626,1,8.0,424.0,1,1,0,0,0,1,0,0,0,A,0,0,1,0,1042199
4507228,-85.978441,39.862382,1279245387,1,6.0,318.0,1,1,0,0,0,1,0,0,0,A,0,0,1,0,1042199
4507229,-85.954713,39.872124,1279238918,1,6.0,318.0,2,1,0,0,0,1,0,0,0,A,0,0,1,0,1042199
4507230,-85.954666,39.872551,1279238923,1,4.0,212.0,2,1,0,0,0,1,0,0,0,A,0,0,1,0,1042199
4507231,-86.07625,39.880717,1296874992,1,4.0,212.0,1,1,0,0,0,1,0,0,0,A,0,0,1,0,1042199
4507232,-86.081141,39.877687,1279055634,1,2.0,106.0,1,1,0,0,0,1,0,0,0,A,0,0,1,0,1042199
4507233,-86.044114,39.888703,1279065887,1,2.0,106.0,2,1,0,0,0,1,0,0,0,A,0,0,1,0,1042199
4507250,-86.096056,39.906532,1196911284,1,4.0,212.0,1,1,0,0,0,1,0,0,0,A,0,0,1,0,1042199
4507251,-86.013327,40.04474,1297407926,1,2.0,106.0,1,1,0,0,0,1,0,0,0,A,0,0,1,0,1042199
4507252,-86.048034,40.061828,1278323778,1,8.0,424.0,2,1,0,0,0,1,0,0,0,A,0,0,1,0,1042199
4507253,-86.044659,39.947902,1278268439,1,2.0,106.0,1,1,0,0,0,1,0,0,0,A,0,0,1,0,1042199
4507254,-85.995688,39.910859,1279287884,1,6.0,318.0,1,1,0,0,0,1,0,0,0,A,0,0,1,0,1042199
4507255,-86.051895,39.90463,1279163815,1,4.0,212.0,1,1,0,0,0,1,0,0,0,A,0,0,1,0,1042199
4507256,-86.129217,39.84059,19468148,1,2.0,106.0,1,1,0,0,0,1,0,0,0,A,0,0,1,0,1042199
4507257,-86.001987,39.86351,1279229457,1,2.0,106.0,1,1,0,0,0,1,0,0,0,A,0,0,1,0,1042199
4507258,-85.958637,39.875967,19494301,1,8.0,424.0,1,1,0,0,0,1,0,0,0,A,0,0,1,0,1042199
4507259,-86.063821,39.840954,1279092729,1,2.0,106.0,1,1,0,0,0,1,0,0,0,A,0,0,1,0,1042199
4507260,-86.070338,39.883895,1279098973,1,2.0,106.0,1,1,0,0,0,1,0,0,0,A,0,0,1,0,1042199
4507261,-86.047617,39.895305,1279084317,1,2.0,106.0,2,1,0,0,0,1,0,0,0,A,0,0,1,0,1042199
4507276,-86.083421,39.92626,1279095196,1,4.0,212.0,2,1,0,0,0,1,0,0,0,A,0,0,1,0,1042199
4507277,-86.126469,40.019043,1336026827,1,2.0,106.0,1,1,0,0,0,1,0,0,0,A,0,0,1,0,1042199
4507278,-85.997061,40.063858,1278319046,1,8.0,424.0,1,1,0,0,0,1,0,0,0,A,0,0,1,0,1042199
4507279,-86.005408,39.98276,1291641832,1,8.0,424.0,2,1,0,0,0,1,0,0,0,A,0,0,1,0,1042199
4507281,-86.145339,39.876493,1278685956,1,2.0,106.0,1,1,0,0,0,1,0,0,0,A,0,0,1,0,1042199
4507282,-85.978653,39.860422,1279245387,1,2.0,106.0,2,1,0,0,0,1,0,0,0,A,0,0,1,0,1042199
4507283,-86.030657,39.835717,1279180272,1,2.0,106.0,1,1,0,0,0,1,0,0,0,A,0,0,1,0,1042199
4507285,-86.074967,39.880015,1296874994,1,6.0,318.0,1,1,0,0,0,1,0,0,0,A,0,0,1,0,1042199
4507286,-86.090834,39.868964,1293682982,1,8.0,424.0,1,1,0,0,0,1,0,0,0,A,0,0,1,0,1042199
4507304,-86.012917,40.044269,1278369810,1,6.0,318.0,2,1,0,0,0,1,0,0,0,A,0,0,1,0,1042199
4507305,-85.992914,40.046872,1278373949,1,4.0,212.0,1,1,0,0,0,1,0,0,0,A,0,0,1,0,1042199
4507306,-86.031162,39.936724,1278311869,1,6.0,318.0,2,1,0,0,0,1,0,0,0,A,0,0,1,0,1042199
4507307,-86.034403,39.916548,1295716848,1,4.0,212.0,1,1,0,0,0,1,0,0,0,A,0,0,1,0,1042199
4507308,-86.051827,39.904785,1279102144,1,4.0,212.0,1,1,0,0,0,1,0,0,0,A,0,0,1,0,1042199
4507309,-86.123046,39.846472,1278820251,1,4.0,212.0,1,1,0,0,0,1,0,0,0,A,0,0,1,0,1042199
4507310,-85.998662,39.863347,1279229517,1,2.0,106.0,1,1,0,0,0,1,0,0,0,A,0,0,1,0,1042199
4507311,-86.02937,39.838098,1279181791,1,6.0,318.0,2,1,0,0,0,1,0,0,0,A,0,0,1,0,1042199
4507312,-86.034362,39.835607,1279245178,1,6.0,318.0,2,1,0,0,0,1,0,0,0,A,0,0,1,0,1042199
4507315,-86.04673,39.876105,1196408716,1,4.0,212.0,1,1,0,0,0,1,0,0,0,A,0,0,1,0,1042199
4507329,-86.082607,39.907151,19501365,1,8.0,424.0,2,1,0,0,0,1,0,0,0,A,0,0,1,0,1042199
4507330,-86.0104,40.034915,1278368084,1,6.0,318.0,1,1,0,0,0,1,0,0,0,A,0,0,1,0,1042199
4507331,-86.028705,40.05129,1067005378,1,3.0,159.0,1,1,0,0,0,1,0,0,0,A,0,0,1,0,1042199
4507332,-86.00831,40.013171,1278307911,1,3.0,159.0,1,1,0,0,0,1,0,0,0,A,0,0,1,0,1042199
4507333,-86.036436,39.905918,1279161958,1,4.0,212.0,1,1,0,0,0,1,0,0,0,A,0,0,1,0,1042199
4507334,-86.118929,39.889661,1279178870,1,6.0,318.0,1,1,0,0,0,1,0,0,0,A,0,0,1,0,1042199
4507335,-86.119606,39.842617,1278805150,2,12.0,636.0,1,1,0,0,0,1,0,0,0,A,0,0,1,0,1042199
4507336,-85.974415,39.896965,1279248210,1,8.0,424.0,2,1,0,0,0,1,0,0,0,A,0,0,1,0,1042199
4507338,-86.045204,39.838292,1287362029,1,8.0,424.0,2,1,0,0,0,1,0,0,0,A,0,0,1,0,1042199
4507339,-86.07445,39.879068,1279016422,1,2.0,106.0,1,1,0,0,0,1,0,0,0,A,0,0,1,0,1042199
4507340,-86.082745,39.869023,1278824131,1,6.0,318.0,1,1,0,0,0,1,0,0,0,A,0,0,1,0,1042199
4507354,-86.106877,39.908611,1278961174,1,8.0,424.0,2,1,0,0,0,1,0,0,0,A,0,0,1,0,1042199
4507355,-86.078582,40.047536,1297398557,1,8.0,424.0,2,1,0,0,0,1,0,0,0,A,0,0,1,0,1042199
4507356,-86.032704,40.08283,1309142912,1,4.0,212.0,2,1,0,0,0,1,0,0,0,A,0,0,1,0,1042199
4507357,-86.020247,39.99246,1220142704,1,2.0,106.0,1,1,0,0,0,1,0,0,0,A,0,0,1,0,1042199
4507358,-86.04866,39.905618,1279156444,1,3.0,159.0,1,1,0,0,0,1,0,0,0,A,0,0,1,0,1042199
4507359,-86.145629,39.861991,1293451679,1,4.0,212.0,2,1,0,0,0,1,0,0,0,A,0,0,1,0,1042199
4507361,-86.012319,39.879867,1197430741,1,6.0,318.0,2,1,0,0,0,1,0,0,0,A,0,0,1,0,1042199
4507362,-86.039002,39.864459,1371704240,1,6.0,318.0,1,1,0,0,0,1,0,0,0,A,0,0,1,0,1042199
4507363,-86.074611,39.880979,1296875255,1,2.0,106.0,1,1,0,0,0,1,0,0,0,A,0,0,1,0,1042199
4507364,-86.067755,39.880702,1050275148,1,2.0,106.0,2,1,0,0,0,1,0,0,0,A,0,0,1,0,1042199
4507365,-86.058945,39.893204,19503108,1,2.0,106.0,1,1,0,0,0,1,0,0,0,A,0,0,1,0,1042199
4507377,-86.073766,39.909862,1051459973,1,2.0,106.0,1,1,0,0,0,1,0,0,0,A,0,0,1,0,1042199
4507378,-86.011966,40.047066,1278330197,1,2.0,106.0,2,1,0,0,0,1,0,0,0,A,0,0,1,0,1042199
4507379,-86.127219,40.111109,1291191048,2,16.0,848.0,2,1,0,0,0,1,0,0,0,A,0,0,1,0,1042199
4507380,-86.011322,39.961596,1278455803,1,2.0,106.0,1,1,0,0,0,1,0,0,0,A,0,0,1,0,1042199
4507381,-86.035338,39.916439,1279225671,1,3.0,159.0,2,1,0,0,0,1,0,0,0,A,0,0,1,0,1042199
4507382,-86.121126,39.869301,1278958897,1,6.0,318.0,1,1,0,0,0,1,0,0,0,A,0,0,1,0,1042199
4507383,-86.121201,39.851078,1228436252,1,3.0,159.0,2,1,0,0,0,1,0,0,0,A,0,0,1,0,1042199
4507384,-85.925528,39.892669,1292843930,1,3.0,159.0,2,1,0,0,0,1,0,0,0,A,0,0,1,0,1042199
4507387,-86.074412,39.879629,1296875266,1,4.0,212.0,1,1,0,0,0,1,0,0,0,A,0,0,1,0,1042199
4507388,-86.049228,39.895061,1279084333,1,6.0,318.0,1,1,0,0,0,1,0,0,0,A,0,0,1,0,1042199
4507401,-85.996474,40.039889,1241774732,1,6.0,318.0,1,1,0,0,0,1,0,0,0,A,0,0,1,0,1042199
4507402,-86.027184,40.050339,1067005378,1,3.0,159.0,1,1,0,0,0,1,0,0,0,A,0,0,1,0,1042199
4507403,-86.008912,39.962159,1278452950,1,6.0,318.0,1,1,0,0,0,1,0,0,0,A,0,0,1,0,1042199
4507405,-86.122889,39.883893,1279158055,1,6.0,318.0,1,1,0,0,0,1,0,0,0,A,0,0,1,0,1042199
4507406,-86.126384,39.849888,1278818774,1,2.0,106.0,1,1,0,0,0,1,0,0,0,A,0,0,1,0,1042199
4507407,-85.973792,39.867644,1279285446,1,2.0,106.0,1,1,0,0,0,1,0,0,0,A,0,0,1,0,1042199
4507408,-86.015128,39.856011,1293452906,1,6.0,318.0,1,1,0,0,0,1,0,0,0,A,0,0,1,0,1042199
4507410,-86.074631,39.880231,1296875265,1,2.0,106.0,1,1,0,0,0,1,0,0,0,A,0,0,1,0,1042199
4507411,-86.044807,39.88541,1279069306,1,3.0,159.0,2,1,0,0,0,1,0,0,0,A,0,0,1,0,1042199
4507425,-85.998688,40.032702,1278362844,1,2.0,106.0,1,1,0,0,0,1,0,0,0,A,0,0,1,0,1042199
4507427,-85.9838,39.929987,1278258421,1,4.0,212.0,2,1,0,0,0,1,0,0,0,A,0,0,1,0,1042199
4507428,-86.009639,39.980518,1278246988,1,8.0,640.0,1,1,0,0,0,1,0,0,0,A,0,0,1,0,1042199
4507429,-86.055368,39.899696,1279061379,1,4.0,212.0,2,1,0,0,0,1,0,0,0,A,0,0,1,0,1042199
4507430,-86.122441,39.844071,1278824515,1,3.0,159.0,1,1,0,0,0,1,0,0,0,A,0,0,1,0,1042199
4507432,-85.954879,39.871608,1279238929,1,2.0,106.0,2,1,0,0,0,1,0,0,0,A,0,0,1,0,1042199
4507433,-86.009494,39.857384,1279249563,1,4.0,212.0,1,1,0,0,0,1,0,0,0,A,0,0,1,0,1042199
4507434,-86.048301,39.83808,1279065558,1,4.0,212.0,1,1,0,0,0,1,0,0,0,A,0,0,1,0,1042199
4507436,-86.059143,39.893106,19503108,1,2.0,106.0,1,1,0,0,0,1,0,0,0,A,0,0,1,0,1042199
4507450,-86.100306,39.910306,125144429,1,2.0,106.0,2,1,0,0,0,1,0,0,0,A,0,0,1,0,1042199
4507451,-86.012851,40.04615,1067233611,1,4.0,212.0,2,1,0,0,0,1,0,0,0,A,0,0,1,0,1042199
4507453,-86.037489,39.922507,1050429306,1,10.0,530.0,1,1,0,0,0,1,0,0,0,A,0,0,1,0,1042199
4507454,-86.098292,39.867252,1279101044,1,2.0,106.0,1,1,0,0,0,1,0,0,0,A,0,0,1,0,1042199
4507456,-85.970783,39.86627,1279284940,1,8.0,424.0,2,1,0,0,0,1,0,0,0,A,0,0,1,0,1042199
4507457,-86.012508,39.861225,1279301809,1,6.0,318.0,2,1,0,0,0,1,0,0,0,A,0,0,1,0,1042199
4507458,-86.062507,39.84554,1196419187,1,4.0,212.0,2,1,0,0,0,1,0,0,0,A,0,0,1,0,1042199
4507459,-86.070849,39.882979,1278997808,1,3.0,159.0,2,1,0,0,0,1,0,0,0,A,0,0,1,0,1042199
4507460,-86.049667,39.895421,1296716749,1,2.0,106.0,2,1,0,0,0,1,0,0,0,A,0,0,1,0,1042199
4507472,-86.074773,39.910117,1296633395,1,3.0,159.0,1,1,0,0,0,1,0,0,0,A,0,0,1,0,1042199
4507473,-86.134516,40.041768,1278379943,1,4.0,212.0,1,1,0,0,0,1,0,0,0,A,0,0,1,0,1042199
4507475,-86.025404,39.92171,1279232094,1,8.0,424.0,2,1,0,0,0,1,0,0,0,A,0,0,1,0,1042199
4507476,-86.050238,39.904261,1279147349,1,2.0,106.0,2,1,0,0,0,1,0,0,0,A,0,0,1,0,1042199
4507477,-86.12286,39.845659,1196608183,1,4.0,212.0,1,1,0,0,0,1,0,0,0,A,0,0,1,0,1042199
4507478,-85.982118,39.863798,1279283541,1,3.0,159.0,1,1,0,0,0,1,0,0,0,A,0,0,1,0,1042199
4507479,-85.939217,39.878533,1256669885,1,4.0,212.0,1,1,0,0,0,1,0,0,0,A,0,0,1,0,1042199
4507480,-86.010709,39.841423,1279233977,1,3.0,159.0,1,1,0,0,0,1,0,0,0,A,0,0,1,0,1042199
4507481,-86.076999,39.880792,1296874992,1,6.0,318.0,1,1,0,0,0,1,0,0,0,A,0,0,1,0,1042199
4507482,-86.097461,39.866915,1279101044,1,3.0,159.0,2,1,0,0,0,1,0,0,0,A,0,0,1,0,1042199
4507483,-86.043592,39.889146,1279065886,1,2.0,106.0,2,1,0,0,0,1,0,0,0,A,0,0,1,0,1042199
4507494,-86.095095,39.928563,1370457925,1,2.0,106.0,2,1,0,0,0,1,0,0,0,A,0,0,1,0,1042199
4507495,-86.125297,40.008445,1278309845,1,6.0,318.0,1,1,0,0,0,1,0,0,0,A,0,0,1,0,1042199
4507497,-86.004271,40.013388,1278330490,1,8.0,424.0,2,1,0,0,0,1,0,0,0,A,0,0,1,0,1042199
4507498,-86.059462,39.934184,1278343518,1,4.0,212.0,2,1,0,0,0,1,0,0,0,A,0,0,1,0,1042199
4507500,-86.122394,39.849629,1293453900,1,3.0,159.0,1,1,0,0,0,1,0,0,0,A,0,0,1,0,1042199
4507501,-85.97537,39.896865,1197052445,1,8.0,424.0,2,1,0,0,0,1,0,0,0,A,0,0,1,0,1042199
4507502,-86.018676,39.852236,1279216563,1,4.0,212.0,1,1,0,0,0,1,0,0,0,A,0,0,1,0,1042199
4507503,-86.074799,39.880955,1296875255,1,2.0,106.0,1,1,0,0,0,1,0,0,0,A,0,0,1,0,1042199
4507504,-86.082846,39.876953,1279055634,1,6.0,318.0,1,1,0,0,0,1,0,0,0,A,0,0,1,0,1042199
4507505,-86.05822,39.89227,1115275111,1,2.0,106.0,1,1,0,0,0,1,0,0,0,A,0,0,1,0,1042199
4507515,-86.095622,39.906978,1196911284,1,6.0,318.0,1,1,0,0,0,1,0,0,0,A,0,0,1,0,1042199
4507516,-86.012724,40.048338,1297362192,1,2.0,106.0,1,1,0,0,0,1,0,0,0,A,0,0,1,0,1042199
4507517,-86.09439,40.07322,1348049825,1,6.0,318.0,2,1,0,0,0,1,0,0,0,A,0,0,1,0,1042199
4507518,-86.011016,39.959035,739556207,1,4.0,212.0,2,1,0,0,0,1,0,0,0,A,0,0,1,0,1042199
4507519,-86.035524,39.91558,1279225671,1,3.0,159.0,2,1,0,0,0,1,0,0,0,A,0,0,1,0,1042199
4507520,-86.121334,39.871217,1293449693,1,2.0,106.0,2,1,0,0,0,1,0,0,0,A,0,0,1,0,1042199
4507521,-86.121445,39.850893,1278801570,1,3.0,159.0,2,1,0,0,0,1,0,0,0,A,0,0,1,0,1042199
4507522,-85.921649,39.901228,1249659767,1,8.0,424.0,1,1,0,0,0,1,0,0,0,A,0,0,1,0,1042199
4507525,-86.07447,39.879635,1296875266,1,2.0,106.0,1,1,0,0,0,1,0,0,0,A,0,0,1,0,1042199
4507526,-86.047244,39.888821,1293446144,1,4.0,212.0,1,1,0,0,0,1,0,0,0,A,0,0,1,0,1042199
4507536,-86.081599,39.927726,1197695307,1,4.0,212.0,1,1,0,0,0,1,0,0,0,A,0,0,1,0,1042199
4507537,-86.127055,40.042329,1278380893,1,2.0,106.0,2,1,0,0,0,1,0,0,0,A,0,0,1,0,1042199
4507538,-86.012778,40.132785,1278373216,1,8.0,424.0,1,1,0,0,0,1,0,0,0,A,0,0,1,0,1042199
4507539,-86.006611,40.008452,1278303122,1,3.0,159.0,1,1,0,0,0,1,0,0,0,A,0,0,1,0,1042199
4507540,-86.049788,39.897304,1296716749,1,4.0,212.0,1,1,0,0,0,1,0,0,0,A,0,0,1,0,1042199
4507541,-86.143037,39.873017,19464507,1,4.0,212.0,1,1,0,0,0,1,0,0,0,A,0,0,1,0,1042199
4507542,-85.980565,39.862376,1279243518,1,4.0,212.0,2,1,0,0,0,1,0,0,0,A,0,0,1,0,1042199
4507543,-85.957573,39.870063,1196415144,1,8.0,424.0,2,1,0,0,0,1,0,0,0,A,0,0,1,0,1042199
4507544,-86.025564,39.838175,1050236671,1,4.0,212.0,1,1,0,0,0,1,0,0,0,A,0,0,1,0,1042199
4507546,-86.086965,39.858777,1296993372,1,2.0,106.0,2,1,0,0,0,1,0,0,0,A,0,0,1,0,1042199
4507556,-86.072696,39.910046,1051459973,1,2.0,106.0,1,1,0,0,0,1,0,0,0,A,0,0,1,0,1042199
4507558,-86.013899,40.13262,1309129977,1,4.0,200.0,1,1,0,0,0,1,0,0,0,A,0,0,1,0,1042199
4507559,-86.004968,40.010924,1278306335,1,2.0,106.0,2,1,0,0,0,1,0,0,0,A,0,0,1,0,1042199
4507560,-86.047095,39.896274,1279084316,1,2.0,106.0,1,1,0,0,0,1,0,0,0,A,0,0,1,0,1042199
4507561,-86.146855,39.851585,1278564768,1,4.0,212.0,1,1,0,0,0,1,0,0,0,A,0,0,1,0,1042199
4507562,-85.979925,39.860808,1279245390,1,6.0,318.0,2,1,0,0,0,1,0,0,0,A,0,0,1,0,1042199
4507563,-85.972418,39.864463,1293451574,1,4.0,212.0,2,1,0,0,0,1,0,0,0,A,0,0,1,0,1042199
4507564,-86.013261,39.861215,1279301808,1,8.0,424.0,2,1,0,0,0,1,0,0,0,A,0,0,1,0,1042199
4507565,-86.07509,39.880996,1296874994,1,4.0,212.0,2,1,0,0,0,1,0,0,0,A,0,0,1,0,1042199
4507566,-86.079924,39.87654,1279055653,1,2.0,106.0,2,1,0,0,0,1,0,0,0,A,0,0,1,0,1042199
4507567,-86.058296,39.892599,1115275111,1,2.0,106.0,1,1,0,0,0,1,0,0,0,A,0,0,1,0,1042199
4507577,-86.086671,39.943935,806771966,1,4.0,212.0,2,1,0,0,0,1,0,0,0,A,0,0,1,0,1042199
4507578,-86.129325,40.010792,1201872416,1,4.0,212.0,1,1,0,0,0,1,0,0,0,A,0,0,1,0,1042199
4507579,-85.9834,39.930007,1278258421,1,6.0,318.0,2,1,0,0,0,1,0,0,0,A,0,0,1,0,1042199
4507580,-86.002935,39.986219,1291636352,1,4.0,212.0,1,1,0,0,0,1,0,0,0,A,0,0,1,0,1042199
4507581,-86.054807,39.906242,1279163708,1,4.0,212.0,1,1,0,0,0,1,0,0,0,A,0,0,1,0,1042199
4507582,-86.11632,39.854349,1279217151,1,4.0,212.0,1,1,0,0,0,1,0,0,0,A,0,0,1,0,1042199
4507584,-85.974467,39.862653,771616801,1,6.0,318.0,2,1,0,0,0,1,0,0,0,A,0,0,1,0,1042199
4507585,-86.025726,39.840121,1279221281,1,3.0,159.0,2,1,0,0,0,1,0,0,0,A,0,0,1,0,1042199
4507586,-86.077288,39.88063,1296874992,1,3.0,159.0,1,1,0,0,0,1,0,0,0,A,0,0,1,0,1042199
4507587,-86.081428,39.896641,1279185486,1,6.0,318.0,2,1,0,0,0,1,0,0,0,A,0,0,1,0,1042199
4507588,-86.042068,39.88386,1279061155,1,2.0,106.0,2,1,0,0,0,1,0,0,0,A,0,0,1,0,1042199
4507598,-86.013045,40.045003,1067233608,1,2.0,106.0,2,1,0,0,0,1,0,0,0,A,0,0,1,0,1042199
4507599,-86.073594,40.071361,1278753737,2,12.0,636.0,2,1,0,0,0,1,0,0,0,A,0,0,1,0,1042199
4507600,-86.073927,40.071688,1278753737,1,6.0,318.0,1,1,0,0,0,1,0,0,0,A,0,0,1,0,1042199
4507601,-86.04103,39.91352,1279102018,1,2.0,106.0,2,1,0,0,0,1,0,0,0,A,0,0,1,0,1042199
4507602,-86.120499,39.874503,1050264795,1,2.0,106.0,1,1,0,0,0,1,0,0,0,A,0,0,1,0,1042199
4507603,-85.987061,39.856132,125162938,1,2.0,106.0,1,1,0,0,0,1,0,0,0,A,0,0,1,0,1042199
4507604,-85.991986,39.901153,1197170889,1,6.0,318.0,2,1,0,0,0,1,0,0,0,A,0,0,1,0,1042199
4507605,-86.064764,39.845584,1196419187,1,4.0,212.0,2,1,0,0,0,1,0,0,0,A,0,0,1,0,1042199
4507606,-86.060645,39.840912,1279092695,1,4.0,212.0,1,1,0,0,0,1,0,0,0,A,0,0,1,0,1042199
4507607,-86.067488,39.880988,1050275157,1,3.0,159.0,2,1,0,0,0,1,0,0,0,A,0,0,1,0,1042199
4507608,-86.04723,39.895274,1279084316,1,2.0,106.0,2,1,0,0,0,1,0,0,0,A,0,0,1,0,1042199
4507616,-86.071976,39.913053,1051476425,1,4.0,212.0,2,1,0,0,0,1,0,0,0,A,0,0,1,0,1042199
4507617,-86.019854,40.04868,1219933568,1,2.0,106.0,2,1,0,0,0,1,0,0,0,A,0,0,1,0,1042199
4507618,-86.13137,40.115647,1297361081,2,12.0,636.0,2,1,0,0,0,1,0,0,0,A,0,0,1,0,1042199
4507619,-86.042593,39.952384,1278265925,1,8.0,424.0,1,1,0,0,0,1,0,0,0,A,0,0,1,0,1042199
4507620,-86.018233,39.928058,1197912696,1,4.0,212.0,1,1,0,0,0,1,0,0,0,A,0,0,1,0,1042199
4507621,-86.098372,39.868332,1050680444,1,2.0,106.0,2,1,0,0,0,1,0,0,0,A,0,0,1,0,1042199
4507622,-86.123055,39.838476,1278823902,1,2.0,106.0,1,1,0,0,0,1,0,0,0,A,0,0,1,0,1042199
4507623,-85.978477,39.863547,1279283684,1,4.0,212.0,1,1,0,0,0,1,0,0,0,A,0,0,1,0,1042199
4507624,-86.022878,39.839064,1050236674,1,4.0,212.0,1,1,0,0,0,1,0,0,0,A,0,0,1,0,1042199
4507625,-86.027697,39.835665,125159333,1,6.0,318.0,2,1,0,0,0,1,0,0,0,A,0,0,1,0,1042199
4507626,-86.076149,39.879922,1296874992,1,2.0,106.0,2,1,0,0,0,1,0,0,0,A,0,0,1,0,1042199
4507627,-86.081376,39.870073,1278824137,1,4.0,212.0,2,1,0,0,0,1,0,0,0,A,0,0,1,0,1042199
4507631,-86.0501,39.903934,1228442687,1,2.0,106.0,1,1,0,0,0,1,0,0,0,A,0,0,1,0,1042199
4507632,-86.121352,39.845364,1278820261,1,2.0,106.0,2,1,0,0,0,1,0,0,0,A,0,0,1,0,1042199
4507633,-85.99817,39.84984,1051568802,1,8.0,424.0,2,1,0,0,0,1,0,0,0,A,0,0,1,0,1042199
4507634,-86.025076,39.836446,1050317611,1,2.0,106.0,2,1,0,0,0,1,0,0,0,A,0,0,1,0,1042199
4507635,-86.033206,39.835673,1279244105,1,8.0,424.0,1,1,0,0,0,1,0,0,0,A,0,0,1,0,1042199
4507636,-86.073928,39.878635,1279016422,1,2.0,106.0,1,1,0,0,0,1,0,0,0,A,0,0,1,0,1042199
4507637,-86.087928,39.853742,1278945008,1,3.0,159.0,1,1,0,0,0,1,0,0,0,A,0,0,1,0,1042199
4507642,-86.125843,39.869131,19464844,1,2.0,106.0,1,1,0,0,0,1,0,0,0,A,0,0,1,0,1042199
4507643,-85.981389,39.857675,1197334960,1,6.0,318.0,2,1,0,0,0,1,0,0,0,A,0,0,1,0,1042199
4507644,-85.994979,39.898627,819364011,1,8.0,424.0,2,1,0,0,0,1,0,0,0,A,0,0,1,0,1042199
4507645,-86.042788,39.854261,1197313023,1,10.0,530.0,2,1,0,0,0,1,0,0,0,A,0,0,1,0,1042199
4507646,-86.064508,39.846422,1196419187,1,4.0,320.0,1,1,0,0,0,1,0,0,0,A,0,0,1,0,1042199
4507647,-86.067477,39.880946,1050275157,1,8.0,424.0,2,1,0,0,0,1,0,0,0,A,0,0,1,0,1042199
4505668,-86.070027,39.910697,19500727,2,16.0,848.0,2,1,0,0,0,0,1,0,0,A,0,0,1,0,1042199
4506289,-86.045349,39.976101,1291639864,1,6.0,318.0,1,1,0,0,0,0,1,0,0,A,0,0,1,0,1042199
4506976,-86.051099,39.90341,1228422002,1,8.0,424.0,1,1,0,0,0,0,1,0,0,A,0,0,1,0,1042199
4507006,-86.134842,39.868399,1228438105,1,2.0,106.0,1,1,0,0,0,0,1,0,0,A,0,0,1,0,1042199
4507065,-85.958064,39.902164,1279245358,1,2.0,106.0,2,1,0,0,0,0,1,0,0,A,0,0,1,0,1042199
4507094,-86.124347,40.04227,1324406903,1,3.0,159.0,2,1,0,0,0,0,1,0,0,A,0,0,1,0,1042199
4507095,-85.921211,39.895336,123268534,1,2.0,106.0,1,1,0,0,0,0,1,0,0,A,0,0,1,0,1042199
4507151,-86.132499,39.893166,20027488,1,2.0,106.0,1,1,0,0,0,0,1,0,0,A,0,0,1,0,1042199
4507180,-86.058012,39.908346,1027955888,1,4.0,212.0,1,1,0,0,0,0,1,0,0,A,0,0,1,0,1042199
4507181,-86.026822,39.833938,1293457073,1,2.0,106.0,2,1,0,0,0,0,1,0,0,A,0,0,1,0,1042199
4507207,-86.095338,39.869162,1050680460,1,4.0,212.0,2,1,0,0,0,0,1,0,0,A,0,0,1,0,1042199
4507234,-86.033787,39.927687,1278235818,1,18.0,954.0,1,1,0,0,0,0,1,0,0,A,0,0,1,0,1042199
4507235,-86.026231,39.835778,1279244092,1,6.0,318.0,2,1,0,0,0,0,1,0,0,A,0,0,1,0,1042199
4507262,-86.111608,40.042317,1278193552,1,4.0,212.0,2,1,0,0,0,0,1,0,0,A,0,0,1,0,1042199
4507287,-86.009021,40.045175,19490920,1,3.0,159.0,2,1,0,0,0,0,1,0,0,A,0,0,1,0,1042199
4507288,-86.142979,39.873384,1278685963,1,4.0,212.0,1,1,0,0,0,0,1,0,0,A,0,0,1,0,1042199
4507316,-86.127221,39.869281,1279068922,1,2.0,106.0,1,1,0,0,0,0,1,0,0,A,0,0,1,0,1042199
4507341,-86.052511,40.062688,1278476260,1,8.0,424.0,2,1,0,0,0,0,1,0,0,A,0,0,1,0,1042199
4507342,-86.043569,39.839483,1279054375,1,8.0,424.0,2,1,0,0,0,0,1,0,0,A,0,0,1,0,1042199
4507344,-86.139823,39.870298,1050267762,2,8.0,640.0,1,1,0,0,0,0,1,0,0,A,0,0,1,0,1042199
4507366,-86.145057,39.846654,1283683452,1,4.0,212.0,2,1,0,0,0,0,1,0,0,A,0,0,1,0,1042199
4507389,-86.02562,39.931096,1242117113,1,8.0,424.0,1,1,0,0,0,0,1,0,0,A,0,0,1,0,1042199
4507412,-86.13404,40.039767,1286122579,1,4.0,212.0,1,1,0,0,0,0,1,0,0,A,0,0,1,0,1042199
4507413,-85.92099,39.912539,1238938376,1,2.0,106.0,2,1,0,0,0,0,1,0,0,A,0,0,1,0,1042199
4507437,-86.067854,39.880608,1050275144,1,4.0,212.0,2,1,0,0,0,0,1,0,0,A,0,0,1,0,1042199
4507438,-86.010767,39.827028,1279217402,1,4.0,212.0,1,1,0,0,0,0,1,0,0,A,0,0,1,0,1042199
4507461,-86.131104,40.040705,19515308,1,2.0,106.0,1,1,0,0,0,0,1,0,0,A,0,0,1,0,1042199
4507462,-85.990168,39.842171,19468080,1,4.0,212.0,1,1,0,0,0,0,1,0,0,A,0,0,1,0,1042199
4507484,-86.095272,39.870053,1050566682,1,4.0,212.0,2,1,0,0,0,0,1,0,0,A,0,0,1,0,1042199
4507527,-86.105508,40.044531,1308388307,1,4.0,212.0,1,1,0,0,0,0,1,0,0,A,0,0,1,0,1042199
4507528,-85.999566,39.849272,1279228319,1,6.0,318.0,2,1,0,0,0,0,1,0,0,A,0,0,1,0,1042199
4507548,-86.026597,39.844143,1279220267,1,8.0,424.0,2,1,0,0,0,0,1,0,0,A,0,0,1,0,1042199
4507569,-86.012153,39.839057,19468467,1,8.0,424.0,1,1,0,0,0,0,1,0,0,A,0,0,1,0,1042199
4507589,-86.11809,39.854227,1293453342,1,2.0,106.0,1,1,0,0,0,0,1,0,0,A,0,0,1,0,1042199
4507609,-86.018226,39.931353,1278254536,1,2.0,106.0,2,1,0,0,0,0,1,0,0,A,0,0,1,0,1042199
4507629,-85.933851,39.888344,1292382346,1,4.0,212.0,2,1,0,0,0,0,1,0,0,A,0,0,1,0,1042199
4507638,-86.128817,40.043737,1278380924,1,2.0,106.0,1,1,0,0,0,0,1,0,0,A,0,0,1,0,1042199
4507639,-85.959336,39.900822,1197312582,1,6.0,318.0,2,1,0,0,0,0,1,0,0,A,0,0,1,0,1042199
4507649,-85.958129,39.872632,1196411790,1,8.0,424.0,1,1,0,0,0,0,1,0,0,A,0,0,1,0,1042199
4507653,-86.05713,39.83374,1279074745,1,2.0,106.0,1,1,0,0,0,0,1,0,0,A,0,0,1,0,1042199
4507656,-86.01278,40.047051,19490882,1,4.0,212.0,1,1,0,0,0,0,1,0,0,A,0,0,1,0,1042199
