custno,xcoord,ycoord,edgeid,qty,volume,weight,sos,frequency,BEF_MON,BEF_TUE,BEF_WED,BEF_THU,BEF_FRI,BEF_SAT,BEF_SUN,dowcd,dowlockcd,wccd_flag,material_typ,clusterid
4505201,-86.012589,40.0459,1067233610,1,2.0,106.0,2,1,1,0,0,0,0,0,0,O,0,0,1,0
4505202,-86.014285,40.047088,1148898540,1,4.0,212.0,1,3,1,0,1,0,1,0,0,A,1,0,1,0
4505203,-86.078862,40.050435,1297431853,1,8.0,424.0,2,2,1,0,0,0,1,0,0,A,0,0,1,0
4505204,-86.005506,39.979793,1330250289,1,3.0,159.0,1,1,1,0,0,0,0,0,0,A,0,0,1,0
4505205,-86.114469,40.001055,1278186084,1,8.0,424.0,1,5,1,1,1,1,1,0,0,A,1,0,1,0
4505206,-86.025548,39.928475,1197861497,4,32.0,1696.0,1,5,1,1,1,1,1,0,0,A,1,0,1,0
4505207,-86.014454,39.949399,1291644064,1,2.0,106.0,1,2,1,0,0,0,1,0,0,A,0,0,1,0
4505208,-86.070546,39.884109,1279030261,1,8.0,424.0,1,3,1,0,1,0,1,0,0,A,0,0,1,0
4505223,-86.000958,40.04246,19491175,1,2.0,106.0,1,1,1,0,0,0,0,0,0,E,0,0,1,0
4505224,-86.014266,40.047027,1148898540,1,2.0,106.0,1,3,1,0,1,0,1,0,0,A,0,0,1,0
4505225,-86.126786,40.054474,1115648467,2,16.0,848.0,2,2,1,0,0,0,1,0,0,A,0,0,1,0
4505226,-86.029792,40.050604,1278367096,1,6.0,318.0,1,2,1,0,0,1,0,0,0,A,0,0,1,0
4505227,-86.00619,39.992614,1278259819,2,16.0,848.0,1,3,1,0,1,0,1,0,0,A,0,0,1,0
4505228,-86.005168,40.001743,1278269729,1,4.0,212.0,2,3,1,0,1,0,1,0,0,A,0,0,1,0
4505229,-86.014412,39.957772,1278452936,12,24.0,1272.0,1,3,1,0,1,0,1,0,0,A,0,0,1,0
4505230,-86.0242,39.926498,1197861429,1,6.0,318.0,2,2,1,0,0,1,0,0,0,A,0,0,1,0
4505231,-86.013031,39.96108,1282032360,1,6.0,318.0,1,1,1,0,0,0,0,0,0,E,0,0,1,0
4505245,-85.993903,40.049221,1278374347,1,4.0,212.0,2,3,1,0,1,0,1,0,0,A,0,0,1,0
4505246,-86.01918,40.050378,1165272614,1,8.0,424.0,2,2,1,0,0,1,0,0,0,A,1,0,1,0
4505247,-86.030489,40.045627,1309140754,2,16.0,848.0,2,2,1,0,0,0,1,0,0,A,0,0,1,0
4505248,-86.002006,39.993041,1278264469,2,16.0,848.0,2,1,1,0,0,0,0,0,0,A,0,0,1,0
4505249,-86.002006,39.993041,1278264469,3,24.0,1272.0,2,2,0,0,0,1,1,0,0,A,1,0,1,0
4505250,-86.043399,39.955404,1240909797,1,6.0,318.0,1,2,1,0,0,1,0,0,0,A,0,0,1,0
4505251,-86.012398,39.954022,1278394692,1,6.0,318.0,2,3,1,0,1,0,1,0,0,A,0,0,1,0
4505252,-86.012427,39.953967,1278394692,1,8.0,424.0,2,3,1,0,1,0,1,0,0,A,0,0,1,0
4505253,-86.092768,39.905548,1196915642,1,8.0,424.0,1,3,1,0,1,0,1,0,0,A,0,0,1,0
4505254,-86.092809,39.905546,1196915642,1,10.0,530.0,1,5,1,1,1,1,1,0,0,A,1,0,1,0
4505255,-86.100023,39.910419,125144429,1,8.0,424.0,2,3,1,0,1,0,1,0,0,A,1,0,1,0
4505256,-86.053299,39.892299,1279023634,1,8.0,424.0,1,5,1,1,1,1,1,0,0,A,0,0,1,0
4505270,-86.013006,40.045135,1297408204,1,2.0,106.0,2,2,1,0,0,0,1,0,0,A,0,0,1,0
4505271,-86.005743,40.013117,1297364546,1,8.0,424.0,1,2,1,0,0,1,0,0,0,A,0,0,1,0
4505272,-86.104417,40.082937,1336027517,1,2.0,106.0,1,1,1,0,0,0,0,0,0,A,0,0,1,0
4505273,-86.033831,40.026246,1278330029,1,8.0,424.0,1,1,1,0,0,0,0,0,0,A,0,0,1,0
4505274,-86.00619,39.988256,1291636789,2,16.0,848.0,2,5,1,1,1,1,1,0,0,A,1,0,1,0
4505275,-86.042862,39.955392,1240909797,1,6.0,318.0,1,2,1,0,0,0,1,0,0,A,0,0,1,0
4505276,-86.027207,39.927493,1148890603,1,8.0,424.0,1,3,1,0,1,0,1,0,0,A,0,0,1,0
4505277,-86.037004,39.925472,1148893264,2,16.0,848.0,2,3,1,0,1,0,1,0,0,A,0,0,1,0
4505278,-86.092274,39.904686,1196915642,1,8.0,424.0,1,4,1,1,0,1,1,0,0,A,0,0,1,0
4505279,-86.087111,39.925613,1278977166,1,8.0,424.0,2,3,1,0,1,0,1,0,0,A,0,0,1,0
4505280,-86.10392,39.908503,125170204,1,4.0,212.0,1,5,1,1,1,1,1,0,0,A,0,0,1,0
4505293,-86.013841,40.045214,1067233609,1,4.0,212.0,1,4,1,0,1,1,1,0,0,A,0,0,1,0
4505294,-86.087637,40.020139,1144966627,1,4.0,212.0,2,2,1,0,0,0,1,0,0,A,0,0,1,0
4505295,-86.056848,40.041032,1297400341,1,4.0,212.0,2,1,1,0,0,0,0,0,0,A,0,0,1,0
4505296,-86.089983,39.97239,1309564985,1,3.0,159.0,1,3,1,0,1,0,1,0,0,A,0,0,1,0
4505297,-86.12565,40.009151,1278310384,1,4.0,212.0,2,3,1,0,1,0,1,0,0,A,1,0,1,0
4505298,-86.011262,39.955095,1240057991,1,8.0,424.0,2,3,1,0,1,0,1,0,0,A,0,0,1,0
4505299,-86.043694,39.949702,907515942,1,4.0,212.0,1,3,1,0,1,0,1,0,0,A,0,0,1,0
4505300,-86.025883,39.930341,1242117101,1,8.0,424.0,2,3,1,0,1,0,1,0,0,A,1,0,1,0
4505301,-86.079446,39.905609,1279183861,1,8.0,424.0,1,2,1,0,0,1,0,0,0,A,1,0,1,0
4505302,-86.063043,39.905742,1197697463,1,4.0,212.0,1,3,1,0,1,0,1,0,0,A,0,0,1,0
4505303,-86.09035,39.929716,1197695330,1,8.0,424.0,1,5,1,1,1,1,1,0,0,A,0,0,1,0
4505317,-86.010024,40.054431,1297364591,1,6.0,318.0,1,1,1,0,0,0,0,0,0,A,0,0,1,0
4505318,-86.014389,40.047016,1148898540,1,4.0,212.0,1,1,1,0,0,0,0,0,0,A,0,0,1,0
4505319,-86.022403,40.048242,1067210666,1,8.0,424.0,2,5,1,1,1,1,1,0,0,A,1,0,1,0
4505320,-86.071341,39.981339,1219978206,1,4.0,212.0,1,5,1,1,1,1,1,0,0,A,1,0,1,0
4505321,-86.006186,40.003128,1278270393,1,4.0,212.0,1,2,1,0,1,0,0,0,0,A,0,0,1,0
4505322,-86.037743,39.925825,1148893264,1,10.0,530.0,2,2,1,0,0,0,1,0,0,A,0,0,1,0
4505323,-86.040254,39.951508,1278603306,1,4.0,212.0,2,3,1,0,1,0,1,0,0,A,0,0,1,0
4505324,-86.015725,39.961064,1278455796,1,6.0,318.0,2,2,1,0,0,0,1,0,0,A,0,0,1,0
4505335,-85.999161,40.045218,1278375533,1,4.0,212.0,2,1,1,0,0,0,0,0,0,O,0,0,1,0
4505336,-86.013499,40.025762,1220135209,2,16.0,848.0,1,3,1,0,1,0,1,0,0,A,0,0,1,0
4505337,-86.088191,40.107618,19489579,1,2.0,106.0,2,1,1,0,0,0,0,0,0,4,0,0,1,0
4505338,-86.025566,40.047487,1324398824,1,6.0,318.0,1,3,1,0,1,0,1,0,0,A,0,0,1,0
4505339,-86.003002,39.99562,1278264501,1,4.0,212.0,1,2,1,0,0,0,1,0,0,A,0,0,1,0
4505340,-86.042569,39.999678,1220140455,1,8.0,424.0,1,3,1,0,1,0,1,0,0,A,1,0,1,0
4505341,-86.014939,39.957125,125132216,1,6.0,318.0,1,3,1,0,1,0,1,0,0,A,1,0,1,0
4505342,-86.014721,39.93252,1278240561,1,6.0,318.0,1,1,1,0,0,0,0,0,0,A,0,0,1,0
4505343,-86.006627,39.960923,1278396200,1,8.0,424.0,2,3,1,0,1,0,1,0,0,A,0,0,1,0
4505359,-85.995047,40.046302,1240199608,1,8.0,424.0,1,5,1,1,1,1,1,0,0,A,1,0,1,0
4505360,-86.096756,40.06329,1278450310,1,2.0,106.0,2,1,1,0,0,0,0,0,0,A,0,0,1,0
4505361,-86.091447,39.970133,1053573073,1,10.0,530.0,1,4,1,0,1,1,1,0,0,A,1,0,1,0
4505362,-86.091448,39.970703,1309145441,4,16.0,848.0,1,5,1,1,1,1,1,0,0,A,1,0,1,0
4505363,-86.041659,39.949862,1050329879,3,9.0,477.0,2,3,1,0,1,0,1,0,0,A,1,0,1,0
4505364,-86.017618,39.93183,1278254536,1,8.0,640.0,2,1,1,0,0,0,0,0,0,4,0,0,1,0
4505365,-86.058943,39.893336,19503108,1,6.0,318.0,1,5,1,1,1,1,1,0,0,A,0,0,1,0
4505366,-86.064799,39.9061,1050729883,1,6.0,318.0,1,2,1,0,0,1,0,0,0,A,0,0,1,0
4505367,-86.101509,39.926192,1197918606,2,16.0,848.0,1,5,1,1,1,1,1,0,0,A,1,0,1,0
4505378,-85.997314,40.024005,1278358410,1,6.0,318.0,2,4,1,1,0,1,1,0,0,A,1,0,1,0
4505379,-86.120942,40.116052,1066949468,1,3.0,159.0,1,1,1,0,0,0,0,0,0,O,0,0,1,0
4505380,-86.057459,40.042573,1220042401,1,3.0,159.0,2,2,1,0,0,1,0,0,0,A,0,0,1,0
4505381,-86.014927,39.97969,1165280905,1,8.0,424.0,1,2,1,0,1,0,0,0,0,A,0,0,1,0
4505382,-86.014953,39.979657,1165280905,1,6.0,318.0,1,2,1,0,1,0,0,0,0,A,0,0,1,0
4505383,-86.004737,39.998373,1269291113,3,30.0,1590.0,2,5,1,1,1,1,1,0,0,A,0,0,1,0
4505384,-86.040303,39.952096,1278265950,1,6.0,318.0,2,4,1,0,1,1,1,0,0,A,1,0,1,0
4505385,-86.017569,39.927554,1197912694,1,8.0,424.0,1,1,1,0,0,0,0,0,0,A,0,0,1,0
4505386,-86.070923,39.881884,1197411967,1,8.0,424.0,1,3,1,0,1,0,1,0,0,A,0,0,1,0
4505387,-86.060623,39.901834,1279176710,1,6.0,318.0,1,2,1,0,0,1,0,0,0,A,0,0,1,0
4505388,-86.054087,39.938468,1278230948,1,10.0,530.0,1,5,1,1,1,1,1,0,0,A,1,0,1,0
4505399,-85.995754,40.034407,1278362834,1,8.0,424.0,2,2,1,0,0,1,0,0,0,A,0,0,1,0
4505400,-86.01074,40.01822,1291633513,1,6.0,318.0,2,4,1,1,0,1,1,0,0,A,0,0,1,0
4505401,-86.070016,40.044639,1278463937,1,2.0,106.0,1,1,1,0,0,0,0,0,0,A,0,0,1,0
4505402,-85.995408,39.985027,1220057290,1,4.0,212.0,1,3,1,0,1,0,1,0,0,A,0,0,1,0
4505403,-86.126718,40.006781,1039103367,1,8.0,424.0,2,3,1,0,1,0,1,0,0,A,0,0,1,0
4505404,-86.022348,39.955964,1278394283,1,10.0,530.0,2,5,1,1,1,1,1,0,0,A,1,0,1,0
4505405,-86.01971,39.957538,1149015292,1,8.0,424.0,1,3,1,0,1,0,1,0,0,A,0,0,1,0
4505406,-86.015444,39.950374,1297387165,5,10.0,530.0,1,5,1,1,1,1,1,0,0,A,1,0,1,0
4505407,-86.0606,39.901583,1279176709,1,8.0,424.0,1,5,1,1,1,1,1,0,0,A,1,0,1,0
4505420,-86.012887,40.046152,1067233611,1,3.0,159.0,2,3,1,0,1,0,1,0,0,A,1,0,1,0
4505421,-86.124234,40.041117,1297392402,1,8.0,424.0,2,2,1,0,0,1,0,0,0,A,0,0,1,0
4505422,-86.026415,40.047667,1278367153,1,10.0,530.0,1,5,1,1,1,1,1,0,0,A,1,0,1,0
4505423,-86.026316,40.04827,1278367392,2,16.0,848.0,1,3,0,0,1,1,1,0,0,A,1,0,1,0
4505424,-86.041442,39.950425,1278298298,1,8.0,424.0,2,3,1,0,1,0,1,0,0,A,0,0,1,0
4505425,-86.041298,39.950732,1278298298,1,3.0,159.0,2,3,1,0,1,0,1,0,0,A,0,0,1,0
4505426,-86.067031,39.882428,1050275164,1,4.0,212.0,1,4,1,0,1,1,1,0,0,A,1,0,1,0
4505427,-86.067104,39.91379,1279185090,1,8.0,424.0,2,4,1,1,0,1,1,0,0,A,0,0,1,0
4505428,-86.100671,39.910434,125144429,1,6.0,318.0,2,1,1,0,0,0,0,0,0,A,0,0,1,0
4505429,-86.027613,39.915123,1279226852,1,4.0,212.0,1,2,1,0,0,1,0,0,0,A,0,0,1,0
4505430,-86.047061,39.891197,1197043161,1,4.0,212.0,1,2,1,0,0,1,0,0,0,A,0,0,1,0
4505431,-86.042364,39.91736,1279102084,1,6.0,318.0,1,3,1,0,1,0,1,0,0,A,0,0,1,0
4505444,-86.012812,40.04508,1297408205,1,4.0,212.0,2,2,1,0,0,1,0,0,0,A,0,0,1,0
4505445,-85.992673,40.066972,1220337991,2,12.0,636.0,1,2,1,0,0,1,0,0,0,A,0,0,1,0
4505446,-86.103198,40.041319,1220134572,1,10.0,530.0,2,3,1,0,1,0,1,0,0,A,0,0,1,0
4505447,-86.002186,39.983593,1278267023,1,4.0,212.0,1,2,1,0,0,1,0,0,0,A,0,0,1,0
4505448,-86.106372,40.001304,1220046083,1,3.0,159.0,1,3,1,0,1,0,1,0,0,A,0,0,1,0
4505449,-85.997349,40.010904,1333490434,3,24.0,1272.0,2,1,1,0,0,0,0,0,0,A,0,0,1,0
4505450,-86.015364,39.929205,1197912753,1,10.0,530.0,1,3,1,0,1,0,1,0,0,A,0,0,1,0
4505451,-86.005525,39.963227,1278305752,2,16.0,848.0,2,5,1,1,1,1,1,0,0,A,0,0,1,0
4505452,-86.059439,39.892724,19503108,1,4.0,212.0,1,2,1,0,0,1,0,0,0,A,0,0,1,0
4505453,-86.079137,39.90867,1279181912,1,8.0,424.0,1,3,1,0,1,0,1,0,0,A,0,0,1,0
4505454,-86.111755,39.929372,1220152496,1,6.0,318.0,1,2,1,0,0,1,0,0,0,A,0,0,1,0
4505463,-85.998373,40.029176,1278361527,1,10.0,530.0,1,5,1,1,1,1,1,0,0,A,1,0,1,0
4505464,-86.074134,40.043756,1278463924,2,8.0,424.0,2,2,1,0,0,1,0,0,0,A,0,0,1,0
4505465,-86.006635,39.977697,1297387280,2,20.0,1060.0,2,5,1,1,1,1,1,0,0,A,1,0,1,0
4505466,-86.005532,39.963117,1278305752,2,12.0,636.0,2,1,1,0,0,0,0,0,0,A,0,0,1,0
4505467,-86.022091,39.926645,1050330925,1,4.0,212.0,2,4,1,1,0,1,1,0,0,A,0,0,1,0
4505468,-86.057846,39.89256,1115275111,1,2.0,106.0,1,1,1,0,0,0,0,0,0,O,0,0,1,0
4505469,-86.065593,39.883889,1279098985,1,8.0,424.0,1,3,1,1,0,1,0,0,0,A,1,0,1,0
4505470,-86.075699,39.913892,1197849513,1,8.0,424.0,1,4,1,0,1,1,1,0,0,A,0,0,1,0
4505471,-86.104856,39.913895,761970332,1,8.0,424.0,1,3,1,0,1,0,1,0,0,A,0,0,1,0
4505472,-86.041685,39.904454,1196493447,1,8.0,424.0,1,3,1,0,1,0,1,0,0,A,0,0,1,0
4505473,-86.047835,39.889857,1197043072,1,8.0,424.0,1,2,1,0,0,1,0,0,0,A,0,0,1,0
4505474,-86.042523,39.913386,1262232068,1,4.0,212.0,2,2,1,0,0,1,0,0,0,A,0,0,1,0
4505490,-85.995487,40.045173,1278376081,1,6.0,318.0,2,2,1,0,0,1,0,0,0,A,0,0,1,0
4505491,-86.00399,40.014848,1278330459,2,16.0,848.0,2,3,1,0,1,0,1,0,0,A,0,0,1,0
4505492,-86.00399,40.014848,1278330459,1,8.0,424.0,2,2,0,1,0,1,0,0,0,A,0,0,1,0
4505493,-86.008449,39.980051,1278249455,1,8.0,424.0,1,3,1,0,1,0,1,0,0,A,0,0,1,0
4505494,-86.128646,40.020012,1336026827,1,6.0,318.0,1,3,1,0,1,0,1,0,0,A,0,0,1,0
4505495,-86.03115,39.928359,1278235829,1,6.0,318.0,2,5,1,1,1,1,1,0,0,A,0,0,1,0
4505496,-86.031332,39.940109,1278311871,1,8.0,424.0,2,3,1,0,1,0,1,0,0,A,0,0,1,0
4505497,-86.017006,39.927849,1197912694,2,20.0,1060.0,1,5,1,1,1,1,1,0,0,A,1,0,1,0
4505498,-86.018338,39.929091,1197912696,1,8.0,424.0,1,5,1,1,1,1,1,0,0,A,1,0,1,0
4505512,-86.010512,40.046117,19490919,1,2.0,106.0,1,1,1,0,0,0,0,0,0,A,0,0,1,0
4505513,-86.014421,40.042314,1278338050,1,8.0,424.0,1,2,1,0,0,0,1,0,0,A,0,0,1,0
4505514,-86.125588,40.037827,1278293804,1,8.0,424.0,2,4,1,1,0,1,1,0,0,A,0,0,1,0
4505515,-86.036978,40.02731,1278330030,1,8.0,424.0,1,3,1,0,1,0,1,0,0,A,0,0,1,0
4505516,-86.125961,40.004137,1297545555,1,3.0,159.0,2,3,1,0,1,0,1,0,0,A,0,0,1,0
4505517,-86.019367,39.931844,1278254532,1,8.0,424.0,1,3,1,0,1,0,1,0,0,A,0,0,1,0
4505518,-86.019377,39.931888,1278254532,1,6.0,318.0,1,3,1,0,1,0,1,0,0,A,0,0,1,0
4505519,-86.005222,39.961985,1278396193,1,6.0,318.0,2,5,1,1,1,1,1,0,0,A,1,0,1,0
4505520,-86.077403,39.904268,1196950257,1,2.0,106.0,2,1,1,0,0,0,0,0,0,A,0,0,1,0
4505521,-86.073436,39.90833,1197028936,1,8.0,424.0,2,3,1,0,1,0,1,0,0,A,0,0,1,0
4505522,-86.099396,39.92726,1197917064,1,8.0,424.0,1,2,1,0,0,0,1,0,0,A,0,0,1,0
4505523,-86.10834,39.912128,761974199,1,18.0,954.0,2,3,1,0,1,0,1,0,0,A,0,0,1,0
4505536,-85.996217,40.031043,1278362884,1,8.0,424.0,2,3,1,0,1,0,1,0,0,A,1,0,1,0
4505537,-86.081469,40.02149,1144966627,1,3.0,159.0,2,1,1,0,0,0,0,0,0,A,0,0,1,0
4505538,-86.108776,40.084634,1329051186,1,2.0,106.0,1,1,1,0,0,0,0,0,0,A,0,0,1,0
4505539,-86.044213,40.044058,1278323853,1,4.0,212.0,1,3,1,0,1,0,1,0,0,A,0,0,1,0
4505540,-86.006412,39.975052,1297369616,2,16.0,848.0,1,5,1,1,1,1,1,0,0,A,0,0,1,0
4505541,-86.013837,39.957835,1085793626,1,4.0,212.0,1,5,1,1,1,1,1,0,0,A,1,0,1,0
4505542,-86.022494,39.926419,1050330925,1,6.0,318.0,2,3,1,0,1,0,1,0,0,A,0,0,1,0
4505543,-86.01587,39.958451,1278455770,2,8.0,424.0,2,5,1,1,1,1,1,0,0,A,1,0,1,0
4505544,-86.057858,39.901379,1279086911,1,8.0,424.0,1,3,1,0,1,0,1,0,0,A,0,0,1,0
4505560,-86.01173,40.04706,1278330197,1,3.0,159.0,2,2,1,0,0,0,1,0,0,A,0,0,1,0
4505561,-86.002844,40.015016,1278330459,2,16.0,848.0,2,4,1,1,1,0,1,0,0,A,0,0,1,0
4505562,-86.027592,40.047557,1341600276,1,8.0,424.0,2,3,1,0,1,0,1,0,0,A,0,0,1,0
4505563,-86.077812,40.003831,1297655749,2,16.0,848.0,1,4,1,1,1,0,1,0,0,A,0,0,1,0
4505564,-86.03574,39.926311,1278235852,1,8.0,424.0,2,3,1,0,1,0,1,0,0,A,0,0,1,0
4505565,-85.981364,39.928262,1197700513,1,4.0,212.0,2,3,1,0,1,0,1,0,0,A,0,0,1,0
4505566,-86.018323,39.944469,781656774,1,4.0,212.0,2,5,1,1,1,1,1,0,0,A,0,0,1,0
4505567,-86.058805,39.901837,1279176710,1,6.0,318.0,2,2,1,0,0,1,0,0,0,A,0,0,1,0
4505568,-86.05403,39.938514,1278230948,1,8.0,424.0,1,5,1,1,1,1,1,0,0,A,1,0,1,0
4505569,-86.098362,39.909683,1278993154,1,8.0,424.0,2,2,1,0,0,0,1,0,0,A,0,0,1,0
4505570,-86.04734,39.895059,1279084316,1,2.0,106.0,2,2,1,0,0,1,0,0,0,A,0,0,1,0
4505571,-86.050214,39.910577,19500992,7,56.0,2968.0,1,3,1,0,1,0,1,0,0,A,0,0,1,0
4505572,-86.14057,39.870846,839141156,2,8.0,424.0,2,3,1,0,1,0,1,0,0,A,1,0,1,0
4505590,-85.997183,40.039075,1067424049,1,6.0,318.0,2,3,1,0,1,0,1,0,0,A,0,0,1,0
4505591,-86.023004,40.04795,1185103845,1,6.0,318.0,2,3,1,0,1,0,1,0,0,A,0,0,1,0
4505592,-86.05391,40.04085,1278458324,1,2.0,106.0,1,1,1,0,0,0,0,0,0,A,0,0,1,0
4505593,-85.996804,39.983703,1220061109,1,2.0,106.0,1,3,1,0,1,0,1,0,0,A,0,0,1,0
4505594,-86.121641,40.014139,1205519087,1,2.0,106.0,1,1,1,0,0,0,0,0,0,E,0,0,1,0
4505595,-85.996168,40.003525,1220045467,1,10.0,530.0,1,3,1,0,1,0,1,0,0,A,0,0,1,0
4505596,-86.009294,39.927991,1197912905,1,8.0,424.0,2,5,1,1,1,1,1,0,0,A,1,0,1,0
4505597,-86.043502,39.946026,1220132611,1,4.0,212.0,2,3,1,0,1,0,1,0,0,A,0,0,1,0
4505598,-86.06512,39.883932,125158546,1,6.0,318.0,1,3,1,0,1,0,1,0,0,A,0,0,1,0
4505609,-86.013682,40.045539,19490977,4,16.0,848.0,2,5,1,1,1,1,1,0,0,A,1,0,1,0
4505610,-86.12511,40.073313,1278246022,1,6.0,318.0,2,1,1,0,0,0,0,0,0,E,0,0,1,0
4505611,-86.071475,39.956077,1278322284,1,3.0,159.0,2,1,1,0,0,0,0,0,0,A,0,0,1,0
4505612,-86.008462,39.99296,1278259790,2,16.0,848.0,1,3,1,0,1,0,1,0,0,A,0,0,1,0
4505613,-86.005267,40.008184,1278303117,1,6.0,318.0,2,3,1,0,1,0,1,0,0,A,0,0,1,0
4505614,-86.024909,39.938766,1278241475,2,16.0,848.0,1,3,1,0,1,0,1,0,0,A,0,0,1,0
4505615,-86.017423,39.929071,1197912694,1,8.0,424.0,1,5,1,1,1,1,1,0,0,A,0,0,1,0
4505616,-86.059021,39.893159,19503108,1,8.0,424.0,1,5,1,1,1,1,1,0,0,A,0,0,1,0
4505617,-86.077384,39.911953,758812339,1,8.0,424.0,1,1,1,0,0,0,0,0,0,A,0,0,1,0
4505633,-86.012398,40.0471,19490882,1,8.0,424.0,1,3,1,0,1,0,1,0,0,A,1,0,1,0
4505634,-86.112007,40.026122,1220036723,1,4.0,212.0,1,1,1,0,0,0,0,0,0,A,0,0,1,0
4505635,-86.066745,40.042245,1067566760,1,18.0,954.0,2,2,1,0,0,1,0,0,0,A,0,0,1,0
4505636,-86.009956,39.994576,1278253760,1,4.0,212.0,2,2,1,0,1,0,0,0,0,A,0,0,1,0
4505637,-86.009938,39.994624,1278253760,1,8.0,424.0,2,2,1,0,1,0,0,0,0,A,0,0,1,0
4505638,-86.043841,39.945772,1220132610,1,4.0,212.0,2,3,1,0,1,0,1,0,0,A,0,0,1,0
4505639,-86.044066,39.957427,1278267741,1,6.0,318.0,1,3,1,0,1,0,1,0,0,A,0,0,1,0
4505640,-86.041158,39.951262,711440938,1,10.0,530.0,2,3,1,0,1,0,1,0,0,A,0,0,1,0
4505641,-86.059015,39.89312,19503108,1,4.0,320.0,1,5,1,1,1,1,1,0,0,A,0,0,1,0
4505642,-86.072062,39.913052,1051476425,1,6.0,318.0,2,2,1,0,0,0,1,0,0,A,1,0,1,0
4505659,-85.999025,40.045276,1278375533,1,6.0,318.0,2,3,1,0,1,0,1,0,0,A,0,0,1,0
4505660,-86.019203,40.05039,1165272614,2,16.0,848.0,2,3,1,0,1,0,1,0,0,A,1,0,1,0
4505661,-86.019203,40.05039,1165272614,1,8.0,424.0,2,2,0,1,0,1,0,0,0,A,0,0,1,0
4505662,-86.067487,40.003411,1128166517,2,16.0,848.0,2,5,1,1,1,1,1,0,0,A,1,0,1,0
4505663,-86.036932,39.924514,1296397672,3,24.0,1272.0,1,3,1,0,1,0,1,0,0,A,0,0,1,0
4505664,-86.014173,39.928261,1220146376,1,8.0,424.0,1,2,1,0,0,0,1,0,0,A,0,0,1,0
4505665,-86.035956,39.921509,1279101440,1,8.0,424.0,1,3,1,0,1,0,1,0,0,A,0,0,1,0
4505666,-86.09633,39.905991,1278993134,1,8.0,424.0,2,2,1,0,0,1,0,0,0,A,0,0,1,0
4505667,-86.070027,39.910697,19500727,1,8.0,424.0,2,1,1,0,0,0,0,0,0,A,0,0,1,0
4505668,-86.070027,39.910697,19500727,2,16.0,848.0,2,1,0,0,0,0,1,0,0,A,0,0,1,0
4505681,-85.999664,40.046951,711566931,1,8.0,424.0,1,3,1,0,1,0,1,0,0,A,0,0,1,0
4505682,-86.052409,40.064559,1278610220,1,6.0,318.0,1,1,1,0,0,0,0,0,0,A,0,0,1,0
4505683,-86.078815,40.04395,1067566757,1,6.0,318.0,1,4,1,0,1,1,1,0,0,A,0,0,1,0
4505684,-86.008012,39.974034,1297369619,1,8.0,424.0,1,5,1,1,1,1,1,0,0,A,0,0,1,0
4505685,-86.010862,39.961857,1291642763,1,4.0,212.0,1,3,1,0,1,0,1,0,0,A,0,0,1,0
4505686,-86.043557,39.956057,1278267732,1,6.0,318.0,2,2,1,0,0,1,0,0,0,A,0,0,1,0
4505687,-86.009347,39.928224,1278242152,1,4.0,212.0,2,2,1,0,0,1,0,0,0,A,0,0,1,0
4505688,-86.015035,39.950507,1297387166,1,8.0,424.0,1,5,1,1,1,1,1,0,0,A,1,0,1,0
4505704,-86.001328,40.039828,1278371641,1,8.0,424.0,1,3,1,0,1,1,0,0,0,A,0,0,1,0
4505705,-86.016962,40.060973,1220032724,1,8.0,424.0,1,2,1,0,0,0,1,0,0,A,0,0,1,0
4505706,-86.117415,40.041508,711190803,1,6.0,318.0,2,2,1,0,0,1,0,0,0,A,0,0,1,0
4505707,-86.002646,39.98405,1278267043,1,8.0,424.0,1,2,1,0,0,0,1,0,0,A,0,0,1,0
4505708,-86.113812,40.00198,1278186084,1,3.0,159.0,1,4,1,0,1,1,1,0,0,A,0,0,1,0
4505709,-86.024634,39.928703,1241330704,1,10.0,530.0,1,3,1,0,1,0,1,0,0,A,1,0,1,0
4505710,-86.012394,39.927985,1197912820,1,8.0,424.0,2,2,1,0,0,1,0,0,0,A,0,0,1,0
4505711,-86.013087,39.958746,1278252778,2,20.0,1060.0,1,5,1,1,1,1,1,0,0,A,1,0,1,0
4505712,-86.063933,39.904159,125157187,1,8.0,424.0,2,2,1,0,0,1,0,0,0,A,1,0,1,0
4505725,-85.992688,40.047317,1278373953,1,4.0,212.0,1,1,1,0,0,0,0,0,0,A,0,0,1,0
4505726,-86.015255,40.047033,1278330171,1,3.0,159.0,2,3,1,0,1,0,1,0,0,A,0,0,1,0
4505727,-86.125408,40.043259,1297393710,1,3.0,159.0,1,2,1,0,0,0,1,0,0,A,0,0,1,0
4505728,-86.030768,40.050639,1278367096,1,8.0,424.0,1,4,1,1,1,0,1,0,0,A,0,0,1,0
4505729,-86.117024,40.002528,1278193635,1,4.0,212.0,2,3,1,0,1,0,1,0,0,A,0,0,1,0
4505730,-86.026685,39.928201,1278247675,2,16.0,848.0,2,2,1,0,0,1,0,0,0,A,1,0,1,0
4505731,-86.025445,39.926662,758733542,1,3.0,159.0,2,2,1,0,0,1,0,0,0,A,0,0,1,0
4505732,-86.0276,39.926851,1197863837,1,6.0,318.0,1,2,1,0,0,1,0,0,0,A,0,0,1,0
4505733,-86.013728,39.960553,19496837,1,8.0,424.0,1,2,1,0,0,1,0,0,0,A,0,0,1,0
4505734,-86.086629,39.90813,19501224,6,48.0,2544.0,1,4,1,1,0,1,1,0,0,A,1,0,1,0
4505768,-85.999364,40.024176,1278360695,1,6.0,318.0,1,3,1,0,1,0,1,0,0,A,0,0,1,0
4505769,-86.061282,40.036983,1278736746,1,2.0,106.0,1,1,1,0,0,0,0,0,0,A,0,0,1,0
4505770,-86.110718,40.087179,1219931077,1,4.0,212.0,1,1,1,0,0,0,0,0,0,4,0,0,1,0
4505771,-86.076135,39.976269,1146116339,2,8.0,424.0,1,2,1,0,0,1,0,0,0,A,0,0,1,0
4505772,-86.074066,39.977089,1146116339,1,10.0,530.0,1,3,1,0,0,1,1,0,0,A,0,0,1,0
4505773,-86.026536,39.929421,1278247687,1,8.0,424.0,1,3,1,0,1,0,1,0,0,A,1,0,1,0
4505774,-86.012642,39.939754,1278243228,2,16.0,848.0,2,2,1,0,1,0,0,0,0,A,0,0,1,0
4505775,-86.011034,39.959056,739556207,1,4.0,212.0,2,3,1,0,1,0,1,0,0,A,1,0,1,0
4505776,-86.089849,39.903655,123262999,1,10.0,530.0,2,4,1,1,0,1,1,0,0,A,0,0,1,0
4505777,-86.090159,39.926259,1197695225,1,8.0,424.0,2,5,1,1,1,1,1,0,0,A,1,0,1,0
4505790,-86.01221,40.046095,1149015286,1,2.0,106.0,1,2,1,0,0,1,0,0,0,A,0,0,1,0
4505791,-86.008364,40.014371,1278307915,1,8.0,424.0,1,5,1,1,1,1,1,0,0,A,0,0,1,0
4505792,-86.027181,40.050328,1278367097,1,3.0,159.0,2,3,1,0,1,0,1,0,0,A,0,0,1,0
4505793,-86.006032,39.969997,1309143126,1,10.0,530.0,2,5,1,1,1,1,1,0,0,A,0,0,1,0
4505794,-86.027487,39.93886,1278212430,1,10.0,530.0,2,2,1,0,0,1,0,0,0,A,0,0,1,0
4505795,-86.030474,39.951632,1278243130,1,2.0,106.0,2,4,1,0,1,1,1,0,0,A,0,0,1,0
4505796,-86.031378,39.952541,1278243126,1,8.0,424.0,2,3,1,0,1,0,1,0,0,A,0,0,1,0
4505797,-86.066917,39.881302,1050275165,1,8.0,424.0,2,3,1,0,1,0,1,0,0,A,0,0,1,0
4505798,-86.065131,39.904861,1051471019,1,10.0,530.0,2,5,1,1,1,1,1,0,0,A,1,0,1,0
4505799,-86.109086,39.914017,761938424,2,8.0,424.0,2,4,1,1,1,0,1,0,0,A,1,0,1,0
4505800,-86.055446,39.902917,1279098244,1,8.0,424.0,1,3,1,0,1,0,1,0,0,A,0,0,1,0
4505812,-85.994919,40.056206,19494380,1,8.0,424.0,2,4,1,0,1,1,1,0,0,A,1,0,1,0
4505813,-85.993825,40.056817,19494380,21,84.0,4452.0,2,4,1,0,1,1,1,0,0,A,1,0,1,0
4505814,-85.996509,39.981274,1220049326,3,24.0,1272.0,1,2,1,0,1,0,0,0,0,A,0,0,1,0
4505815,-86.126142,40.008349,1278310396,1,8.0,424.0,1,2,1,0,0,0,1,0,0,A,0,0,1,0
4505816,-86.00503,39.999924,1269291113,1,8.0,424.0,2,3,1,0,1,0,1,0,0,A,0,0,1,0
4505817,-86.037772,39.925776,1148893264,1,2.0,106.0,2,3,1,0,1,1,0,0,0,A,1,0,1,0
4505818,-86.01513,39.93499,1278239730,1,8.0,424.0,2,2,1,0,0,1,0,0,0,A,0,0,1,0
4505819,-86.017876,39.937505,1291644810,1,4.0,212.0,2,3,1,0,1,0,1,0,0,A,0,0,1,0
4505820,-86.075452,39.903582,1279176729,1,8.0,424.0,1,3,1,1,0,1,0,0,0,A,0,0,1,0
4505821,-86.074508,39.907179,125143935,1,8.0,424.0,1,3,1,0,0,1,1,0,0,A,0,0,1,0
4505822,-86.11548,39.908025,1279018942,1,6.0,318.0,2,5,1,1,1,1,1,0,0,A,0,0,1,0
4505835,-86.012913,40.045016,1297408204,1,4.0,212.0,2,3,1,0,1,0,1,0,0,A,0,0,1,0
4505836,-86.06111,40.048782,1278399969,1,4.0,212.0,2,2,1,0,0,0,1,0,0,A,0,0,1,0
4505837,-86.073762,40.044029,1338896482,2,8.0,424.0,2,5,1,1,1,1,1,0,0,A,1,0,1,0
4505838,-85.981293,39.929357,1293338675,1,8.0,424.0,2,5,1,1,1,1,1,0,0,A,1,0,1,0
4505839,-86.010338,39.957942,1278445315,1,6.0,318.0,2,3,1,0,1,0,1,0,0,A,0,0,1,0
4505840,-86.06819,39.883738,1050537116,1,4.0,212.0,1,2,1,0,0,1,0,0,0,A,0,0,1,0
4505841,-86.086933,39.906191,1342786950,1,3.0,159.0,2,4,1,1,0,1,1,0,0,A,1,0,1,0
4505842,-86.089812,39.925359,1197695225,3,24.0,1272.0,2,4,1,0,1,1,1,0,0,A,1,0,1,0
4505843,-86.034661,39.913416,1279224230,2,16.0,848.0,1,4,1,0,1,1,1,0,0,A,0,0,1,0
4505844,-86.043342,39.886659,1279061081,1,8.0,424.0,1,3,1,0,1,0,1,0,0,A,0,0,1,0
4505845,-86.116745,39.867045,948887185,1,8.0,424.0,2,5,1,1,1,1,1,0,0,A,0,0,1,0
4505846,-86.137241,39.868032,1278675691,2,20.0,1060.0,1,5,1,1,1,1,1,0,0,A,0,0,1,0
4505854,-85.998217,40.044397,1278376096,1,6.0,318.0,2,5,1,1,1,1,1,0,0,A,0,0,1,0
4505855,-86.124664,40.082977,1278757045,1,4.0,212.0,1,1,1,0,0,0,0,0,0,O,0,0,1,0
4505856,-86.028489,40.047717,711247227,1,8.0,424.0,1,2,1,0,0,1,0,0,0,A,0,0,1,0
4505857,-86.006625,39.990476,1278261062,2,8.0,424.0,2,1,1,0,0,0,0,0,0,A,1,0,1,0
4505858,-86.071555,40.001378,1220066071,2,8.0,424.0,1,5,1,1,1,1,1,0,0,A,0,0,1,0
4505859,-86.029802,39.929637,1278237124,1,8.0,424.0,2,3,1,0,1,0,1,0,0,A,0,0,1,0
4505860,-86.034919,39.929141,1278235867,1,4.0,212.0,1,4,1,1,1,0,1,0,0,A,0,0,1,0
4505861,-86.071883,39.882585,1198724622,1,8.0,424.0,2,2,1,0,0,1,0,0,0,A,0,0,1,0
4505862,-86.074739,39.90354,1279176729,1,6.0,318.0,1,2,1,0,0,1,0,0,0,A,0,0,1,0
4505863,-86.058555,39.931636,1310078256,1,8.0,424.0,2,1,1,0,0,0,0,0,0,A,0,0,1,0
4505864,-86.094465,39.928322,1197916400,2,16.0,848.0,1,5,1,1,1,1,1,0,0,A,0,0,1,0
4505865,-86.028959,39.916672,1279226882,1,6.0,318.0,1,2,1,0,0,1,0,0,0,A,0,0,1,0
4505870,-85.997848,40.036185,1240313657,1,6.0,318.0,1,3,1,0,1,0,1,0,0,A,0,0,1,0
4505871,-86.032231,40.081279,1278465629,1,8.0,424.0,2,2,1,0,0,1,0,0,0,A,0,0,1,0
4505872,-86.07838,40.044614,1297398760,8,32.0,1696.0,2,4,1,0,1,1,1,0,0,A,0,0,1,0
4505873,-86.121879,40.004301,775199335,2,8.0,424.0,2,3,1,0,1,0,1,0,0,A,0,0,1,0
4505874,-86.12191,40.005845,775199337,1,10.0,530.0,1,3,1,0,1,0,1,0,0,A,0,0,1,0
4505875,-86.122474,40.007223,1370615473,2,12.0,636.0,2,3,1,0,1,0,1,0,0,A,0,0,1,0
4505876,-86.119975,40.005628,775199345,7,56.0,2968.0,2,3,1,0,1,0,1,0,0,A,0,0,1,0
4505877,-86.067828,39.884588,758536131,1,8.0,424.0,1,5,1,1,1,1,1,0,0,A,1,0,1,0
4505878,-86.063363,39.927253,19974530,1,8.0,424.0,1,3,1,0,1,0,1,0,0,A,0,0,1,0
4505879,-86.108357,39.914651,761938425,1,4.0,212.0,2,3,1,1,1,0,0,0,0,A,0,0,1,0
4505880,-86.108276,39.914662,761938425,2,24.0,1272.0,2,4,1,1,1,0,1,0,0,A,0,0,1,0
4505881,-86.044112,39.884214,1279061064,1,8.0,424.0,1,2,1,0,0,1,0,0,0,A,0,0,1,0
4505882,-86.122989,39.868335,1293450555,1,2.0,106.0,2,1,1,0,0,0,0,0,0,4,0,0,1,0
4505883,-86.141524,39.871987,839141152,1,2.0,106.0,2,3,1,0,1,0,1,0,0,A,0,0,1,0
4505884,-86.117577,39.853189,1296704131,1,10.0,530.0,1,1,1,0,0,0,0,0,0,E,0,0,1,0
4505885,-86.130117,39.84255,1228436042,1,6.0,318.0,2,2,1,0,0,1,0,0,0,A,0,0,1,0
4505886,-86.085689,39.834182,1279077994,1,10.0,530.0,1,3,1,0,1,0,1,0,0,A,0,0,1,0
4505887,-85.973588,39.860444,1279281886,1,8.0,424.0,2,2,1,0,0,1,0,0,0,A,0,0,1,0
4505888,-85.91989,39.912097,915257786,1,8.0,424.0,1,3,1,0,1,0,1,0,0,A,0,0,1,0
4505889,-86.008367,39.857943,1279249548,1,2.0,106.0,2,2,1,0,0,1,0,0,0,A,0,0,1,0
4505890,-86.026091,39.835724,1279226688,2,16.0,848.0,2,5,1,1,1,1,1,0,0,A,1,0,1,0
4505891,-86.021923,40.171331,35258811,1,4.0,212.0,2,1,0,1,0,0,0,0,0,A,0,0,1,0
4505892,-85.961592,40.116486,1291190741,1,4.0,212.0,1,1,0,1,0,0,0,0,0,O,0,0,1,0
4505893,-86.003254,40.043504,19491000,1,8.0,424.0,2,1,0,1,0,0,0,0,0,A,0,0,1,0
4505894,-86.031643,39.917032,1293428933,1,8.0,424.0,2,2,0,1,0,1,0,0,0,A,0,0,1,0
4505897,-86.012939,40.047169,1278330195,1,8.0,424.0,2,2,1,0,0,0,1,0,0,A,0,0,1,0
4505898,-86.008734,40.012613,1278306677,1,8.0,424.0,1,3,1,0,1,0,1,0,0,A,0,0,1,0
4505899,-86.086428,40.042236,1066988524,1,4.0,212.0,2,1,1,0,0,0,0,0,0,A,0,0,1,0
4505900,-86.0705,39.957736,1278322266,1,6.0,318.0,1,1,1,0,0,0,0,0,0,A,0,0,1,0
4505901,-86.003024,39.994081,1278264487,1,6.0,318.0,1,1,1,0,0,0,0,0,0,A,0,0,1,0
4505902,-86.104554,40.02084,1220032980,3,24.0,1272.0,1,3,1,0,1,0,1,0,0,A,0,0,1,0
4505903,-86.025369,39.928629,1291657175,1,8.0,424.0,1,2,1,0,1,0,0,0,0,A,1,0,1,0
4505904,-86.013397,39.950337,1297387166,2,16.0,848.0,2,3,1,0,1,0,1,0,0,A,0,0,1,0
4505905,-86.067027,39.882398,1050275164,1,4.0,212.0,1,2,1,0,0,0,1,0,0,A,0,0,1,0
4505906,-86.081379,39.903556,1196912228,1,3.0,159.0,2,3,1,0,1,0,1,0,0,A,1,0,1,0
4505907,-86.093823,39.94392,708484085,1,8.0,424.0,2,2,1,0,0,1,0,0,0,A,0,0,1,0
4505908,-86.105105,39.910859,1279077840,1,4.0,212.0,1,2,1,0,0,1,0,0,0,A,0,0,1,0
4505909,-86.034302,39.915801,1279226922,1,10.0,530.0,2,5,1,1,1,1,1,0,0,A,0,0,1,0
4505910,-86.04431,39.916162,19500288,15,60.0,3180.0,2,5,1,1,1,1,1,0,0,A,1,0,1,0
4505911,-86.045928,39.915487,19500288,1,3.0,159.0,2,3,1,0,1,0,1,0,0,A,1,0,1,0
4505912,-86.123302,39.83641,1296639711,1,8.0,424.0,2,2,1,0,0,1,0,0,0,A,0,0,1,0
4505913,-86.071698,39.851302,1296641024,3,6.0,318.0,2,3,1,0,1,0,1,0,0,A,0,0,1,0
4505914,-85.982689,39.892201,1296688617,1,8.0,424.0,1,2,1,0,0,1,0,0,0,A,0,0,1,0
4505915,-85.974528,39.86262,1050658521,1,6.0,318.0,1,2,1,0,0,0,1,0,0,A,0,0,1,0
4505916,-86.006308,39.853972,1197320048,1,4.0,212.0,2,4,1,0,1,1,1,0,0,A,0,0,1,0
4505917,-86.016956,39.839624,1279310023,6,24.0,1272.0,2,2,1,0,0,1,0,0,0,A,0,0,1,0
4505918,-86.009382,40.161368,1219926207,1,2.0,106.0,1,1,0,1,0,0,0,0,0,E,0,0,1,0
4505919,-85.900716,40.210291,125142624,1,8.0,424.0,2,1,0,1,0,0,0,0,0,O,0,0,1,0
4505920,-85.999008,40.031991,1278362873,1,4.0,212.0,1,1,0,1,0,0,0,0,0,A,0,0,1,0
4505921,-86.031239,39.917048,1293429175,1,2.0,106.0,2,1,0,1,0,0,0,0,0,A,0,0,1,0
4505922,-86.039872,39.926213,948614842,1,4.0,212.0,2,1,0,1,0,0,0,0,0,A,0,0,1,0
4505923,-86.043599,39.915906,1279102024,1,4.0,212.0,1,1,0,1,0,0,0,0,0,A,0,0,1,0
4505924,-86.047158,39.926184,1197856777,1,8.0,424.0,1,2,1,0,0,1,0,0,0,A,0,0,1,0
4505925,-86.067398,39.880973,1050275157,1,8.0,424.0,2,3,1,0,1,0,1,0,0,A,0,0,1,0
4505926,-86.064987,39.904742,1051471019,1,4.0,212.0,2,3,1,0,1,0,1,0,0,A,0,0,1,0
4505927,-86.087162,39.925596,1278977166,3,24.0,1272.0,2,2,1,0,0,1,0,0,0,A,0,0,1,0
4505928,-86.114141,39.909461,1278945083,1,6.0,318.0,2,3,1,0,1,0,1,0,0,A,0,0,1,0
4505929,-86.03937,39.906039,1196497311,1,6.0,318.0,2,2,1,0,0,1,0,0,0,A,0,0,1,0
4505930,-86.047302,39.897978,1197044991,1,8.0,424.0,1,3,1,0,1,0,1,0,0,A,0,0,1,0
4505931,-86.05077,39.909888,19501069,11,88.0,4664.0,2,3,1,0,1,0,1,0,0,A,0,0,1,0
4505932,-86.143461,39.870718,1278664029,1,4.0,212.0,1,4,1,1,0,1,1,0,0,A,1,0,1,0
4505933,-86.121528,39.848954,1296703056,1,4.0,212.0,2,2,1,0,0,1,0,0,0,A,0,0,1,0
4505934,-86.121219,39.836071,1279344037,1,6.0,318.0,2,2,1,0,0,1,0,0,0,A,0,0,1,0
4505935,-86.043497,39.855881,1197313093,1,18.0,954.0,1,3,1,0,1,0,1,0,0,A,0,0,1,0
4505936,-85.969372,39.862392,1196607765,1,2.0,106.0,2,1,1,0,0,0,0,0,0,A,0,0,1,0
4505937,-85.920967,39.901043,1278136809,1,8.0,424.0,1,2,1,0,0,1,0,0,0,A,0,0,1,0
4505938,-86.009485,39.856469,1197322202,2,16.0,848.0,2,5,1,1,1,1,1,0,0,A,1,0,1,0
4505939,-86.028965,40.176142,1309142057,1,4.0,212.0,1,1,0,1,0,0,0,0,0,A,0,0,1,0
4505940,-85.993508,40.204177,35258514,1,2.0,106.0,1,1,0,1,0,0,0,0,0,A,0,0,1,0
4505941,-85.996339,40.035311,1278368453,1,2.0,106.0,2,1,0,1,0,0,0,0,0,A,0,0,1,0
4505942,-86.027708,39.914146,1279226839,1,8.0,424.0,2,1,0,1,0,0,0,0,0,A,0,0,1,0
4505943,-86.05568,39.93435,711440936,1,3.0,159.0,2,1,0,1,0,0,0,0,0,A,0,0,1,0
4505944,-86.032521,39.924474,1279222954,1,8.0,424.0,2,1,0,1,0,0,0,0,0,A,0,0,1,0
4505945,-86.012866,40.046322,1067233611,1,2.0,106.0,2,2,0,1,0,0,1,0,0,A,0,0,1,0
4505946,-86.107729,40.059892,1278208327,1,8.0,424.0,2,2,0,1,0,0,1,0,0,A,0,0,1,0
4505947,-86.004885,40.006793,1278303192,2,8.0,424.0,2,2,0,1,0,0,1,0,0,A,0,0,1,0
4505948,-86.0072,39.992807,1278259800,1,8.0,424.0,2,2,0,1,0,0,1,0,0,A,0,0,1,0
4505949,-86.148687,39.841001,1278789394,1,3.0,159.0,2,1,0,1,0,0,0,0,0,A,0,0,1,0
4505950,-86.120785,39.854293,1278797022,1,3.0,159.0,2,1,0,1,0,0,0,0,0,O,0,0,1,0
4505951,-86.089638,39.927995,1307464819,1,4.0,212.0,1,2,0,1,0,0,1,0,0,A,0,0,1,0
4505952,-86.078266,39.904577,1050350281,1,8.0,424.0,2,1,0,1,0,0,0,0,0,A,0,0,1,0
4505953,-86.071035,39.981379,1219978206,1,8.0,424.0,1,2,0,1,0,0,1,0,0,A,0,0,1,0
4505954,-85.958734,39.903502,1197312646,1,3.0,159.0,1,1,0,1,0,0,0,0,0,A,0,0,1,0
4505955,-86.012338,39.95765,1278447607,1,4.0,212.0,1,4,1,1,1,0,1,0,0,A,1,0,1,0
4505956,-86.061785,39.900833,1279160726,1,6.0,318.0,2,1,1,0,0,0,0,0,0,A,0,0,1,0
4505957,-86.063134,39.901378,1279160729,1,2.0,106.0,2,1,1,0,0,0,0,0,0,A,0,0,1,0
4505958,-86.10412,39.928457,1278252212,1,6.0,318.0,1,4,1,1,1,0,1,0,0,A,0,0,1,0
4505959,-86.109492,39.910703,1196824090,4,32.0,1696.0,1,5,1,1,1,1,1,0,0,A,1,0,1,0
4505960,-86.048957,39.896925,1279084333,1,2.0,106.0,2,2,1,0,0,1,0,0,0,A,0,0,1,0
4505961,-86.05476,39.906243,1279163707,1,4.0,212.0,2,3,1,0,1,0,1,0,0,A,0,0,1,0
4505962,-86.121532,39.883743,1293448895,1,8.0,424.0,2,2,1,0,0,1,0,0,0,A,0,0,1,0
4505963,-86.159727,39.853895,1050233555,1,8.0,424.0,1,2,1,0,0,0,1,0,0,A,0,0,1,0
4505964,-86.120718,39.846996,1278820327,1,6.0,318.0,2,2,1,0,0,1,0,0,0,A,0,0,1,0
4505965,-86.113948,39.841298,1279217166,2,16.0,848.0,2,4,1,0,1,1,1,0,0,A,0,0,1,0
4505966,-86.086513,39.869466,19464760,13,52.0,2756.0,2,5,1,1,1,1,1,0,0,A,1,0,1,0
4505967,-85.979085,39.862129,1279245391,1,4.0,212.0,1,2,1,0,0,1,0,0,0,A,0,0,1,0
4505968,-86.017528,39.854485,1279213321,1,6.0,318.0,2,3,1,0,1,0,1,0,0,A,0,0,1,0
4505969,-86.029247,39.827278,19470223,4,24.0,1272.0,2,4,1,0,1,1,1,0,0,A,1,0,1,0
4505970,-86.022144,40.176451,1262298652,1,2.0,106.0,1,1,0,1,0,0,0,0,0,O,0,0,1,0
4505971,-85.940911,40.161752,1278370835,1,8.0,424.0,2,1,0,1,0,0,0,0,0,O,0,0,1,0
4505972,-85.971745,40.079447,1297360677,1,2.0,106.0,2,1,0,1,0,0,0,0,0,A,0,0,1,0
4505973,-86.029274,39.913829,1279226829,1,8.0,424.0,2,1,0,1,0,0,0,0,0,A,0,0,1,0
4505974,-86.032287,39.935539,1278306434,1,4.0,212.0,2,1,0,1,0,0,0,0,0,A,0,0,1,0
4505975,-86.012921,39.928489,1050330934,1,6.0,318.0,2,1,0,1,0,0,0,0,0,A,0,0,1,0
4505976,-86.009067,40.041444,19491277,1,3.0,159.0,2,1,0,1,0,0,0,0,0,A,0,0,1,0
4505977,-86.032833,40.032824,1149541704,1,3.0,159.0,1,1,0,1,0,0,0,0,0,E,0,0,1,0
4505978,-86.102055,40.04218,1309434476,1,4.0,212.0,2,1,0,1,0,0,0,0,0,A,0,0,1,0
4505979,-86.013507,40.027163,1278313450,1,8.0,424.0,1,2,0,1,0,0,1,0,0,A,0,0,1,0
4505980,-85.996974,39.985661,1220057310,2,16.0,848.0,1,2,0,1,0,1,0,0,0,A,0,0,1,0
4505981,-86.1265,39.847154,1283685199,1,2.0,106.0,2,2,0,1,0,0,1,0,0,A,0,0,1,0
4505982,-86.125421,39.852186,1293453835,1,2.0,106.0,1,1,0,1,0,0,0,0,0,A,0,0,1,0
4505983,-86.097794,39.920914,1279037344,1,8.0,424.0,2,2,0,1,0,0,1,0,0,A,0,0,1,0
4505984,-86.017791,39.944661,781656608,1,4.0,212.0,2,2,0,1,0,0,1,0,0,A,0,0,1,0
4505985,-85.980815,39.855092,1279227680,1,8.0,424.0,2,1,0,1,0,0,0,0,0,A,0,0,1,0
4505986,-86.083782,39.908233,20085064,8,24.0,1272.0,2,4,1,1,0,1,1,0,0,A,1,0,1,0
4505987,-86.075082,39.914643,1197848596,1,8.0,424.0,1,3,1,0,1,0,1,0,0,A,0,0,1,0
4505988,-86.116199,39.906012,1293446980,1,6.0,318.0,2,5,1,1,1,1,1,0,0,A,0,0,1,0
4505989,-86.049922,39.904712,1279156442,1,8.0,424.0,2,5,1,1,1,1,1,0,0,A,1,0,1,0
4505990,-86.12142,39.875354,1197329785,1,8.0,424.0,2,2,1,0,0,1,0,0,0,A,0,0,1,0
4505991,-86.155344,39.843336,1278586398,1,6.0,318.0,1,5,1,1,1,1,1,0,0,A,0,0,1,0
4505992,-86.082209,39.875254,1279023932,1,6.0,318.0,2,2,1,0,1,0,0,0,0,A,0,0,1,0
4505993,-86.067021,39.841699,1371699918,1,8.0,424.0,2,3,1,0,1,0,1,0,0,A,0,0,1,0
4505994,-85.964936,39.890886,1296688601,1,8.0,424.0,2,3,1,0,1,0,1,0,0,A,0,0,1,0
4505995,-85.982067,39.86011,1293682584,1,8.0,424.0,1,2,1,0,0,1,0,0,0,A,0,0,1,0
4505996,-86.02361,39.854434,1197508052,1,6.0,318.0,2,2,1,0,0,1,0,0,0,A,0,0,1,0
4505997,-86.031281,39.832222,1279180623,1,6.0,318.0,2,3,1,0,1,0,1,0,0,A,0,0,1,0
4505998,-86.009657,40.058038,1149018261,1,3.0,159.0,2,1,0,1,0,0,0,0,0,O,0,0,1,0
4505999,-86.022097,40.175241,1278822563,1,8.0,424.0,2,1,0,1,0,0,0,0,0,A,0,0,1,0
4506000,-85.950761,40.113536,814370110,1,6.0,318.0,2,1,0,1,0,0,0,0,0,O,0,0,1,0
4506001,-86.035407,39.917756,1279225671,1,8.0,424.0,1,2,0,1,0,0,1,0,0,A,0,0,1,0
4506002,-86.055871,39.934838,711440937,1,4.0,212.0,2,1,0,1,0,0,0,0,0,A,0,0,1,0
4506003,-86.035077,39.921778,1279101440,1,6.0,318.0,1,1,0,1,0,0,0,0,0,A,0,0,1,0
4506004,-86.020396,40.049926,1219933561,1,2.0,106.0,2,1,0,1,0,0,0,0,0,4,0,0,1,0
4506005,-86.128557,40.04318,1144655270,1,2.0,106.0,1,1,0,1,0,0,0,0,0,E,0,0,1,0
4506006,-86.016242,40.034676,19491498,1,6.0,318.0,2,1,0,1,0,0,0,0,0,A,0,0,1,0
4506007,-86.008052,39.961701,1278452955,1,4.0,212.0,1,1,0,1,0,0,0,0,0,A,0,0,1,0
4506008,-86.007988,39.973052,1297369619,1,8.0,424.0,2,1,0,1,0,0,0,0,0,A,0,0,1,0
4506009,-86.149479,39.86162,19465707,1,3.0,159.0,2,1,0,1,0,0,0,0,0,A,0,0,1,0
4506010,-86.125015,39.849843,1278818775,1,4.0,212.0,1,2,0,1,0,0,1,0,0,A,0,0,1,0
4506011,-86.102271,39.908184,1196903644,1,2.0,106.0,1,1,0,1,0,0,0,0,0,A,0,0,1,0
4506012,-86.016325,39.955643,1236355304,1,4.0,212.0,2,1,0,1,0,0,0,0,0,A,0,0,1,0
4506013,-85.996518,39.864988,1296650631,1,10.0,530.0,1,1,0,1,0,0,0,0,0,A,0,0,1,0
4506014,-85.958614,39.903711,1197312646,1,2.0,106.0,1,1,0,1,0,0,0,0,0,A,0,0,1,0
4506015,-85.937575,39.885219,1278268805,1,2.0,106.0,2,1,0,1,0,0,0,0,0,E,0,0,1,0
4506016,-86.042364,39.832373,1228426065,1,2.0,106.0,2,1,0,1,0,0,0,0,0,A,0,0,1,0
4506017,-86.074646,39.904044,1279176729,1,10.0,530.0,1,2,1,0,0,0,1,0,0,A,0,0,1,0
4506018,-86.064718,39.927661,1278340475,1,4.0,212.0,2,3,1,0,1,0,1,0,0,A,0,0,1,0
4506019,-86.10302,39.91917,1279014103,1,10.0,530.0,1,3,1,0,1,0,1,0,0,A,0,0,1,0
4506020,-86.038689,39.898641,1279101158,1,8.0,424.0,2,5,1,1,1,1,1,0,0,A,1,0,1,0
4506021,-86.050003,39.907553,1279163827,1,8.0,424.0,2,5,1,1,1,1,1,0,0,A,0,0,1,0
4506022,-86.146938,39.862644,1278607726,1,8.0,424.0,1,3,1,0,1,0,1,0,0,A,0,0,1,0
4506023,-86.123132,39.850856,1278801571,1,8.0,424.0,1,2,1,0,0,0,1,0,0,A,0,0,1,0
4506024,-86.090385,39.869616,1296633662,1,6.0,318.0,1,2,1,0,1,0,0,0,0,A,0,0,1,0
4506025,-86.071531,39.84865,1278825803,1,8.0,424.0,2,3,1,0,1,0,1,0,0,A,0,0,1,0
4506026,-85.955208,39.876649,1296776991,1,8.0,424.0,2,2,1,0,0,1,0,0,0,A,0,0,1,0
4506027,-85.975646,39.861872,1279275237,1,6.0,318.0,1,4,1,0,1,1,1,0,0,A,1,0,1,0
4506028,-86.023126,39.83637,1050236680,1,4.0,212.0,2,2,1,0,0,1,0,0,0,A,0,0,1,0
4506029,-86.029226,39.836269,1279242396,1,8.0,424.0,1,5,1,1,1,1,1,0,0,A,0,0,1,0
4506030,-85.9568,40.111529,1037584541,1,6.0,318.0,1,1,0,1,0,0,0,0,0,A,0,0,1,0
4506031,-85.956962,40.111569,1037584541,2,16.0,848.0,1,1,0,1,0,0,0,0,0,A,0,0,1,0
4506032,-86.032093,39.939181,1278236416,1,2.0,106.0,2,2,0,1,0,0,1,0,0,A,0,0,1,0
4506033,-86.040765,39.913778,1279102018,1,2.0,106.0,2,1,0,1,0,0,0,0,0,A,0,0,1,0
4506034,-86.075178,40.00136,1297367643,1,4.0,212.0,1,1,0,1,0,0,0,0,0,A,0,0,1,0
4506035,-86.098956,40.041639,1309434475,1,3.0,159.0,2,1,0,1,0,0,0,0,0,A,0,0,1,0
4506036,-86.008544,40.008953,1278303142,1,6.0,318.0,1,2,0,1,0,1,0,0,0,A,0,0,1,0
4506037,-86.00626,39.975799,1278258005,1,6.0,318.0,1,1,0,1,0,0,0,0,0,A,0,0,1,0
4506038,-86.160549,39.853775,1050239253,1,8.0,424.0,2,1,0,1,0,0,0,0,0,A,0,0,1,0
4506039,-86.124496,39.850526,1278801551,1,2.0,106.0,1,1,0,1,0,0,0,0,0,A,0,0,1,0
4506040,-86.095122,39.929136,1370457925,1,4.0,212.0,2,1,0,1,0,0,0,0,0,E,0,0,1,0
4506041,-86.098383,39.909674,1278993154,1,8.0,424.0,2,2,0,1,0,0,1,0,0,A,0,0,1,0
4506042,-85.98013,39.862405,1296652085,1,8.0,424.0,2,2,0,1,0,1,0,0,0,A,0,0,1,0
4506043,-86.045036,39.909312,1279171282,1,2.0,106.0,2,1,0,1,0,0,0,0,0,A,0,0,1,0
4506044,-85.928345,39.889021,1372819155,1,8.0,424.0,2,1,0,1,0,0,0,0,0,A,0,0,1,0
4506045,-86.054335,39.833542,1279074712,1,2.0,160.0,1,1,0,1,0,0,0,0,0,A,0,0,1,0
4506046,-86.025727,39.824747,1197635039,1,2.0,106.0,2,1,0,1,0,0,0,0,0,A,0,0,1,0
4506047,-86.049619,39.895252,1296716749,1,4.0,212.0,2,1,0,1,0,0,0,0,0,A,0,0,1,0
4506048,-86.065193,39.904114,1279163148,1,8.0,424.0,2,3,1,0,1,0,1,0,0,A,0,0,1,0
4506049,-86.102668,39.925439,1279054156,1,6.0,318.0,1,2,1,0,0,1,0,0,0,A,1,0,1,0
4506050,-86.10413,39.925209,1279022523,1,8.0,424.0,1,4,1,1,0,1,1,0,0,A,1,0,1,0
4506051,-86.047151,39.90261,765871787,1,8.0,424.0,1,2,1,0,0,1,0,0,0,A,0,0,1,0
4506052,-86.046873,39.878733,1279074472,1,2.0,106.0,1,2,1,0,0,1,0,0,0,A,0,0,1,0
4506053,-86.047794,39.908126,1279171256,1,8.0,424.0,1,3,1,0,1,0,1,0,0,A,0,0,1,0
4506054,-86.149635,39.883877,1162577018,1,24.0,1272.0,1,5,1,1,1,1,1,0,0,A,0,0,1,0
4506055,-86.148056,39.88658,125157940,1,8.0,424.0,1,1,0,0,1,0,0,0,0,A,0,0,1,0
4506056,-86.067204,39.842513,1371699917,1,8.0,424.0,1,4,1,0,1,1,1,0,0,A,0,0,1,0
4506057,-85.972089,39.859921,1196407564,1,8.0,424.0,2,3,1,0,1,0,1,0,0,A,0,0,1,0
4506058,-85.974931,39.862004,1279275243,1,2.0,106.0,1,2,1,0,0,1,0,0,0,A,0,0,1,0
4506059,-86.006908,39.856091,1197321142,1,8.0,424.0,1,3,1,0,1,0,1,0,0,A,0,0,1,0
4506060,-86.045426,39.842945,1162558716,1,8.0,424.0,2,2,1,0,0,1,0,0,0,A,0,0,1,0
4506061,-85.995592,40.04741,1240199605,1,6.0,318.0,1,1,0,1,0,0,0,0,0,A,0,0,1,0
4506062,-86.021398,40.176192,35258713,1,4.0,212.0,1,1,0,1,0,0,0,0,0,4,0,0,1,0
4506063,-85.943294,40.134613,1067326338,1,4.0,212.0,2,1,0,1,0,0,0,0,0,O,0,0,1,0
4506064,-85.997899,40.040821,1241769339,1,8.0,424.0,1,1,0,1,0,0,0,0,0,A,0,0,1,0
4506065,-86.029674,39.916473,1279226917,1,3.0,159.0,1,1,0,1,0,0,0,0,0,A,0,0,1,0
4506066,-86.057982,39.932342,1278384419,1,8.0,424.0,2,1,0,1,0,0,0,0,0,A,0,0,1,0
4506067,-86.033523,39.924629,1279222954,1,4.0,212.0,1,1,0,1,0,0,0,0,0,A,0,0,1,0
4506068,-86.01425,40.047019,1148898540,1,4.0,212.0,1,2,0,1,0,0,1,0,0,A,0,0,1,0
4506069,-86.110735,40.043699,1128555911,1,6.0,318.0,2,1,0,1,0,0,0,0,0,A,0,0,1,0
4506070,-86.005244,40.008419,1278303122,1,2.0,106.0,2,1,0,1,0,0,0,0,0,A,0,0,1,0
4506071,-86.007693,39.990254,1278261062,1,4.0,212.0,1,1,0,1,0,0,0,0,0,A,0,0,1,0
4506072,-86.098036,39.867794,1279101037,1,8.0,424.0,1,2,0,1,0,1,0,0,0,A,1,0,1,0
4506073,-86.122573,39.848397,1278818868,1,2.0,106.0,1,1,0,1,0,0,0,0,0,A,0,0,1,0
4506074,-86.093624,39.926087,1220161672,1,6.0,318.0,2,1,0,1,0,0,0,0,0,A,0,0,1,0
4506075,-86.07949,39.904825,1051321862,1,4.0,212.0,1,2,0,1,0,0,1,0,0,A,0,0,1,0
4506076,-85.979662,39.860363,1279247076,1,6.0,318.0,1,1,0,1,0,0,0,0,0,O,0,0,1,0
4506077,-85.958602,39.90369,1197312646,1,4.0,212.0,1,1,0,1,0,0,0,0,0,A,0,0,1,0
4506078,-85.958107,39.873112,1279238917,1,4.0,212.0,1,1,0,1,0,0,0,0,0,A,0,0,1,0
4506079,-86.060178,39.907264,1054201256,1,8.0,424.0,1,4,1,1,0,1,1,0,0,A,1,0,1,0
4506080,-86.108873,39.919861,1241719743,1,8.0,424.0,1,3,1,1,0,1,0,0,0,A,1,0,1,0
4506082,-86.04979,39.897298,1296716749,2,16.0,848.0,1,3,1,0,1,0,1,0,0,A,0,0,1,0
4506083,-86.04979,39.897298,1296716749,1,8.0,424.0,1,2,0,1,0,1,0,0,0,A,0,0,1,0
4506084,-86.146841,39.867167,19465046,1,2.0,106.0,1,1,1,0,0,0,0,0,0,A,0,0,1,0
4506085,-86.141193,39.850629,1278782007,1,8.0,424.0,2,2,1,0,0,1,0,0,0,A,1,0,1,0
4506086,-86.123147,39.8485,1278818807,1,8.0,424.0,2,4,1,0,1,1,1,0,0,A,0,0,1,0
4506087,-86.091212,39.870433,984202021,10,80.0,4240.0,2,3,1,0,1,0,1,0,0,A,0,0,1,0
4506088,-86.093307,39.869019,19464794,5,30.0,1590.0,1,3,1,0,1,0,1,0,0,A,0,0,1,0
4506089,-85.99583,39.856443,125142330,1,6.0,318.0,1,3,1,0,1,0,1,0,0,A,0,0,1,0
4506090,-86.009229,39.827647,1050215397,1,8.0,424.0,2,2,1,0,0,1,0,0,0,A,0,0,1,0
4506091,-86.028439,39.842961,125147276,2,16.0,848.0,2,3,1,0,1,0,1,0,0,A,0,0,1,0
4506092,-86.01245,40.139458,1278370826,1,4.0,212.0,2,1,0,1,0,0,0,0,0,A,0,0,1,0
4506093,-85.938902,40.119726,761708366,1,6.0,318.0,2,1,0,1,0,0,0,0,0,E,0,0,1,0
4506094,-85.996476,40.039891,1241774732,1,2.0,106.0,1,1,0,1,0,0,0,0,0,A,0,0,1,0
4506095,-86.026365,39.913948,1279226847,1,8.0,424.0,2,1,0,1,0,0,0,0,0,A,0,0,1,0
4506096,-86.032064,39.939124,1297369651,1,4.0,212.0,1,1,0,1,0,0,0,0,0,A,0,0,1,0
4506097,-86.037561,39.922988,1050429287,1,4.0,212.0,1,1,0,1,0,0,0,0,0,E,0,0,1,0
4506098,-86.025465,40.050022,1067005378,1,4.0,212.0,2,1,0,1,0,0,0,0,0,4,0,0,1,0
4506099,-86.1273,40.043117,1282033405,1,6.0,318.0,2,2,0,1,0,0,1,0,0,A,0,0,1,0
4506100,-86.005768,40.01444,1278307946,1,2.0,106.0,2,1,0,1,0,0,0,0,0,A,0,0,1,0
4506101,-86.011484,39.95537,1297398014,1,2.0,106.0,2,1,0,1,0,0,0,0,0,O,0,0,1,0
4506102,-86.080122,39.873508,1279073702,1,6.0,318.0,1,1,0,1,0,0,0,0,0,A,0,0,1,0
4506103,-86.145474,39.862653,1278607726,1,2.0,106.0,2,2,0,1,0,0,1,0,0,A,0,0,1,0
4506104,-86.119325,39.837048,1293681807,1,6.0,318.0,1,1,0,1,0,0,0,0,0,A,0,0,1,0
4506105,-86.112428,39.911485,1278950330,1,10.0,530.0,1,3,0,1,0,1,1,0,0,A,1,0,1,0
4506106,-85.982451,39.859292,1197334960,1,4.0,212.0,1,1,0,1,0,0,0,0,0,A,0,0,1,0
4506107,-85.958637,39.903682,1197312646,1,2.0,106.0,1,1,0,1,0,0,0,0,0,A,0,0,1,0
4506108,-85.966398,39.866484,1279286776,1,4.0,212.0,1,1,0,1,0,0,0,0,0,A,0,0,1,0
4506109,-86.045453,39.837112,1279065554,1,4.0,212.0,2,1,0,1,0,0,0,0,0,A,0,0,1,0
4506110,-86.05601,39.934148,711440936,2,16.0,848.0,2,3,1,0,1,0,1,0,0,A,0,0,1,0
4506111,-86.103946,39.920629,1279022569,1,8.0,424.0,2,3,1,0,1,0,1,0,0,A,0,0,1,0
4506112,-86.101596,39.910828,125144428,1,3.0,159.0,2,2,1,0,0,1,0,0,0,A,0,0,1,0
4506113,-86.048753,39.903873,1228442687,1,4.0,212.0,2,2,1,0,0,1,0,0,0,A,1,0,1,0
4506114,-86.049439,39.908287,1228425037,1,4.0,212.0,2,3,1,0,1,0,1,0,0,A,0,0,1,0
4506115,-86.142979,39.872985,19464507,1,4.0,212.0,1,3,1,0,1,0,1,0,0,A,0,0,1,0
4506116,-86.120105,39.853106,1278817927,1,3.0,159.0,1,3,1,0,1,0,1,0,0,A,0,0,1,0
4506117,-86.079674,39.871415,1278823360,2,12.0,636.0,1,3,1,0,1,0,1,0,0,A,0,0,1,0
4506118,-85.988577,39.856769,1279236622,20,160.0,8000.0,1,5,1,1,1,1,1,0,0,A,0,0,1,0
4506119,-86.008794,39.857301,1279249514,1,4.0,212.0,2,3,1,0,1,0,1,0,0,A,0,0,1,0
4506120,-86.033297,39.836541,1279181813,1,8.0,424.0,1,3,1,0,1,0,1,0,0,A,0,0,1,0
4506121,-85.993454,40.049655,1278374348,1,8.0,424.0,2,1,0,1,0,0,0,0,0,A,0,0,1,0
4506122,-86.051869,40.176337,1278566281,1,4.0,212.0,1,1,0,1,0,0,0,0,0,A,0,0,1,0
4506123,-85.939172,40.15352,1219927621,1,6.0,318.0,2,1,0,1,0,0,0,0,0,O,0,0,1,0
4506124,-86.003615,40.039408,1220042272,1,6.0,318.0,1,1,0,1,0,0,0,0,0,A,0,0,1,0
4506125,-86.031729,39.916575,1293429103,1,3.0,159.0,1,1,0,1,0,0,0,0,0,A,0,0,1,0
4506126,-86.052202,39.937735,1278230962,1,4.0,212.0,2,1,0,1,0,0,0,0,0,A,0,0,1,0
4506127,-86.04222,39.917278,1279102084,1,2.0,106.0,1,1,0,1,0,0,0,0,0,E,0,0,1,0
4506128,-86.016145,40.048427,1278310284,1,2.0,106.0,2,1,0,1,0,0,0,0,0,A,0,0,1,0
4506129,-86.127051,40.043267,1282033405,1,4.0,212.0,2,2,0,1,0,0,1,0,0,A,0,0,1,0
4506130,-86.01268,40.028986,1278313975,1,2.0,106.0,1,1,0,1,0,0,0,0,0,A,0,0,1,0
4506131,-86.006152,39.9617,1278396206,1,2.0,106.0,2,1,0,1,0,0,0,0,0,4,0,0,1,0
4506132,-86.07862,39.872165,1278823349,1,6.0,318.0,2,1,0,1,0,0,0,0,0,A,0,0,1,0
4506133,-86.157853,39.85689,1373474221,1,8.0,424.0,1,2,0,1,0,0,1,0,0,A,0,0,1,0
4506134,-86.12294,39.838557,1278823902,1,2.0,106.0,1,1,0,1,0,0,0,0,0,A,0,0,1,0
4506135,-86.111415,39.925477,1279074771,2,16.0,848.0,1,1,0,1,0,0,0,0,0,A,0,0,1,0
4506136,-86.077297,39.903921,1311703048,1,2.0,106.0,1,1,0,1,0,0,0,0,0,A,0,0,1,0
4506137,-86.044265,39.949507,1220131622,1,8.0,424.0,1,2,0,1,0,0,1,0,0,A,0,0,1,0
4506138,-86.038014,39.905723,1279161943,2,4.0,212.0,1,1,0,1,0,0,0,0,0,A,0,0,1,0
4506139,-85.89607,39.900507,1291657868,1,8.0,424.0,1,1,0,1,0,0,0,0,0,A,0,0,1,0
4506140,-86.021831,39.843364,1293455995,1,2.0,106.0,2,1,0,1,0,0,0,0,0,A,0,0,1,0
4506141,-86.099185,39.929351,927962341,1,10.0,530.0,2,5,1,1,1,1,1,0,0,A,0,0,1,0
4506142,-86.107374,39.908414,1278961174,1,6.0,318.0,2,1,1,0,0,0,0,0,0,A,0,0,1,0
4506143,-86.041785,39.907453,758729766,1,6.0,318.0,1,3,1,0,1,0,1,0,0,A,0,0,1,0
4506144,-86.043894,39.885034,1279061015,1,8.0,424.0,1,5,1,1,1,1,1,0,0,A,0,0,1,0
4506145,-86.144347,39.870193,1278667888,1,4.0,212.0,2,2,1,0,0,1,0,0,0,A,0,0,1,0
4506146,-86.146609,39.831988,1278598175,1,6.0,318.0,1,2,1,0,1,0,0,0,0,A,0,0,1,0
4506147,-86.123374,39.850514,1296704126,1,4.0,212.0,1,3,1,0,1,0,1,0,0,A,0,0,1,0
4506148,-86.062654,39.844757,1196613454,2,20.0,1060.0,2,5,1,1,1,1,1,0,0,A,0,0,1,0
4506149,-85.972201,39.86368,1050564700,1,6.0,318.0,1,2,1,0,0,1,0,0,0,A,0,0,1,0
4506150,-86.012883,39.860127,1279301808,1,3.0,159.0,2,3,1,0,1,0,1,0,0,A,1,0,1,0
4506151,-86.045059,39.838815,1279061984,1,8.0,424.0,2,2,1,0,0,0,1,0,0,A,0,0,1,0
4506152,-85.999128,40.045215,1278375533,1,4.0,212.0,2,1,0,1,0,0,0,0,0,A,0,0,1,0
4506153,-86.022122,40.176257,1278822563,1,4.0,212.0,1,1,0,1,0,0,0,0,0,O,0,0,1,0
4506154,-85.939425,40.160923,1278370837,1,2.0,106.0,2,1,0,1,0,0,0,0,0,E,0,0,1,0
4506155,-86.002832,40.026973,1278360660,1,4.0,212.0,1,1,0,1,0,0,0,0,0,A,0,0,1,0
4506156,-86.028083,39.913816,1279226837,1,8.0,424.0,2,1,0,1,0,0,0,0,0,A,0,0,1,0
4506157,-86.028634,39.939588,1278311924,1,3.0,159.0,2,2,0,1,0,0,1,0,0,A,0,0,1,0
4506158,-86.038941,39.916741,1311130984,1,6.0,318.0,1,1,0,1,0,0,0,0,0,A,0,0,1,0
4506159,-86.013032,40.045093,1067233608,1,2.0,106.0,2,1,0,1,0,0,0,0,0,A,0,0,1,0
4506160,-86.127708,40.049568,19490738,1,2.0,106.0,1,1,0,1,0,0,0,0,0,A,0,0,1,0
4506161,-86.012562,40.032782,1278313418,1,8.0,424.0,1,1,0,1,0,0,0,0,0,A,0,0,1,0
4506162,-86.006626,40.009331,1278305891,1,8.0,424.0,1,2,0,1,0,0,1,0,0,A,0,0,1,0
4506163,-86.006395,39.976298,1278258005,1,2.0,106.0,2,1,0,1,0,0,0,0,0,A,0,0,1,0
4506164,-86.146391,39.84661,1283683452,1,8.0,424.0,1,2,0,1,0,0,1,0,0,A,0,0,1,0
4506165,-86.123594,39.849907,1278818775,1,8.0,424.0,1,2,0,1,0,0,1,0,0,A,0,0,1,0
4506166,-86.102331,39.908149,1196903644,1,4.0,212.0,1,1,0,1,0,0,0,0,0,A,0,0,1,0
4506167,-86.017327,39.954878,956994165,1,2.0,106.0,1,1,0,1,0,0,0,0,0,A,0,0,1,0
4506168,-86.041088,39.95213,1278265920,1,8.0,424.0,2,2,0,1,0,0,1,0,0,A,0,0,1,0
4506169,-86.041792,39.906366,1050646137,1,6.0,318.0,2,2,0,1,0,0,1,0,0,A,0,0,1,0
4506170,-86.00546,39.852375,1279230516,1,8.0,424.0,2,2,0,1,0,0,1,0,0,A,0,0,1,0
4506171,-86.03177,39.836912,1279181816,1,6.0,318.0,1,1,0,1,0,0,0,0,0,A,0,0,1,0
4506172,-86.098579,39.926194,1197918098,1,10.0,530.0,2,2,1,0,0,1,0,0,0,A,0,0,1,0
4506173,-86.106354,39.912995,130134387,1,4.0,212.0,2,4,1,1,1,1,0,0,0,A,1,0,1,0
4506174,-86.056947,39.903799,1296754205,1,6.0,318.0,2,3,1,0,1,0,1,0,0,A,0,0,1,0
4506175,-86.059458,39.908711,1196490378,1,8.0,424.0,1,3,1,0,1,0,1,0,0,A,0,0,1,0
4506176,-86.142523,39.871763,1278686032,1,6.0,318.0,2,2,1,0,1,0,0,0,0,A,1,0,1,0
4506177,-86.120786,39.841392,1278823937,1,8.0,424.0,2,3,1,0,1,0,1,0,0,A,0,0,1,0
4506178,-86.085958,39.855885,1279214929,1,8.0,424.0,2,2,1,0,0,0,1,0,0,A,0,0,1,0
4506179,-86.085847,39.856687,1279213536,1,8.0,424.0,1,3,1,0,1,0,1,0,0,A,0,0,1,0
4506180,-85.965492,39.900633,16907558,4,32.0,1696.0,2,3,1,0,1,0,1,0,0,A,0,0,1,0
4506181,-86.005159,39.858975,1279242720,1,6.0,318.0,1,2,1,0,0,1,0,0,0,A,0,0,1,0
4506182,-86.002347,39.828173,19494042,1,10.0,530.0,1,5,1,1,1,1,1,0,0,A,0,0,1,0
4506183,-85.99748,40.047001,1278375545,1,4.0,212.0,1,1,0,1,0,0,0,0,0,A,0,0,1,0
4506184,-86.022419,40.17554,35258709,1,4.0,212.0,2,1,0,1,0,0,0,0,0,A,0,0,1,0
4506185,-85.935063,40.149075,125142659,1,2.0,106.0,1,1,0,1,0,0,0,0,0,4,0,0,1,0
4506186,-85.997024,40.038026,1278372137,1,3.0,159.0,1,1,0,1,0,0,0,0,0,A,0,0,1,0
4506187,-86.0261,39.914724,1279226852,1,2.0,106.0,2,1,0,1,0,0,0,0,0,A,0,0,1,0
4506188,-86.0428,39.941009,1291644877,1,3.0,159.0,2,1,0,1,0,0,0,0,0,A,0,0,1,0
4506189,-86.032104,39.925841,1293345202,1,6.0,318.0,2,1,0,1,0,0,0,0,0,A,0,0,1,0
4506190,-86.012913,40.046369,19490882,1,2.0,106.0,2,2,0,1,0,1,0,0,0,A,1,0,1,0
4506191,-86.012514,40.033129,1291632318,1,2.0,106.0,1,1,0,1,0,0,0,0,0,A,0,0,1,0
4506192,-86.006726,40.009025,1278303142,1,8.0,424.0,2,1,0,1,0,0,0,0,0,A,0,0,1,0
4506193,-86.008393,39.992001,1297389761,1,8.0,424.0,1,1,0,1,0,0,0,0,0,A,0,0,1,0
4506194,-86.123234,39.837353,1293456536,1,4.0,212.0,2,1,0,1,0,0,0,0,0,O,0,0,1,0
4506195,-86.098346,39.870304,1050566699,1,8.0,424.0,1,2,0,1,0,0,1,0,0,A,0,0,1,0
4506196,-86.078689,39.906118,1241582307,1,2.0,106.0,1,1,0,1,0,0,0,0,0,A,0,0,1,0
4506197,-86.077489,39.904024,1311703048,1,3.0,159.0,1,1,0,1,0,0,0,0,0,A,0,0,1,0
4506198,-86.043306,39.956399,1220163222,1,6.0,318.0,2,2,0,1,0,0,1,0,0,A,0,0,1,0
4506199,-85.983473,39.929003,1278262029,1,4.0,212.0,2,2,0,1,0,0,1,0,0,A,0,0,1,0
4506200,-85.986219,39.853188,709497870,2,16.0,848.0,1,2,0,1,0,0,1,0,0,A,0,0,1,0
4506201,-86.032013,39.848074,19467123,2,12.0,636.0,2,2,0,1,0,0,1,0,0,A,0,0,1,0
4506202,-86.068601,39.911709,763559315,1,8.0,424.0,1,2,0,1,0,0,1,0,0,A,0,0,1,0
4506203,-86.109534,39.927969,1278261662,1,6.0,318.0,1,5,1,1,1,1,1,0,0,A,0,0,1,0
4506204,-86.031575,39.911715,1279224199,1,4.0,212.0,2,3,1,0,1,0,1,0,0,A,0,0,1,0
4506205,-86.044903,39.888722,1197042857,1,3.0,159.0,1,3,1,0,1,0,1,0,0,A,0,0,1,0
4506206,-86.048695,39.906573,1293643183,1,8.0,424.0,2,3,1,0,1,1,0,0,0,A,1,0,1,0
4506207,-86.139077,39.835715,1365774833,1,4.0,212.0,1,3,1,0,1,0,1,0,0,A,0,0,1,0
4506208,-86.13596,39.836213,1233813898,6,48.0,2544.0,1,3,1,0,1,0,1,0,0,A,0,0,1,0
4506209,-86.136406,39.835029,1278645790,1,6.0,318.0,1,3,1,0,1,0,1,0,0,A,0,0,1,0
4506210,-85.935905,39.887086,1076667484,1,6.0,318.0,2,1,1,0,0,0,0,0,0,A,0,0,1,0
4506211,-85.978951,39.861118,1279245391,1,3.0,159.0,2,2,1,0,0,1,0,0,0,A,0,0,1,0
4506212,-86.010784,39.843611,1279311824,1,8.0,424.0,2,5,1,1,1,1,1,0,0,A,1,0,1,0
4506213,-86.030578,40.101115,1278556427,1,6.0,318.0,2,1,0,1,0,0,0,0,0,A,0,0,1,0
4506214,-85.982912,40.175583,1309712430,1,2.0,106.0,2,1,0,1,0,0,0,0,0,A,0,0,1,0
4506215,-85.972193,40.09759,19489637,1,8.0,424.0,1,1,0,1,0,0,0,0,0,A,0,0,1,0
4506216,-86.028965,39.914957,1279226829,1,4.0,212.0,1,1,0,1,0,0,0,0,0,A,0,0,1,0
4506217,-86.031835,39.937523,1278311888,1,6.0,318.0,2,1,0,1,0,0,0,0,0,A,0,0,1,0
4506218,-86.020622,39.933887,1050618874,1,6.0,318.0,2,2,0,1,0,0,1,0,0,A,0,0,1,0
4506219,-86.037093,40.043273,1278323762,1,8.0,424.0,2,1,0,1,0,0,0,0,0,A,0,0,1,0
4506220,-86.129143,40.043038,1278380901,1,2.0,106.0,1,1,0,1,0,0,0,0,0,E,0,0,1,0
4506221,-86.011701,40.036477,1278335407,1,2.0,106.0,2,1,0,1,0,0,0,0,0,A,0,0,1,0
4506222,-85.994025,39.943028,1278262047,1,6.0,318.0,2,1,0,1,0,0,0,0,0,A,0,0,1,0
4506223,-86.004382,39.990283,1278260753,1,6.0,318.0,2,2,0,1,0,0,1,0,0,A,0,0,1,0
4506224,-86.146067,39.839066,1278790012,1,2.0,106.0,1,1,0,1,0,0,0,0,0,A,0,0,1,0
4506225,-86.121039,39.854293,1296950208,1,2.0,106.0,1,1,0,1,0,0,0,0,0,A,0,0,1,0
4506226,-86.074094,39.90979,1051459974,1,4.0,212.0,1,1,0,1,0,0,0,0,0,A,0,0,1,0
4506227,-86.106577,39.908857,1278961175,1,2.0,106.0,2,1,0,1,0,0,0,0,0,A,0,0,1,0
4506228,-86.019066,39.943636,786667204,1,8.0,424.0,2,1,0,1,0,0,0,0,0,A,0,0,1,0
4506229,-86.030044,39.939801,1278311924,1,2.0,106.0,1,1,0,1,0,0,0,0,0,A,0,0,1,0
4506230,-85.955635,39.892612,1197312182,1,4.0,212.0,2,1,0,1,0,0,0,0,0,A,0,0,1,0
4506231,-85.957421,39.87684,1310568518,1,8.0,424.0,1,2,0,1,0,0,1,0,0,A,0,0,1,0
4506232,-86.042951,39.832241,1228426065,1,2.0,106.0,2,1,0,1,0,0,0,0,0,A,0,0,1,0
4506233,-86.022435,39.837074,1293456550,1,8.0,424.0,2,2,0,1,0,0,1,0,0,A,0,0,1,0
4506234,-86.091354,39.930291,1197695175,1,8.0,424.0,1,5,1,1,1,1,1,0,0,A,0,0,1,0
4506235,-86.05127,39.905672,1279147376,1,6.0,318.0,2,5,1,1,1,1,1,0,0,A,1,0,1,0
4506236,-86.047437,39.908885,1279171298,2,16.0,848.0,2,3,1,0,1,0,1,0,0,A,0,0,1,0
4506237,-86.138773,39.850056,1278781287,1,8.0,424.0,2,2,1,0,0,1,0,0,0,A,0,0,1,0
4506238,-86.139624,39.848363,1283685188,1,6.0,318.0,1,5,1,1,1,1,1,0,0,A,0,0,1,0
4506239,-85.998246,39.852603,1279245246,1,8.0,424.0,1,5,1,1,1,1,1,0,0,A,0,0,1,0
4506240,-85.975475,39.862864,1050658521,1,8.0,424.0,1,3,1,0,1,0,1,0,0,A,0,0,1,0
4506241,-86.01175,39.841948,1279311960,3,24.0,1272.0,1,5,1,1,1,1,1,0,0,A,1,0,1,0
4506242,-86.011822,39.84191,1279311960,1,8.0,424.0,1,5,1,1,1,1,1,0,0,A,1,0,1,0
4506243,-86.057263,39.932604,1278384664,1,2.0,106.0,2,1,0,1,0,0,0,0,0,A,0,0,1,0
4506244,-86.03731,39.922172,1050429295,1,8.0,424.0,1,1,0,1,0,0,0,0,0,A,0,0,1,0
4506245,-86.012907,40.046003,1297408204,1,2.0,106.0,1,2,0,1,0,0,1,0,0,A,0,0,1,0
4506246,-86.111432,40.04369,1128555911,1,6.0,318.0,2,2,0,1,0,0,1,0,0,A,0,0,1,0
4506247,-86.007252,39.962927,1278304633,1,8.0,424.0,2,2,0,1,0,0,1,0,0,A,0,0,1,0
4506248,-86.082845,39.870782,1278824131,1,3.0,159.0,1,1,0,1,0,0,0,0,0,A,0,0,1,0
4506249,-86.122598,39.865241,1279068980,1,2.0,106.0,1,1,0,1,0,0,0,0,0,O,0,0,1,0
4506250,-86.075319,39.910654,1296633395,1,8.0,424.0,1,2,0,1,0,0,1,0,0,A,0,0,1,0
4506251,-86.08379,39.905834,1196912392,1,4.0,212.0,1,1,0,1,0,0,0,0,0,A,0,0,1,0
4506252,-86.08775,39.979619,1220038718,1,6.0,318.0,1,2,0,1,0,0,1,0,0,A,0,0,1,0
4506253,-86.042494,39.911615,1293442051,1,4.0,212.0,1,1,0,1,0,0,0,0,0,A,0,0,1,0
4506254,-86.042412,39.912171,1293442051,1,2.0,106.0,1,1,0,1,0,0,0,0,0,A,0,0,1,0
4506255,-86.045289,39.844551,125159020,1,3.0,159.0,2,1,0,1,0,0,0,0,0,E,0,0,1,0
4506256,-86.021027,39.837786,1293457690,1,6.0,318.0,2,1,0,1,0,0,0,0,0,A,0,0,1,0
4506257,-86.048935,39.897012,1279084333,1,2.0,106.0,2,1,0,1,0,0,0,0,0,A,0,0,1,0
4506258,-86.056185,39.904452,1196489919,1,8.0,424.0,1,2,0,1,0,0,1,0,0,A,0,0,1,0
4506259,-86.046472,39.881062,1279085085,1,8.0,424.0,1,1,0,1,0,0,0,0,0,A,0,0,1,0
4506260,-86.123926,39.869963,1050304574,1,8.0,424.0,1,2,0,1,0,0,1,0,0,A,0,0,1,0
4506261,-86.000837,40.047177,1220042746,1,6.0,318.0,1,1,0,0,1,0,0,0,0,O,0,0,1,0
4506262,-86.025928,40.050919,1324563435,1,2.0,106.0,2,1,0,0,1,0,0,0,0,A,0,0,1,0
4506263,-86.029024,39.984162,19495552,1,8.0,424.0,1,1,0,0,1,0,0,0,0,A,0,0,1,0
4506264,-86.02785,39.934054,1278212432,1,8.0,424.0,1,1,0,0,1,0,0,0,0,E,0,0,1,0
4506265,-86.109373,39.924481,1279093587,1,8.0,424.0,2,5,1,1,1,1,1,0,0,A,0,0,1,0
4506266,-86.051655,39.907471,1293447273,1,8.0,424.0,2,2,1,0,0,1,0,0,0,A,0,0,1,0
4506267,-86.047639,39.890095,1279034720,1,6.0,318.0,2,3,1,0,1,0,1,0,0,A,0,0,1,0
4506268,-86.046117,39.910897,1279169343,1,6.0,318.0,2,3,1,0,1,0,1,0,0,A,1,0,1,0
4506269,-86.046125,39.910939,1279169343,2,16.0,848.0,2,3,1,0,1,0,1,0,0,A,1,0,1,0
4506270,-86.123279,39.849654,1278818777,1,2.0,106.0,1,3,1,0,1,0,1,0,0,A,0,0,1,0
4506271,-86.04677,39.840123,1050222222,1,8.0,424.0,1,2,1,0,0,0,1,0,0,A,0,0,1,0
4506272,-85.980443,39.857626,1197334961,2,16.0,800.0,2,2,1,0,0,0,1,0,0,A,0,0,1,0
4506273,-85.980443,39.857626,1197334961,1,8.0,424.0,2,3,0,1,1,1,0,0,0,A,1,0,1,0
4506274,-86.007129,39.854739,1197320047,2,16.0,848.0,2,4,1,1,1,0,1,0,0,A,0,0,1,0
4506275,-85.999127,40.0452,1278375533,1,4.0,212.0,2,1,0,1,0,0,0,0,0,A,0,0,1,0
4506276,-86.027564,40.151094,1291179997,1,8.0,424.0,1,1,0,1,0,0,0,0,0,A,0,0,1,0
4506277,-85.862261,40.217467,1163060237,1,6.0,318.0,1,1,0,1,0,0,0,0,0,E,0,0,1,0
4506278,-86.000871,40.039645,1246255624,1,8.0,424.0,1,1,0,1,0,0,0,0,0,O,0,0,1,0
4506279,-86.02598,39.91579,1279226859,1,8.0,424.0,2,1,0,1,0,0,0,0,0,A,0,0,1,0
4506280,-86.057257,39.932636,1278384664,1,2.0,106.0,2,1,0,1,0,0,0,0,0,A,0,0,1,0
4506281,-86.032281,39.926056,1279273845,1,8.0,424.0,2,2,0,1,0,1,0,0,0,A,1,0,1,0
4506282,-86.126319,40.049405,19490738,1,6.0,318.0,2,2,0,1,0,0,1,0,0,A,0,0,1,0
4506283,-86.017256,40.026387,1278313434,1,6.0,318.0,1,1,0,1,0,0,0,0,0,A,0,0,1,0
4506284,-86.007081,39.964099,1278304633,1,4.0,212.0,1,2,0,1,0,0,1,0,0,A,0,0,1,0
4506285,-86.124562,39.836642,1296639710,1,2.0,106.0,1,1,0,1,0,0,0,0,0,A,0,0,1,0
4506286,-86.12083,39.863268,1371303338,1,10.0,530.0,2,2,0,1,0,0,1,0,0,A,0,0,1,0
4506287,-86.110367,39.926216,1279077275,1,2.0,106.0,2,1,0,1,0,0,0,0,0,A,0,0,1,0
4506288,-86.045349,39.976101,1291639864,2,12.0,636.0,1,1,0,1,0,0,0,0,0,A,0,0,1,0
4506289,-86.045349,39.976101,1291639864,1,6.0,318.0,1,1,0,0,0,0,1,0,0,A,0,0,1,0
4506290,-85.958514,39.900893,1197312543,1,4.0,212.0,2,1,0,1,0,0,0,0,0,A,0,0,1,0
4506291,-86.009905,39.859851,1279234208,1,4.0,212.0,2,1,0,1,0,0,0,0,0,A,0,0,1,0
4506292,-86.026349,39.845001,1279220249,1,8.0,424.0,2,2,0,1,0,0,1,0,0,A,0,0,1,0
4506293,-86.050513,39.898171,1197044991,1,6.0,318.0,1,2,0,1,0,0,1,0,0,A,0,0,1,0
4506294,-86.076888,39.875481,1279073681,1,8.0,424.0,2,2,0,1,0,0,1,0,0,A,0,0,1,0
4506295,-86.122389,39.888882,1279177579,1,4.0,212.0,1,1,0,1,0,0,0,0,0,A,0,0,1,0
4506296,-86.098605,39.918719,1278995767,1,10.0,530.0,2,2,1,0,0,1,0,0,0,A,0,0,1,0
4506297,-86.100864,39.909428,125144429,1,8.0,424.0,2,3,1,0,1,0,1,0,0,A,0,0,1,0
4506298,-86.0496,39.895868,1296716750,1,10.0,530.0,2,3,1,0,1,1,0,0,0,A,0,0,1,0
4506299,-86.039615,39.921054,1279153436,1,10.0,530.0,2,3,1,0,1,0,1,0,0,A,0,0,1,0
4506300,-86.146841,39.864436,1278823133,1,3.0,159.0,1,3,1,0,1,0,1,0,0,A,0,0,1,0
4506301,-86.126693,39.849846,1278818774,1,8.0,424.0,1,3,1,0,1,0,1,0,0,A,0,0,1,0
4506302,-86.044753,39.858486,19465960,18,72.0,3816.0,2,3,1,0,1,0,1,0,0,A,0,0,1,0
4506303,-85.969581,39.862019,1050567093,2,16.0,800.0,1,5,1,1,1,1,1,0,0,A,1,0,1,0
4506304,-85.990739,39.830671,1329074463,5,20.0,1060.0,1,3,1,0,1,0,1,0,0,A,1,0,1,0
4506305,-85.988601,39.830877,108749206,2,16.0,848.0,2,3,1,0,1,0,1,0,0,A,1,0,1,0
4506306,-86.034245,39.926825,1197853666,1,8.0,424.0,2,1,0,1,0,0,0,0,0,A,0,0,1,0
4506307,-86.040525,39.914036,1240873834,1,4.0,212.0,1,2,0,1,0,1,0,0,0,A,0,0,1,0
4506308,-86.125738,40.043258,1297393707,1,6.0,318.0,1,1,0,1,0,0,0,0,0,A,0,0,1,0
4506309,-86.011531,40.036009,1278373686,1,4.0,212.0,2,2,0,1,0,0,1,0,0,A,0,0,1,0
4506310,-85.993349,39.980295,1278400069,1,2.0,106.0,2,1,0,1,0,0,0,0,0,E,0,0,1,0
4506311,-86.082802,39.870981,1278824131,1,4.0,212.0,1,1,0,1,0,0,0,0,0,A,0,0,1,0
4506312,-86.115476,39.852944,1228432657,1,6.0,318.0,2,1,0,1,0,0,0,0,0,A,0,0,1,0
4506313,-86.091523,39.931294,1278295691,1,4.0,212.0,1,2,0,1,0,0,1,0,0,A,0,0,1,0
4506314,-86.077384,39.904278,1196950257,1,2.0,106.0,2,1,0,1,0,0,0,0,0,A,0,0,1,0
4506315,-86.041777,39.954229,1220133226,1,2.0,106.0,1,2,0,1,0,0,1,0,0,A,0,0,1,0
4506316,-86.006952,39.934465,906574517,1,2.0,106.0,2,1,0,1,0,0,0,0,0,A,0,0,1,0
4506317,-86.006478,39.845409,1296635469,1,6.0,318.0,2,1,0,1,0,0,0,0,0,A,0,0,1,0
4506318,-86.036814,39.83043,1279069519,1,6.0,318.0,1,2,0,1,0,0,1,0,0,A,0,0,1,0
4506319,-86.046962,39.893133,1197045000,1,6.0,318.0,1,2,0,1,0,0,1,0,0,A,0,0,1,0
4506320,-86.0531,39.904114,1050379995,1,4.0,212.0,1,1,0,1,0,0,0,0,0,A,0,0,1,0
4506321,-86.04346,39.88406,1279061064,1,8.0,424.0,1,1,0,1,0,0,0,0,0,A,0,0,1,0
4506322,-86.121947,39.870632,1278958871,1,2.0,106.0,2,1,0,1,0,0,0,0,0,A,0,0,1,0
4506323,-86.067053,39.913191,764489138,1,8.0,424.0,2,2,0,1,0,0,1,0,0,A,0,0,1,0
4506324,-86.009977,40.031552,1219972579,1,8.0,424.0,1,1,0,0,1,0,0,0,0,A,0,0,1,0
4506325,-86.028972,40.046316,1278323695,1,3.0,159.0,2,1,0,0,1,0,0,0,0,A,0,0,1,0
4506326,-86.042343,40.013641,1297368747,1,4.0,212.0,1,1,0,0,1,0,0,0,0,A,0,0,1,0
4506327,-86.106097,39.915016,1293442761,2,8.0,424.0,2,5,1,1,1,1,1,0,0,A,1,0,1,0
4506328,-86.051102,39.903411,1228422002,1,8.0,424.0,1,3,1,0,1,0,1,0,0,A,0,0,1,0
4506329,-86.055608,39.907285,1050517693,1,2.0,106.0,2,3,1,0,1,0,1,0,0,A,0,0,1,0
4506330,-86.143621,39.870465,1278664035,1,8.0,424.0,2,5,1,1,1,1,1,0,0,A,1,0,1,0
4506331,-86.122877,39.849599,1278818778,1,4.0,212.0,1,2,1,0,0,1,0,0,0,A,0,0,1,0
4506332,-86.085814,39.853406,756087223,1,8.0,424.0,2,4,1,1,0,1,1,0,0,A,1,0,1,0
4506333,-85.958758,39.900298,1197312415,1,4.0,212.0,1,3,1,0,1,0,1,0,0,A,0,0,1,0
4506334,-86.009479,39.860433,1279234209,1,2.0,106.0,2,1,1,0,0,0,0,0,0,4,0,0,1,0
4506335,-86.018957,39.854138,1197512931,1,6.0,318.0,2,3,1,0,1,0,1,0,0,A,0,0,1,0
4506336,-86.027387,39.826551,1279234523,1,8.0,424.0,1,3,1,0,1,0,1,0,0,A,0,0,1,0
4506337,-86.01322,40.058882,1278325194,2,16.0,848.0,2,1,0,1,0,0,0,0,0,A,0,0,1,0
4506338,-86.022433,40.174999,35258742,1,4.0,212.0,1,1,0,1,0,0,0,0,0,E,0,0,1,0
4506339,-85.946855,40.118752,1278608771,4,32.0,1696.0,2,1,0,1,0,0,0,0,0,A,0,0,1,0
4506340,-85.999836,40.040193,1309142485,1,6.0,318.0,2,2,0,1,0,0,1,0,0,A,0,0,1,0
4506341,-86.025652,39.923247,1279232087,1,2.0,106.0,2,1,0,1,0,0,0,0,0,A,0,0,1,0
4506342,-86.012893,39.928884,1278242164,1,3.0,159.0,1,2,0,1,0,0,1,0,0,A,0,0,1,0
4506343,-86.012816,40.040615,19491294,1,2.0,106.0,2,1,0,1,0,0,0,0,0,A,0,0,1,0
4506344,-86.124024,40.005669,1241770053,1,8.0,424.0,1,1,0,1,0,0,0,0,0,A,0,0,1,0
4506345,-86.004563,40.015175,1278330465,1,10.0,530.0,1,1,0,1,0,0,0,0,0,A,0,0,1,0
4506346,-86.006914,39.962944,1278304633,1,4.0,212.0,2,2,0,1,0,0,1,0,0,A,0,0,1,0
4506347,-86.124427,39.837073,1278821684,1,2.0,106.0,2,1,0,1,0,0,0,0,0,A,0,0,1,0
4506348,-86.094092,39.869442,1196401394,2,4.0,212.0,1,1,0,1,0,0,0,0,0,A,0,0,1,0
4506349,-86.076132,39.912542,1166903431,1,8.0,424.0,1,2,0,1,0,0,1,0,0,A,0,0,1,0
4506350,-86.083986,39.906714,1278964157,1,4.0,212.0,1,1,0,1,0,0,0,0,0,A,0,0,1,0
4506351,-86.03755,39.960649,1278269115,1,8.0,424.0,1,2,0,1,0,0,1,0,0,A,0,0,1,0
4506352,-85.973331,39.862922,1162486985,1,3.0,159.0,1,1,0,1,0,0,0,0,0,A,0,0,1,0
4506353,-85.959232,39.900858,1197312582,1,2.0,106.0,2,1,0,1,0,0,0,0,0,A,0,0,1,0
4506354,-86.006415,39.844722,1296635468,1,2.0,106.0,2,1,0,1,0,0,0,0,0,A,0,0,1,0
4506355,-86.019399,39.844064,1279219893,1,6.0,318.0,1,1,0,1,0,0,0,0,0,A,0,0,1,0
4506356,-85.991843,39.827403,1279182931,1,2.0,106.0,2,1,0,1,0,0,0,0,0,A,0,0,1,0
4506357,-86.055662,39.905942,1196489918,1,8.0,640.0,1,2,0,1,0,0,1,0,0,A,0,0,1,0
4506358,-86.112352,39.907855,1329070804,2,6.0,318.0,1,2,1,0,0,1,0,0,0,A,0,0,1,0
4506359,-86.038448,39.904072,1196493288,1,10.0,530.0,2,3,1,0,1,0,1,0,0,A,0,0,1,0
4506360,-86.047502,39.896775,1279084317,2,12.0,636.0,1,3,1,0,1,0,1,0,0,A,0,0,1,0
4506361,-86.12119,39.874514,1050264762,1,6.0,318.0,2,1,1,0,0,0,0,0,0,A,0,0,1,0
4506362,-86.142447,39.868218,1278667894,1,3.0,159.0,2,3,1,0,1,0,1,0,0,A,0,0,1,0
4506363,-86.120152,39.840707,755953071,1,8.0,424.0,1,3,1,0,1,0,1,0,0,A,0,0,1,0
4506364,-86.083054,39.870847,1278824130,1,8.0,424.0,1,2,1,0,0,0,1,0,0,A,0,0,1,0
4506365,-86.083848,39.870925,756477337,1,8.0,424.0,1,2,1,0,0,1,0,0,0,A,0,0,1,0
4506366,-86.08441,39.870446,1278824393,1,6.0,318.0,2,2,1,0,0,1,0,0,0,A,0,0,1,0
4506367,-86.011308,39.861029,1279234209,1,6.0,318.0,1,2,1,0,0,0,1,0,0,A,0,0,1,0
4506368,-85.993066,39.82678,1279182918,1,4.0,212.0,1,2,1,0,0,1,0,0,0,A,0,0,1,0
4506369,-86.026774,39.843297,125147268,1,6.0,318.0,2,3,1,0,1,0,1,0,0,A,0,0,1,0
4506370,-86.035269,40.075986,1220064112,1,4.0,212.0,1,1,0,1,0,0,0,0,0,A,0,0,1,0
4506371,-85.967292,40.18481,35259655,1,4.0,212.0,2,1,0,1,0,0,0,0,0,E,0,0,1,0
4506372,-85.968729,40.104579,19489531,1,4.0,212.0,1,1,0,1,0,0,0,0,0,E,0,0,1,0
4506373,-86.028394,39.915653,1279226879,1,4.0,212.0,2,1,0,1,0,0,0,0,0,A,0,0,1,0
4506374,-86.032654,39.933959,1278306407,1,4.0,212.0,2,1,0,1,0,0,0,0,0,A,0,0,1,0
4506375,-86.018104,39.929098,1197912696,1,3.0,159.0,1,1,0,1,0,0,0,0,0,A,0,0,1,0
4506376,-86.018602,40.049574,1067015498,1,8.0,424.0,2,2,0,1,0,0,1,0,0,A,0,0,1,0
4506377,-86.10036,40.046077,1220031770,1,2.0,106.0,1,1,0,1,0,0,0,0,0,A,0,0,1,0
4506378,-86.008393,40.009936,1291633220,1,6.0,318.0,1,2,0,1,0,0,1,0,0,A,0,0,1,0
4506379,-86.008268,39.97219,1278296930,1,2.0,106.0,1,1,0,1,0,0,0,0,0,A,0,0,1,0
4506380,-86.129171,39.86108,1115268174,1,8.0,424.0,1,2,0,1,0,0,1,0,0,A,0,0,1,0
4506381,-86.104058,39.929088,1278250672,1,6.0,318.0,1,1,0,1,0,0,0,0,0,A,0,0,1,0
4506382,-86.098744,39.905957,1278993134,1,4.0,212.0,1,1,0,1,0,0,0,0,0,A,0,0,1,0
4506383,-86.039516,39.957787,1278258394,1,8.0,424.0,2,2,0,1,0,0,1,0,0,A,0,0,1,0
4506384,-85.956146,39.880119,1283561977,1,8.0,424.0,2,2,0,1,0,0,1,0,0,A,0,0,1,0
4506385,-85.918289,39.899415,1278135266,1,6.0,318.0,1,2,0,1,0,0,1,0,0,A,0,0,1,0
4506386,-86.031452,39.837587,1279180283,1,8.0,424.0,1,1,0,1,0,0,0,0,0,A,0,0,1,0
4506387,-86.050919,39.895255,1296698234,1,8.0,424.0,1,2,0,1,0,0,1,0,0,A,0,0,1,0
4506388,-86.046848,39.884384,1279069296,1,4.0,212.0,1,1,0,1,0,0,0,0,0,A,0,0,1,0
4506389,-86.103503,39.910426,125170203,1,8.0,424.0,2,2,1,0,0,1,0,0,0,A,0,0,1,0
4506390,-86.057485,39.902772,1279086903,1,4.0,212.0,2,2,1,0,0,1,0,0,0,A,0,0,1,0
4506391,-86.043179,39.888596,1279065885,1,8.0,424.0,2,3,1,0,1,0,1,0,0,A,0,0,1,0
4506392,-86.121331,39.868094,1279068977,1,12.0,636.0,2,2,1,0,0,1,0,0,0,A,0,0,1,0
4506393,-86.14683,39.866571,1278608980,1,2.0,106.0,1,1,1,0,0,0,0,0,0,A,0,0,1,0
4506394,-86.146344,39.851059,1278780322,1,4.0,212.0,1,3,1,0,1,0,1,0,0,A,0,0,1,0
4506395,-86.138295,39.846769,1278582554,2,16.0,848.0,1,2,1,0,0,1,0,0,0,A,1,0,1,0
4506396,-86.137733,39.846767,1293455109,10,60.0,3180.0,2,2,1,0,0,1,0,0,0,A,1,0,1,0
4506397,-85.956869,39.872887,1279238929,1,4.0,212.0,1,3,1,0,1,0,1,0,0,A,0,0,1,0
4506398,-85.983404,39.860411,1293682585,1,2.0,106.0,1,1,1,0,0,0,0,0,0,A,0,0,1,0
4506399,-86.008333,39.856936,1279249514,2,8.0,424.0,2,5,1,1,1,1,1,0,0,A,0,0,1,0
4506400,-86.012694,40.138079,1278370870,1,4.0,212.0,2,1,0,1,0,0,0,0,0,A,0,0,1,0
4506401,-85.99291,40.200252,35259635,1,2.0,106.0,1,1,0,1,0,0,0,0,0,A,0,0,1,0
4506402,-85.998755,40.032265,1278362873,1,6.0,318.0,1,1,0,1,0,0,0,0,0,E,0,0,1,0
4506403,-86.032071,39.916622,1293429102,1,3.0,159.0,1,1,0,1,0,0,0,0,0,A,0,0,1,0
4506404,-86.044721,39.926174,948613693,1,2.0,106.0,1,1,0,1,0,0,0,0,0,A,0,0,1,0
4506405,-86.043726,39.915963,1279102024,1,4.0,212.0,1,1,0,1,0,0,0,0,0,A,0,0,1,0
4506406,-86.027154,40.044741,1278367145,1,4.0,212.0,2,1,0,1,0,0,0,0,0,A,0,0,1,0
4506407,-86.019658,40.0058,1066354972,1,4.0,212.0,1,2,0,1,0,1,0,0,0,A,0,0,1,0
4506408,-86.010972,39.962545,1278304648,1,8.0,424.0,2,2,0,1,0,0,1,0,0,A,0,0,1,0
4506409,-86.007216,39.972647,1278306018,1,3.0,159.0,1,1,0,1,0,0,0,0,0,A,0,0,1,0
4506410,-86.14684,39.861212,1278604473,1,6.0,318.0,1,1,0,1,0,0,0,0,0,A,0,0,1,0
4506411,-86.124558,39.851748,1278798385,1,4.0,212.0,2,2,0,1,0,0,1,0,0,A,0,0,1,0
4506412,-86.105302,39.913948,761938410,1,6.0,318.0,2,1,0,1,0,0,0,0,0,A,0,0,1,0
4506413,-86.024131,39.941176,1102454387,1,4.0,212.0,2,1,0,1,0,0,0,0,0,A,0,0,1,0
4506414,-85.998886,39.863539,1279229517,1,4.0,212.0,1,1,0,1,0,0,0,0,0,A,0,0,1,0
4506415,-85.959081,39.90353,1197312646,1,2.0,106.0,1,1,0,1,0,0,0,0,0,A,0,0,1,0
4506416,-85.93184,39.889244,1175197824,1,4.0,212.0,2,1,0,1,0,0,0,0,0,A,0,0,1,0
4506417,-86.045208,39.835094,1278941378,1,8.0,424.0,1,3,0,1,1,0,1,0,0,A,0,0,1,0
4506418,-86.049061,39.897222,1279084333,1,2.0,106.0,2,1,0,1,0,0,0,0,0,A,0,0,1,0
4506419,-86.053836,39.904757,1279100870,1,8.0,424.0,1,1,0,1,0,0,0,0,0,A,0,0,1,0
4506420,-86.037871,39.90223,19502129,1,8.0,424.0,2,5,1,1,1,1,1,0,0,A,0,0,1,0
4506421,-86.042963,39.889376,1279069282,1,4.0,212.0,1,4,1,1,0,1,1,0,0,A,0,0,1,0
4506422,-86.122785,39.882848,1279158057,1,6.0,318.0,2,2,1,0,0,1,0,0,0,A,0,0,1,0
4506423,-86.148999,39.840066,1228424176,1,10.0,530.0,1,5,1,1,1,1,1,0,0,A,0,0,1,0
4506424,-86.112351,39.847456,1278805535,1,8.0,424.0,1,2,1,0,0,1,0,0,0,A,0,0,1,0
4506425,-86.050197,39.837631,19468707,5,40.0,2120.0,1,3,1,0,1,0,1,0,0,A,1,0,1,0
4506426,-85.969347,39.862588,1293451735,1,8.0,424.0,2,3,1,0,1,0,1,0,0,A,1,0,1,0
4506427,-85.978557,39.860215,1197406164,1,8.0,424.0,1,2,1,0,0,0,1,0,0,A,0,0,1,0
4506428,-86.020863,39.85428,1197512931,1,8.0,424.0,2,3,1,0,1,0,1,0,0,A,0,0,1,0
4506429,-86.027642,39.843558,709741323,2,16.0,848.0,2,3,1,0,1,0,1,0,0,A,0,0,1,0
4506430,-86.014027,40.130492,1278373178,1,4.0,212.0,1,1,0,1,0,0,0,0,0,4,0,0,1,0
4506431,-85.979649,40.189289,35259653,1,4.0,212.0,1,1,0,1,0,0,0,0,0,E,0,0,1,0
4506432,-85.975807,40.08453,1306793825,1,2.0,106.0,2,1,0,1,0,0,0,0,0,E,0,0,1,0
4506433,-86.030033,39.915694,1279226891,1,8.0,424.0,2,1,0,1,0,0,0,0,0,A,0,0,1,0
4506434,-86.033631,39.931034,1278235879,1,3.0,159.0,1,1,0,1,0,0,0,0,0,A,0,0,1,0
4506435,-86.016767,39.934586,1278239216,1,8.0,424.0,2,2,0,1,0,1,0,0,0,A,0,0,1,0
4506436,-86.047645,40.004275,1297523992,2,8.0,424.0,1,2,0,1,0,0,1,0,0,A,0,0,1,0
4506437,-86.0072,40.012453,1278307952,1,2.0,106.0,2,1,0,1,0,0,0,0,0,A,0,0,1,0
4506438,-85.999143,39.978224,1220039686,1,2.0,106.0,1,1,0,1,0,0,0,0,0,A,0,0,1,0
4506439,-86.08331,39.871184,1278824130,1,6.0,318.0,1,2,0,1,0,1,0,0,0,A,1,0,1,0
4506440,-86.11996,39.837773,1278805013,1,4.0,212.0,1,1,0,1,0,0,0,0,0,A,0,0,1,0
4506441,-86.075836,39.907591,125157231,1,8.0,424.0,2,1,0,1,0,0,0,0,0,A,0,0,1,0
4506442,-86.042114,39.95462,1220133226,1,8.0,424.0,1,2,0,1,0,0,1,0,0,A,0,0,1,0
4506443,-85.964264,39.903868,1196550920,2,16.0,848.0,1,2,0,1,0,0,1,0,0,A,0,0,1,0
4506444,-86.006724,39.845231,1296635469,1,4.0,212.0,2,1,0,1,0,0,0,0,0,A,0,0,1,0
4506445,-86.041901,39.831731,1279279074,1,3.0,159.0,1,1,0,1,0,0,0,0,0,A,0,0,1,0
4506446,-86.014863,39.843315,1279311803,1,10.0,530.0,1,2,0,1,0,0,1,0,0,A,0,0,1,0
4506447,-86.065721,39.913533,764489138,1,8.0,424.0,2,2,0,1,0,0,1,0,0,A,0,0,1,0
4506448,-86.069077,39.880356,1197411962,1,8.0,424.0,2,2,0,1,0,1,0,0,0,A,1,0,1,0
4506449,-86.145093,39.871238,1293449777,1,4.0,212.0,2,2,0,1,0,1,0,0,0,A,0,0,1,0
4506450,-85.996967,40.046907,1240310806,1,4.0,212.0,1,1,0,0,1,0,0,0,0,A,0,0,1,0
4506451,-86.040291,39.909988,1279093979,1,4.0,212.0,2,3,1,0,1,0,1,0,0,A,0,0,1,0
4506452,-86.045176,39.889836,1197043072,1,2.0,106.0,2,2,1,0,0,1,0,0,0,A,0,0,1,0
4506453,-86.038515,39.918865,1279153435,1,6.0,318.0,2,2,1,0,0,1,0,0,0,A,0,0,1,0
4506454,-86.13413,39.869072,1196915919,2,16.0,848.0,2,3,1,0,1,0,1,0,0,A,0,0,1,0
4506455,-86.130458,39.854586,1279096229,1,6.0,318.0,2,3,1,0,1,0,1,0,0,A,0,0,1,0
4506456,-86.117185,39.844609,19467576,2,16.0,848.0,1,3,1,0,1,0,1,0,0,A,0,0,1,0
4506457,-86.094021,39.875495,1197406328,1,6.0,318.0,1,2,1,0,0,1,0,0,0,A,0,0,1,0
4506458,-85.970448,39.861144,818706074,1,8.0,424.0,2,2,1,0,0,1,0,0,0,A,0,0,1,0
4506459,-85.971239,39.864064,1196607765,1,8.0,424.0,1,2,1,0,0,1,0,0,0,A,1,0,1,0
4506460,-86.019884,39.854162,1197512931,1,3.0,159.0,2,2,1,0,0,1,0,0,0,A,0,0,1,0
4506461,-86.02819,39.829623,1197635499,1,8.0,424.0,1,5,1,1,1,1,1,0,0,A,0,0,1,0
4506462,-86.020926,40.175298,35258713,1,3.0,159.0,2,1,0,1,0,0,0,0,0,A,0,0,1,0
4506463,-85.942922,40.130092,1067326338,1,4.0,212.0,2,1,0,1,0,0,0,0,0,E,0,0,1,0
4506464,-85.998116,40.040671,1241769346,1,8.0,424.0,1,2,0,1,0,0,1,0,0,A,0,0,1,0
4506465,-86.025611,39.923876,1279232087,1,4.0,212.0,2,1,0,1,0,0,0,0,0,A,0,0,1,0
4506466,-86.03449,39.926361,1197853666,1,6.0,318.0,2,1,0,1,0,0,0,0,0,A,0,0,1,0
4506467,-86.040837,39.913534,1240873834,1,4.0,212.0,1,1,0,1,0,0,0,0,0,A,0,0,1,0
4506468,-86.090818,40.001036,1278394943,1,12.0,636.0,1,1,0,1,0,0,0,0,0,E,0,0,1,0
4506469,-86.101175,40.043952,1309434477,1,8.0,424.0,1,1,0,1,0,0,0,0,0,A,0,0,1,0
4506470,-86.006496,40.014808,1278307936,1,8.0,424.0,1,1,0,1,0,0,0,0,0,A,0,0,1,0
4506471,-86.008002,39.960966,1278452957,1,3.0,159.0,2,1,0,1,0,0,0,0,0,E,0,0,1,0
4506472,-86.078956,39.874684,1279100761,1,8.0,424.0,2,2,0,1,0,0,1,0,0,A,0,0,1,0
4506473,-86.118804,39.869166,1278827014,1,4.0,212.0,2,1,0,1,0,0,0,0,0,A,0,0,1,0
4506474,-86.075162,39.910517,1296633395,1,3.0,159.0,1,1,0,1,0,0,0,0,0,A,0,0,1,0
4506475,-86.101686,39.910811,125144428,1,2.0,106.0,2,1,0,1,0,0,0,0,0,E,0,0,1,0
4506476,-86.041143,39.960532,1278270584,1,3.0,159.0,1,2,0,1,0,0,1,0,0,A,0,0,1,0
4506477,-85.956543,39.89377,1197312161,1,6.0,318.0,2,2,0,1,0,0,1,0,0,A,0,0,1,0
4506478,-85.992536,39.853868,1050237791,1,8.0,424.0,1,2,0,1,0,0,1,0,0,A,0,0,1,0
4506479,-86.028527,39.847118,1283685176,1,6.0,318.0,1,1,0,1,0,0,0,0,0,A,0,0,1,0
4506480,-86.045378,39.888743,1293446143,1,3.0,159.0,2,2,0,1,0,0,1,0,0,A,0,0,1,0
4506481,-86.052923,39.903725,1279100856,1,3.0,159.0,2,1,0,1,0,0,0,0,0,A,0,0,1,0
4506482,-86.051003,39.906301,1279163826,2,16.0,848.0,2,3,1,0,1,0,1,0,0,A,1,0,1,0
4506483,-86.054543,39.910157,1279173074,2,16.0,848.0,1,5,1,1,1,1,1,0,0,A,1,0,1,0
4506484,-86.12146,39.853382,1278797030,1,4.0,212.0,2,1,1,0,0,0,0,0,0,A,0,0,1,0
4506485,-86.124486,39.846984,1296698746,4,16.0,848.0,2,3,1,0,1,0,1,0,0,A,0,0,1,0
4506486,-86.062465,39.839621,1197312834,2,12.0,636.0,1,5,1,1,1,1,1,0,0,A,1,0,1,0
4506487,-86.061535,39.838342,1197312833,6,24.0,1272.0,2,5,1,1,1,1,1,0,0,A,1,0,1,0
4506488,-86.023114,39.836417,1050236680,1,8.0,424.0,2,3,1,0,1,0,1,0,0,A,0,0,1,0
4506489,-85.998371,40.046203,1297366043,1,4.0,212.0,1,1,0,1,0,0,0,0,0,A,0,0,1,0
4506490,-86.026079,40.172257,1278392698,1,8.0,424.0,2,1,0,1,0,0,0,0,0,O,0,0,1,0
4506491,-85.947374,40.14596,774441354,1,4.0,212.0,2,1,0,1,0,0,0,0,0,E,0,0,1,0
4506492,-85.9986,40.032597,1278362844,1,2.0,106.0,1,1,0,1,0,0,0,0,0,E,0,0,1,0
4506493,-86.030897,39.916585,1279226894,2,16.0,848.0,1,1,0,1,0,0,0,0,0,A,0,0,1,0
4506494,-86.047086,39.9281,1197856570,1,4.0,212.0,1,2,0,1,0,0,1,0,0,A,0,0,1,0
4506495,-86.041885,39.913516,1279102035,1,6.0,318.0,2,1,0,1,0,0,0,0,0,A,0,0,1,0
4506496,-86.040416,40.002559,1357961851,1,8.0,424.0,2,1,0,1,0,0,0,0,0,A,0,0,1,0
4506497,-86.104327,40.040694,1278190147,1,6.0,318.0,2,2,0,1,0,0,1,0,0,A,0,0,1,0
4506498,-86.006792,40.006441,1291633114,1,8.0,424.0,1,2,0,1,0,0,1,0,0,A,0,0,1,0
4506499,-86.007288,39.974642,1297369619,1,3.0,159.0,1,1,0,1,0,0,0,0,0,A,0,0,1,0
4506500,-86.145192,39.86583,1229137597,1,2.0,106.0,2,2,0,1,0,0,1,0,0,A,0,0,1,0
4506501,-86.121236,39.846202,1278820314,1,4.0,212.0,2,2,0,1,0,0,1,0,0,A,0,0,1,0
4506502,-86.101991,39.909775,125144429,1,4.0,212.0,2,1,0,1,0,0,0,0,0,A,0,0,1,0
4506503,-86.03627,39.957363,1278296343,1,8.0,424.0,2,2,0,1,0,0,1,0,0,A,0,0,1,0
4506504,-85.952437,39.87678,1197496660,1,2.0,106.0,1,3,0,1,1,0,1,0,0,A,0,0,1,0
4506505,-85.99807,39.854378,1279245244,1,8.0,424.0,2,1,0,1,0,0,0,0,0,E,0,0,1,0
4506506,-86.024402,39.838801,1279221305,1,4.0,212.0,2,1,0,1,0,0,0,0,0,A,0,0,1,0
4506507,-86.010811,39.833899,1279212470,1,8.0,424.0,1,2,0,1,0,0,1,0,0,A,0,0,1,0
4506508,-86.055576,39.907633,1050517693,1,6.0,318.0,2,2,0,1,0,0,1,0,0,A,0,0,1,0
4506509,-86.042965,39.889415,1279069282,1,6.0,318.0,1,2,0,1,0,0,1,0,0,A,0,0,1,0
4506510,-86.141493,39.872937,839141152,4,8.0,424.0,1,2,0,1,0,0,1,0,0,A,0,0,1,0
4506511,-86.100102,39.930089,19498867,1,6.0,318.0,1,1,0,0,1,0,0,0,0,O,0,0,1,0
4506512,-86.000877,40.039654,1246255624,1,3.0,159.0,1,1,0,0,1,0,0,0,0,A,0,0,1,0
4506513,-86.053089,39.904119,1050379995,1,4.0,212.0,1,2,1,0,0,1,0,0,0,A,0,0,1,0
4506514,-86.043793,39.887353,1279065886,1,6.0,318.0,1,2,1,0,0,1,0,0,0,A,0,0,1,0
4506515,-86.044656,39.911549,1279170830,1,10.0,530.0,2,2,1,0,0,1,0,0,0,A,0,0,1,0
4506516,-86.121532,39.890387,1197496456,1,8.0,424.0,2,5,1,1,1,1,1,0,0,A,0,0,1,0
4506517,-86.11856,39.850353,1278815860,1,10.0,800.0,2,3,1,0,1,0,1,0,0,A,0,0,1,0
4506518,-86.087518,39.853915,1278945009,1,6.0,318.0,1,2,1,0,0,1,0,0,0,A,0,0,1,0
4506519,-86.093793,39.869061,1196401395,1,6.0,318.0,1,3,1,0,1,0,1,0,0,A,0,0,1,0
4506520,-85.986715,39.89645,1279248867,1,10.0,530.0,1,3,1,0,1,0,1,0,0,A,0,0,1,0
4506521,-86.003588,39.870113,1350717489,1,8.0,424.0,1,3,1,0,1,0,1,0,0,A,0,0,1,0
4506522,-86.009255,39.826503,1279217370,1,6.0,318.0,2,1,1,0,0,0,0,0,0,A,0,0,1,0
4506523,-86.033778,39.835505,1278946057,1,6.0,318.0,2,2,1,0,0,1,0,0,0,A,0,0,1,0
4506524,-86.030624,39.834209,1279244052,1,4.0,212.0,2,2,1,0,0,1,0,0,0,A,0,0,1,0
4506525,-86.022822,40.17531,35258738,1,4.0,212.0,2,1,0,1,0,0,0,0,0,O,0,0,1,0
4506526,-85.937123,40.101689,111808627,1,2.0,106.0,2,1,0,1,0,0,0,0,0,4,0,0,1,0
4506527,-86.03474,39.917737,1279225672,1,6.0,318.0,1,1,0,1,0,0,0,0,0,A,0,0,1,0
4506528,-86.025637,39.923621,1279232087,1,4.0,212.0,2,1,0,1,0,0,0,0,0,A,0,0,1,0
4506529,-86.014774,39.929988,1278239761,1,8.0,424.0,1,2,0,1,0,0,1,0,0,A,0,0,1,0
4506530,-86.01432,40.04309,1297407792,1,2.0,106.0,1,1,0,1,0,0,0,0,0,A,0,0,1,0
4506531,-86.115661,40.038084,1278207232,1,10.0,530.0,1,2,0,1,0,0,1,0,0,A,0,0,1,0
4506532,-86.011622,40.035909,1278373685,1,8.0,424.0,2,2,0,1,0,0,1,0,0,A,0,0,1,0
4506533,-86.006987,39.962738,1278304630,1,4.0,212.0,1,2,0,1,0,0,1,0,0,A,0,0,1,0
4506534,-86.120709,39.840626,1278806171,1,4.0,212.0,2,1,0,1,0,0,0,0,0,A,0,0,1,0
4506535,-86.123928,39.867988,1050304574,1,8.0,424.0,2,1,0,1,0,0,0,0,0,A,0,0,1,0
4506536,-86.07738,39.913878,1240979200,1,4.0,212.0,1,1,0,1,0,0,0,0,0,A,0,0,1,0
4506537,-86.10686,39.908635,1278961174,1,8.0,424.0,2,1,0,1,0,0,0,0,0,A,0,0,1,0
4506538,-86.014928,39.936517,27659434,2,16.0,1280.0,1,2,0,1,0,1,0,0,0,A,1,0,1,0
4506539,-85.959318,39.900823,1197312582,1,4.0,212.0,2,1,0,1,0,0,0,0,0,A,0,0,1,0
4506540,-86.00977,39.844219,1279237120,1,2.0,160.0,2,1,0,1,0,0,0,0,0,A,0,0,1,0
4506541,-86.018361,39.843054,1279219896,1,4.0,212.0,2,1,0,1,0,0,0,0,0,E,0,0,1,0
4506542,-85.995302,39.83284,1279227400,1,6.0,318.0,2,1,0,1,0,0,0,0,0,A,0,0,1,0
4506543,-86.064122,39.905983,1050729883,1,4.0,212.0,1,2,0,1,0,0,1,0,0,A,0,0,1,0
4506544,-86.053079,39.901366,1279144558,1,3.0,159.0,1,3,1,0,1,0,1,0,0,A,0,0,1,0
4506545,-86.052592,39.901159,1279144535,1,6.0,318.0,1,3,1,0,1,0,1,0,0,A,0,0,1,0
4506546,-86.113425,39.882168,1279151066,1,8.0,424.0,2,2,1,0,0,1,0,0,0,A,0,0,1,0
4506547,-86.141704,39.83904,19468830,1,8.0,424.0,1,3,1,0,1,0,1,0,0,A,0,0,1,0
4506548,-86.126019,39.845671,1228428058,1,10.0,530.0,2,3,1,0,1,0,1,0,0,A,0,0,1,0
4506549,-86.065328,39.840818,1279092708,1,6.0,318.0,2,3,1,0,1,0,1,0,0,A,0,0,1,0
4506550,-85.979177,39.857755,1197333296,4,32.0,1600.0,2,4,1,1,0,1,1,0,0,A,1,0,1,0
4506551,-85.979177,39.857755,1197333296,3,24.0,1200.0,2,1,0,0,1,0,0,0,0,A,0,0,1,0
4506552,-86.028908,40.173,1278392695,2,16.0,848.0,2,1,0,1,0,0,0,0,0,A,0,0,1,0
4506553,-86.028842,40.173002,1278392695,1,8.0,424.0,2,1,0,1,0,0,0,0,0,A,0,0,1,0
4506554,-85.980863,40.11036,1301109944,1,4.0,212.0,1,1,0,1,0,0,0,0,0,A,0,0,1,0
4506555,-86.036732,39.915523,1279226903,1,4.0,212.0,1,1,0,1,0,0,0,0,0,A,0,0,1,0
4506556,-86.034594,39.926425,1197853666,1,4.0,212.0,2,1,0,1,0,0,0,0,0,E,0,0,1,0
4506557,-86.041282,39.918832,1279153430,1,8.0,424.0,1,1,0,1,0,0,0,0,0,A,0,0,1,0
4506558,-86.026849,40.044918,1278367146,1,2.0,106.0,2,1,0,1,0,0,0,0,0,A,0,0,1,0
4506559,-86.021111,39.999245,1291634941,1,18.0,954.0,1,2,0,1,0,0,1,0,0,A,0,0,1,0
4506560,-86.013016,39.961078,1282032359,1,6.0,318.0,1,1,0,1,0,0,0,0,0,E,0,0,1,0
4506561,-86.005124,39.992448,1278259806,1,4.0,212.0,2,1,0,1,0,0,0,0,0,A,0,0,1,0
4506562,-86.126803,39.839782,1278820922,1,2.0,106.0,1,2,0,1,0,0,1,0,0,A,0,0,1,0
4506563,-86.124013,39.851988,1278798394,1,8.0,424.0,1,2,0,1,0,0,1,0,0,A,0,0,1,0
4506564,-86.06245,39.947167,1115561441,2,16.0,848.0,1,2,0,1,0,1,0,0,0,A,0,0,1,0
4506565,-86.039088,39.957389,1278294199,1,4.0,212.0,2,2,0,1,0,0,1,0,0,A,0,0,1,0
4506566,-85.973477,39.86065,1279281886,1,3.0,159.0,2,1,0,1,0,0,0,0,0,A,0,0,1,0
4506567,-86.035367,39.904706,1293683309,1,3.0,159.0,2,2,0,1,0,0,1,0,0,A,0,0,1,0
4506568,-86.001755,39.858708,1279245814,1,6.0,318.0,1,2,0,1,0,0,1,0,0,A,0,0,1,0
4506569,-86.034939,39.83367,19469440,1,8.0,424.0,1,2,0,1,0,0,1,0,0,A,0,0,1,0
4506570,-86.072853,39.903664,1279176731,1,3.0,159.0,1,1,0,1,0,0,0,0,0,A,0,0,1,0
4506571,-86.046304,39.907633,1279171285,1,6.0,318.0,1,2,0,1,0,0,1,0,0,A,0,0,1,0
4506572,-86.121154,39.885822,1296783038,1,8.0,424.0,2,2,0,1,0,0,1,0,0,A,0,0,1,0
4506573,-86.087368,39.904144,1196912459,1,6.0,318.0,1,1,0,0,1,0,0,0,0,A,0,0,1,0
4506574,-86.006908,40.037697,1278335474,1,4.0,212.0,2,1,0,0,1,0,0,0,0,A,0,0,1,0
4506575,-86.047419,39.889047,1197042939,1,8.0,424.0,1,5,1,1,1,1,1,0,0,A,0,0,1,0
4506576,-86.141014,39.870568,1278664049,1,10.0,530.0,1,2,1,0,0,1,0,0,0,A,0,0,1,0
4506577,-86.151536,39.85758,1278604462,2,8.0,424.0,1,3,1,0,1,0,1,0,0,A,0,0,1,0
4506578,-86.124461,39.847962,1296698746,1,4.0,212.0,1,2,1,0,0,1,0,0,0,A,0,0,1,0
4506579,-86.045559,39.843298,1279034028,1,8.0,424.0,2,1,1,0,0,0,0,0,0,A,0,0,1,0
4506580,-85.999527,39.848502,1166758165,1,10.0,530.0,2,4,1,0,1,1,1,0,0,A,1,0,1,0
4506581,-85.987708,39.8625,1293451677,1,4.0,212.0,2,3,1,0,1,0,1,0,0,A,0,0,1,0
4506582,-85.989535,39.827808,1279182941,1,4.0,212.0,1,1,1,0,0,0,0,0,0,A,0,0,1,0
4506583,-86.001839,39.836741,19469097,18,144.0,7632.0,1,3,1,0,1,0,1,0,0,A,1,0,1,0
4506584,-85.928368,40.14613,125142659,1,4.0,212.0,2,1,0,1,0,0,0,0,0,4,0,0,1,0
4506585,-86.001056,40.039964,1246255624,1,8.0,424.0,1,2,0,1,0,0,1,0,0,A,0,0,1,0
4506586,-86.026077,39.928436,125157415,1,6.0,480.0,1,1,0,1,0,0,0,0,0,A,0,0,1,0
4506587,-86.03734,39.919303,1279101432,1,10.0,530.0,1,2,0,1,0,0,1,0,0,O,0,0,1,0
4506588,-86.090708,40.004631,1291641889,1,6.0,318.0,2,1,0,1,0,0,0,0,0,O,0,0,1,0
4506589,-86.099089,40.042085,1309434475,1,4.0,212.0,2,1,0,1,0,0,0,0,0,A,0,0,1,0
4506590,-86.008702,40.011588,1291633610,1,2.0,106.0,1,1,0,1,0,0,0,0,0,A,0,0,1,0
4506591,-86.00666,39.999274,1330180887,1,8.0,424.0,2,1,0,1,0,0,0,0,0,A,0,0,1,0
4506592,-86.145001,39.843002,1278588740,1,8.0,424.0,2,2,0,1,0,0,1,0,0,A,0,0,1,0
4506593,-86.119468,39.837844,1278805013,1,6.0,318.0,2,1,0,1,0,0,0,0,0,A,0,0,1,0
4506594,-86.108656,39.916475,27663609,1,4.0,212.0,2,2,0,1,0,0,1,0,0,A,0,0,1,0
4506595,-86.071881,39.947033,1165279840,1,4.0,212.0,2,1,0,1,0,0,0,0,0,A,0,0,1,0
4506596,-85.969576,39.862038,1196607765,1,8.0,424.0,2,1,0,1,0,0,0,0,0,A,0,0,1,0
4506597,-85.957557,39.901153,1162415744,1,8.0,424.0,2,2,0,1,0,0,1,0,0,A,0,0,1,0
4506598,-86.01968,39.841687,1296635238,1,4.0,212.0,2,1,0,1,0,0,0,0,0,A,0,0,1,0
4506599,-86.011303,39.842782,1279311856,1,6.0,318.0,1,2,0,1,0,0,1,0,0,A,0,0,1,0
4506600,-86.059133,39.902488,1279176706,1,6.0,318.0,2,2,0,1,0,1,0,0,0,A,0,0,1,0
4506601,-86.042371,39.889245,1279069281,1,2.0,106.0,1,2,0,1,0,1,0,0,0,A,0,0,1,0
4506602,-86.14513,39.873946,1278611542,1,2.0,106.0,2,2,0,1,0,0,1,0,0,A,0,0,1,0
4506603,-86.013236,40.052394,1278330224,1,4.0,320.0,2,1,0,0,1,0,0,0,0,A,0,0,1,0
4506604,-86.04184,40.042016,907516606,1,6.0,318.0,1,1,0,0,1,0,0,0,0,A,0,0,1,0
4506605,-86.025372,40.000734,1278294466,1,8.0,640.0,1,1,0,0,1,0,0,0,0,A,0,0,1,0
4506606,-86.045147,39.887677,1279069578,1,4.0,212.0,2,2,1,0,0,1,0,0,0,A,0,0,1,0
4506607,-86.0416,39.913477,1279102018,1,8.0,424.0,2,3,1,0,1,0,1,0,0,A,0,0,1,0
4506608,-86.143537,39.869064,1196821455,1,10.0,530.0,2,5,1,1,1,1,1,0,0,A,1,0,1,0
4506609,-86.122697,39.837084,1278805046,1,10.0,530.0,1,1,1,0,0,0,0,0,0,A,0,0,1,0
4506610,-86.063738,39.839286,19468353,10,80.0,4240.0,2,3,1,0,1,0,1,0,0,A,1,0,1,0
4506611,-85.969608,39.861946,1196607765,1,8.0,424.0,2,2,1,0,1,0,0,0,0,A,1,0,1,0
4506612,-85.973997,39.862635,1279282284,1,4.0,212.0,1,3,1,0,1,0,1,0,0,A,0,0,1,0
4506613,-85.989303,39.827811,1279182941,1,2.0,106.0,1,2,1,0,0,0,1,0,0,A,0,0,1,0
4506614,-86.029369,39.838679,1279181784,1,8.0,424.0,2,3,1,0,1,0,1,0,0,A,0,0,1,0
4506615,-86.008164,40.17592,1278391908,1,4.0,212.0,1,1,0,1,0,0,0,0,0,E,0,0,1,0
4506616,-85.936767,40.102743,111808625,1,2.0,106.0,1,1,0,1,0,0,0,0,0,O,0,0,1,0
4506617,-85.997503,40.043282,1278376095,1,4.0,212.0,2,1,0,1,0,0,0,0,0,A,0,0,1,0
4506618,-86.027799,39.923988,1279232087,1,2.0,106.0,1,1,0,1,0,0,0,0,0,A,0,0,1,0
4506619,-86.022392,39.92918,1050330923,1,4.0,212.0,1,1,0,1,0,0,0,0,0,A,0,0,1,0
4506620,-86.013108,40.040938,1278366981,1,6.0,318.0,2,1,0,1,0,0,0,0,0,O,0,0,1,0
4506621,-86.090634,40.003317,1220038138,1,4.0,212.0,1,1,0,1,0,0,0,0,0,A,0,0,1,0
4506622,-86.096062,40.042558,1373122763,1,8.0,424.0,2,2,0,1,0,0,1,0,0,A,0,0,1,0
4506623,-86.005212,39.980262,1330248065,1,4.0,212.0,1,1,0,1,0,0,0,0,0,A,0,0,1,0
4506624,-86.128675,39.847326,1228421892,1,2.0,106.0,2,1,0,1,0,0,0,0,0,O,0,0,1,0
4506625,-86.121687,39.855669,1293452842,1,8.0,424.0,2,2,0,1,0,0,1,0,0,A,0,0,1,0
4506626,-86.09803,39.924264,1264654981,1,4.0,212.0,2,1,0,1,0,0,0,0,0,E,0,0,1,0
4506627,-86.036026,39.960976,1278293196,1,4.0,212.0,2,2,0,1,0,0,1,0,0,A,0,0,1,0
4506628,-85.955202,39.876617,1296776990,1,2.0,106.0,2,1,0,1,0,0,0,0,0,A,0,0,1,0
4506629,-85.959275,39.894996,1197312223,1,2.0,106.0,1,1,0,1,0,0,0,0,0,A,0,0,1,0
4506630,-86.011313,39.859119,1279234226,1,4.0,212.0,1,1,0,1,0,0,0,0,0,A,0,0,1,0
4506631,-86.026467,39.841511,1283526287,1,2.0,106.0,2,1,0,1,0,0,0,0,0,A,0,0,1,0
4506632,-86.045409,39.888698,1197042932,1,8.0,424.0,2,1,0,1,0,0,0,0,0,A,0,0,1,0
4506633,-86.066741,39.911522,1067562885,1,4.0,212.0,2,2,0,1,0,0,1,0,0,A,0,0,1,0
4506634,-86.06672,39.911495,1067562885,1,6.0,318.0,2,2,0,1,0,0,1,0,0,A,0,0,1,0
4506635,-86.121039,39.87058,1278958875,1,4.0,212.0,2,1,0,1,0,0,0,0,0,A,0,0,1,0
4506636,-86.101108,39.929969,1278254329,1,2.0,106.0,2,1,0,0,1,0,0,0,0,A,0,0,1,0
4506637,-86.059446,39.908685,1196490378,1,8.0,424.0,1,5,1,1,1,1,1,0,0,A,1,0,1,0
4506638,-86.140446,39.867228,1355124395,4,24.0,1272.0,2,3,1,0,1,0,1,0,0,A,0,0,1,0
4506639,-86.082053,39.874223,1279023944,1,3.0,159.0,1,3,1,0,1,0,1,0,0,A,0,0,1,0
4506640,-86.096275,39.86848,1050566714,1,8.0,424.0,2,2,1,0,0,1,0,0,0,A,0,0,1,0
4506641,-85.988262,39.893606,1293446760,1,6.0,318.0,1,3,1,0,1,0,1,0,0,A,0,0,1,0
4506642,-85.978477,39.862111,1279245387,1,3.0,159.0,1,2,1,0,0,1,0,0,0,A,0,0,1,0
4506643,-86.026,39.85382,108776718,1,8.0,424.0,1,4,1,1,0,1,1,0,0,A,0,0,1,0
4506644,-86.01689,39.840754,1279310016,1,2.0,106.0,2,2,1,0,0,1,0,0,0,A,0,0,1,0
4506645,-86.01558,40.1316,1278372251,1,4.0,212.0,2,1,0,1,0,0,0,0,0,A,0,0,1,0
4506646,-85.989897,40.198258,35258555,1,2.0,106.0,1,1,0,1,0,0,0,0,0,E,0,0,1,0
4506647,-85.981111,40.083047,1306793824,1,8.0,424.0,1,1,0,1,0,0,0,0,0,A,0,0,1,0
4506648,-86.028337,39.915053,1279226836,1,2.0,106.0,1,1,0,1,0,0,0,0,0,A,0,0,1,0
4506649,-86.028003,39.93375,1278212395,1,2.0,106.0,1,1,0,1,0,0,0,0,0,O,0,0,1,0
4506650,-86.018243,39.929084,1197912696,1,4.0,212.0,1,1,0,1,0,0,0,0,0,A,0,0,1,0
4506651,-86.009462,40.046083,19490920,1,2.0,106.0,1,1,0,1,0,0,0,0,0,A,0,0,1,0
4506652,-86.127052,40.046122,1278379921,1,6.0,318.0,2,1,0,1,0,0,0,0,0,A,0,0,1,0
4506653,-86.010788,40.031979,1278574455,1,4.0,212.0,2,1,0,1,0,0,0,0,0,A,0,0,1,0
4506654,-86.007371,40.009449,1278303145,1,8.0,424.0,2,1,0,1,0,0,0,0,0,A,0,0,1,0
4506655,-86.005977,39.99542,1269291113,1,4.0,212.0,2,2,0,1,0,0,1,0,0,A,0,0,1,0
4506656,-86.116674,39.855718,1279102809,1,6.0,318.0,2,2,0,1,0,0,1,0,0,A,0,0,1,0
4506657,-86.104125,39.928475,1278252212,1,6.0,318.0,1,1,0,1,0,0,0,0,0,A,0,0,1,0
4506658,-86.08444,39.90579,1196912392,1,2.0,106.0,1,1,0,1,0,0,0,0,0,A,0,0,1,0
4506659,-86.077287,39.977259,1220043375,2,16.0,848.0,2,1,0,1,0,0,0,0,0,A,0,0,1,0
4506660,-85.956029,39.876334,1279238967,1,2.0,106.0,2,1,0,1,0,0,0,0,0,O,0,0,1,0
4506661,-85.95707,39.87597,19493844,1,2.0,106.0,2,1,0,1,0,0,0,0,0,A,0,0,1,0
4506662,-86.043429,39.856984,1279027128,2,16.0,848.0,1,2,0,1,0,1,0,0,0,A,0,0,1,0
4506663,-86.018254,39.839774,1279232132,1,8.0,424.0,2,2,0,1,0,0,1,0,0,A,0,0,1,0
4506664,-86.060311,39.911268,763559388,1,8.0,424.0,2,1,0,1,0,0,0,0,0,A,0,0,1,0
4506665,-86.072098,39.883839,1278997787,1,4.0,212.0,1,1,0,1,0,0,0,0,0,A,0,0,1,0
4506666,-86.081485,39.877624,1279055634,1,4.0,212.0,1,1,0,1,0,0,0,0,0,A,0,0,1,0
4506667,-86.140157,39.869828,1050267758,1,8.0,424.0,2,2,0,1,0,0,1,0,0,A,0,0,1,0
4506668,-86.117211,39.884727,1279172397,1,8.0,424.0,1,5,1,1,1,1,1,0,0,A,0,0,1,0
4506669,-86.125693,39.849946,1296697873,1,4.0,212.0,1,3,1,0,1,0,1,0,0,A,0,0,1,0
4506670,-86.102586,39.843183,125125621,1,8.0,424.0,1,2,1,0,0,0,1,0,0,A,0,0,1,0
4506671,-85.979262,39.858645,1279247075,1,8.0,424.0,2,2,1,0,1,0,0,0,0,A,0,0,1,0
4506672,-85.979262,39.858645,1279247075,2,16.0,800.0,2,3,0,1,0,1,1,0,0,A,1,0,1,0
4506673,-86.015969,39.831421,1279236848,1,10.0,530.0,1,5,1,1,1,1,1,0,0,A,0,0,1,0
4506674,-86.02494,40.10212,1297367563,1,2.0,106.0,1,1,0,1,0,0,0,0,0,O,0,0,1,0
4506675,-85.988809,40.175591,1309712430,1,2.0,106.0,2,1,0,1,0,0,0,0,0,O,0,0,1,0
4506676,-85.955314,40.095744,19489642,1,2.0,106.0,1,1,0,1,0,0,0,0,0,E,0,0,1,0
4506677,-86.035518,39.915595,1279225671,1,6.0,318.0,2,1,0,1,0,0,0,0,0,A,0,0,1,0
4506678,-86.028205,39.933508,1278212395,1,2.0,106.0,1,1,0,1,0,0,0,0,0,A,0,0,1,0
4506679,-86.017016,39.929125,1197912694,1,4.0,212.0,1,2,0,1,0,0,1,0,0,A,0,0,1,0
4506680,-86.027994,40.038899,1231052309,1,2.0,106.0,2,1,0,1,0,0,0,0,0,A,0,0,1,0
4506681,-86.125282,40.073651,19490150,1,8.0,424.0,2,1,0,1,0,0,0,0,0,A,0,0,1,0
4506682,-86.017208,40.026395,1278313434,1,8.0,424.0,1,1,0,1,0,0,0,0,0,E,0,0,1,0
4506683,-86.007519,39.959146,1278252761,1,2.0,106.0,2,1,0,1,0,0,0,0,0,A,0,0,1,0
4506684,-86.151923,39.839321,1278789414,1,6.0,318.0,1,1,0,1,0,0,0,0,0,A,0,0,1,0
4506685,-86.125517,39.852192,1293453834,1,8.0,424.0,1,2,0,1,0,0,1,0,0,A,0,0,1,0
4506686,-86.106363,39.919171,1279000556,1,6.0,318.0,1,1,0,1,0,0,0,0,0,A,0,0,1,0
4506687,-86.020243,39.941178,1220155657,1,6.0,318.0,2,2,0,1,0,0,1,0,0,A,0,0,1,0
4506688,-85.952939,39.873461,108776972,1,6.0,318.0,2,2,0,1,0,0,1,0,0,A,0,0,1,0
4506689,-85.957025,39.875339,1279236283,1,2.0,106.0,2,1,0,1,0,0,0,0,0,A,0,0,1,0
4506690,-86.046476,39.838615,1050222226,1,4.0,320.0,1,2,0,1,0,1,0,0,0,A,0,0,1,0
4506691,-86.046734,39.83862,1050222226,1,6.0,318.0,1,1,0,1,0,0,0,0,0,A,0,0,1,0
4506692,-86.072857,39.906198,125143935,1,8.0,424.0,1,1,0,1,0,0,0,0,0,A,0,0,1,0
4506693,-86.051821,39.904769,1279102144,1,2.0,106.0,1,1,0,1,0,0,0,0,0,A,0,0,1,0
4506694,-86.06138,39.891158,1293447136,1,8.0,424.0,1,2,0,1,0,0,1,0,0,A,0,0,1,0
4506695,-86.14241,39.871109,1279821405,1,4.0,212.0,1,2,0,1,0,1,0,0,0,A,0,0,1,0
4506696,-86.121573,39.890379,1197496456,1,6.0,318.0,2,1,0,0,1,0,0,0,0,A,0,0,1,0
4506697,-86.018621,40.049771,1067015498,1,2.0,106.0,2,1,0,0,1,0,0,0,0,A,0,0,1,0
4506698,-86.006601,40.010285,1278305923,1,8.0,424.0,1,1,0,0,1,0,0,0,0,E,0,0,1,0
4506699,-86.12838,39.869103,1279068942,1,8.0,424.0,1,3,1,0,1,0,1,0,0,A,0,0,1,0
4506700,-86.140035,39.851429,1372877595,1,4.0,212.0,1,5,1,1,1,1,1,0,0,A,0,0,1,0
4506701,-86.087247,39.855519,1296698438,1,8.0,424.0,1,3,1,0,1,0,1,0,0,A,0,0,1,0
4506702,-86.040613,39.872514,1293449731,15,120.0,6360.0,2,3,1,0,1,0,1,0,0,A,0,0,1,0
4506703,-85.916181,39.895596,1370319777,2,12.0,636.0,1,3,1,0,1,0,1,0,0,A,0,0,1,0
4506704,-85.990644,39.855164,1279230811,1,8.0,424.0,1,4,1,0,1,1,1,0,0,A,1,0,1,0
4506705,-85.990644,39.855164,1279230811,2,16.0,848.0,1,1,0,1,0,0,0,0,0,A,0,0,1,0
4506706,-86.032229,40.091869,1278558598,1,4.0,212.0,2,1,0,1,0,0,0,0,0,E,0,0,1,0
4506707,-85.987919,40.180349,125142635,1,2.0,106.0,2,1,0,1,0,0,0,0,0,O,0,0,1,0
4506708,-85.972078,40.111748,1301109944,1,4.0,212.0,1,1,0,1,0,0,0,0,0,A,0,0,1,0
4506709,-86.028379,39.913871,1279226836,1,2.0,106.0,2,1,0,1,0,0,0,0,0,A,0,0,1,0
4506710,-86.032279,39.937427,1278311870,2,16.0,848.0,2,1,0,1,0,0,0,0,0,A,0,0,1,0
4506711,-86.018263,39.933652,1278254495,1,4.0,212.0,2,1,0,1,0,0,0,0,0,A,0,0,1,0
4506712,-86.050374,40.061829,1278323784,1,4.0,212.0,1,2,0,1,0,0,1,0,0,A,0,0,1,0
4506713,-86.110059,40.048086,1368306957,1,2.0,106.0,1,1,0,1,0,0,0,0,0,A,0,0,1,0
4506714,-86.004583,40.014059,1278330465,1,6.0,318.0,2,1,0,1,0,0,0,0,0,A,0,0,1,0
4506715,-86.007697,39.96038,1278452971,1,4.0,212.0,1,1,0,1,0,0,0,0,0,A,0,0,1,0
4506716,-86.144748,39.839945,1373391613,1,4.0,212.0,2,2,0,1,0,1,0,0,0,A,1,0,1,0
4506717,-86.07458,39.910127,1296633395,1,6.0,318.0,1,1,0,1,0,0,0,0,0,A,0,0,1,0
4506718,-86.089842,39.904705,1050609898,1,4.0,212.0,1,2,0,1,0,0,1,0,0,A,0,0,1,0
4506719,-86.052788,39.971937,27663436,1,4.0,212.0,1,1,0,1,0,0,0,0,0,A,0,0,1,0
4506720,-85.954081,39.871432,1279240351,1,2.0,106.0,1,1,0,1,0,0,0,0,0,A,0,0,1,0
4506721,-85.958121,39.901001,1279245357,1,4.0,212.0,2,1,0,1,0,0,0,0,0,A,0,0,1,0
4506722,-86.008525,39.856264,1279249514,1,8.0,424.0,1,2,0,1,0,0,1,0,0,A,0,0,1,0
4506723,-86.022237,39.836898,1293456550,1,2.0,106.0,2,1,0,1,0,0,0,0,0,A,0,0,1,0
4506724,-86.054259,39.90604,1279163707,1,8.0,424.0,2,1,0,1,0,0,0,0,0,A,0,0,1,0
4506725,-86.05489,39.900798,1279098204,1,6.0,318.0,2,2,0,1,0,1,0,0,0,A,0,0,1,0
4506726,-86.080362,39.87545,1279023952,1,6.0,318.0,2,1,0,1,0,0,0,0,0,A,0,0,1,0
4506727,-86.12135,39.874096,1050264762,1,2.0,106.0,2,1,0,1,0,0,0,0,0,A,0,0,1,0
4506728,-86.069263,39.911627,19500727,1,8.0,424.0,2,1,0,1,0,0,0,0,0,A,0,0,1,0
4506729,-86.013197,40.052348,1278330224,1,4.0,212.0,2,1,0,0,1,0,0,0,0,A,0,0,1,0
4506730,-86.142382,39.86904,1278662509,1,6.0,318.0,1,2,1,0,0,0,1,0,0,A,0,0,1,0
4506731,-86.136016,39.850745,19466709,1,10.0,530.0,2,4,1,0,1,1,1,0,0,A,0,0,1,0
4506732,-86.046841,39.877266,1280538883,2,8.0,424.0,1,2,1,0,0,0,1,0,0,A,0,0,1,0
4506733,-86.063138,39.847777,19514543,1,8.0,424.0,2,2,1,0,0,1,0,0,0,A,1,0,1,0
4506734,-85.958272,39.872253,1196411789,1,6.0,318.0,1,3,1,0,1,0,1,0,0,A,0,0,1,0
4506735,-85.980841,39.860108,1293682584,1,8.0,424.0,2,2,1,0,0,1,0,0,0,A,0,0,1,0
4506736,-86.009682,39.8467,1293455081,1,8.0,424.0,2,3,1,1,0,0,1,0,0,A,0,0,1,0
4506737,-86.028708,39.833788,19489172,3,18.0,954.0,2,3,1,0,1,0,1,0,0,A,1,0,1,0
4506738,-86.028594,39.834455,19489172,4,16.0,848.0,2,3,1,0,1,0,1,0,0,A,1,0,1,0
4506739,-86.030126,39.833452,19469263,1,8.0,424.0,1,3,1,0,1,0,1,0,0,A,1,0,1,0
4506740,-86.038881,39.916856,1311130984,1,8.0,424.0,1,2,0,1,0,0,1,0,0,A,0,0,1,0
4506741,-86.06126,39.993866,708429994,1,6.0,318.0,2,1,0,1,0,0,0,0,0,O,0,0,1,0
4506742,-86.104164,40.041381,1220134559,1,8.0,424.0,2,2,0,1,0,0,1,0,0,A,0,0,1,0
4506743,-86.004568,40.004332,1278303156,1,4.0,212.0,2,1,0,1,0,0,0,0,0,A,0,0,1,0
4506744,-86.005067,39.986804,1278262429,1,4.0,212.0,1,1,0,1,0,0,0,0,0,A,0,0,1,0
4506745,-86.088384,39.853108,1278944992,1,2.0,106.0,1,2,0,1,0,0,1,0,0,A,0,0,1,0
4506746,-86.116351,39.85452,1228363113,1,2.0,106.0,2,1,0,1,0,0,0,0,0,A,0,0,1,0
4506747,-86.070125,39.910628,19500727,1,6.0,318.0,2,2,0,1,0,0,1,0,0,A,0,0,1,0
4506748,-86.07734,39.904039,1311703048,1,2.0,106.0,1,1,0,1,0,0,0,0,0,O,0,0,1,0
4506749,-86.030335,39.941183,1291644823,2,12.0,636.0,2,2,0,1,0,0,1,0,0,A,0,0,1,0
4506750,-86.047068,39.909279,1228430090,1,2.0,106.0,2,1,0,1,0,0,0,0,0,O,0,0,1,0
4506751,-85.918582,39.895154,1127987025,1,2.0,106.0,2,2,0,1,0,0,1,0,0,A,0,0,1,0
4506752,-86.021288,39.837294,1293457689,1,8.0,424.0,2,2,0,1,0,1,0,0,0,A,0,0,1,0
4506753,-86.060909,39.910199,763559350,1,6.0,318.0,2,1,0,1,0,0,0,0,0,A,0,0,1,0
4506754,-86.080525,39.876586,1279023952,1,2.0,106.0,1,1,0,1,0,0,0,0,0,A,0,0,1,0
4506755,-86.120808,39.873726,1197328421,1,10.0,530.0,2,1,0,1,0,0,0,0,0,A,0,0,1,0
4506756,-86.075549,39.90354,1279176729,1,6.0,480.0,1,2,0,1,0,0,1,0,0,A,0,0,1,0
4506757,-85.998654,40.03271,1278362844,1,2.0,106.0,1,1,0,0,1,0,0,0,0,A,0,0,1,0
4506758,-86.008598,40.010756,1291633436,1,8.0,424.0,1,1,0,0,1,0,0,0,0,A,0,0,1,0
4506759,-86.018464,39.92975,1278254535,1,4.0,212.0,2,1,0,0,1,0,0,0,0,O,0,0,1,0
4506760,-86.04272,39.951028,1278298294,1,8.0,424.0,1,1,0,0,1,0,0,0,0,A,0,0,1,0
4506761,-86.121467,39.853698,1197051146,1,4.0,212.0,2,2,1,0,0,1,0,0,0,A,0,0,1,0
4506762,-86.08491,39.87031,1278824388,1,8.0,424.0,1,3,1,0,1,0,1,0,0,A,0,0,1,0
4506763,-85.998749,39.848882,1279228320,1,8.0,424.0,2,2,1,0,0,1,0,0,0,A,0,0,1,0
4506764,-85.955488,39.905427,125157347,1,8.0,424.0,2,4,1,0,1,1,1,0,0,A,0,0,1,0
4506765,-85.955488,39.905427,125157347,2,16.0,848.0,2,1,0,1,0,0,0,0,0,A,0,0,1,0
4506766,-86.033827,39.836232,1293457057,1,2.0,106.0,1,1,1,0,0,0,0,0,0,A,0,0,1,0
4506767,-86.009559,39.845596,1279237105,1,4.0,212.0,2,1,1,0,0,0,0,0,0,O,0,0,1,0
4506768,-86.013904,40.069528,1297362993,1,4.0,212.0,2,1,0,1,0,0,0,0,0,A,0,0,1,0
4506769,-86.018779,40.178917,35259787,1,6.0,318.0,2,1,0,1,0,0,0,0,0,A,0,0,1,0
4506770,-85.964593,40.105655,1239682871,1,8.0,424.0,2,1,0,1,0,0,0,0,0,O,0,0,1,0
4506771,-86.032376,39.915985,1279226904,1,4.0,212.0,2,1,0,1,0,0,0,0,0,A,0,0,1,0
4506772,-86.028308,39.93342,1278212395,1,6.0,318.0,1,1,0,1,0,0,0,0,0,A,0,0,1,0
4506773,-86.020544,39.932492,1050618874,1,6.0,318.0,2,2,0,1,0,0,1,0,0,A,0,0,1,0
4506774,-86.028854,40.036526,1278308414,1,2.0,106.0,2,2,0,1,0,0,1,0,0,A,0,0,1,0
4506775,-86.070115,40.044975,1278463937,1,4.0,212.0,1,2,0,1,0,0,1,0,0,A,0,0,1,0
4506776,-86.010994,39.961979,1291642763,1,8.0,424.0,1,2,0,1,0,1,0,0,0,A,0,0,1,0
4506777,-86.083121,39.870979,1278824130,1,2.0,106.0,1,1,0,1,0,0,0,0,0,A,0,0,1,0
4506778,-86.116765,39.854769,1279102789,1,2.0,106.0,2,1,0,1,0,0,0,0,0,A,0,0,1,0
4506779,-86.07336,39.91431,1166903432,1,6.0,318.0,2,1,0,1,0,0,0,0,0,A,0,0,1,0
4506780,-86.099099,39.909988,1278993155,1,8.0,424.0,2,2,0,1,0,0,1,0,0,A,0,0,1,0
4506781,-85.983335,39.860405,1293682585,2,16.0,848.0,1,1,0,1,0,0,0,0,0,A,0,0,1,0
4506782,-86.046361,39.912037,1279169339,1,4.0,212.0,2,2,0,1,0,0,1,0,0,A,0,0,1,0
4506783,-86.000034,39.856933,1279245819,1,2.0,106.0,2,1,0,1,0,0,0,0,0,A,0,0,1,0
4506784,-86.019611,39.843026,1279219901,1,8.0,424.0,1,2,0,1,0,0,1,0,0,A,0,0,1,0
4506785,-86.054823,39.906277,1279163822,1,8.0,424.0,1,2,0,1,0,0,1,0,0,A,0,0,1,0
4506786,-86.070012,39.88253,1293449377,1,4.0,212.0,1,1,0,1,0,0,0,0,0,A,0,0,1,0
4506787,-86.120516,39.883769,1279158094,1,6.0,318.0,1,1,0,1,0,0,0,0,0,A,0,0,1,0
4506788,-86.142874,39.874011,1278685965,1,2.0,106.0,1,1,0,1,0,0,0,0,0,A,0,0,1,0
4506789,-86.107723,39.908535,1278961174,1,4.0,212.0,2,1,0,0,1,0,0,0,0,A,0,0,1,0
4506790,-86.000926,40.039591,1246255624,1,6.0,318.0,1,1,0,0,1,0,0,0,0,A,0,0,1,0
4506791,-86.005091,40.010582,1278306338,1,4.0,212.0,2,1,0,0,1,0,0,0,0,A,0,0,1,0
4506792,-86.066399,39.84295,1296744014,1,6.0,318.0,2,2,1,0,0,1,0,0,0,A,0,0,1,0
4506793,-85.989095,39.856798,1279236606,3,6.0,318.0,2,3,1,0,1,0,1,0,0,A,0,0,1,0
4506794,-85.987811,39.856721,1279236622,1,8.0,424.0,1,2,1,0,0,0,1,0,0,A,0,0,1,0
4506795,-86.009773,39.863141,717776108,2,12.0,636.0,2,2,1,0,0,0,1,0,0,A,0,0,1,0
4506796,-86.023278,39.836295,1050236680,1,8.0,424.0,2,2,1,0,0,0,1,0,0,A,0,0,1,0
4506797,-86.011627,39.837474,1279307687,1,8.0,424.0,2,3,1,0,1,0,1,0,0,A,1,0,1,0
4506798,-86.011602,39.837473,1279307687,7,56.0,2968.0,2,3,1,0,1,0,1,0,0,A,1,0,1,0
4506799,-86.032378,39.916645,19500222,1,2.0,106.0,2,1,0,1,0,0,0,0,0,A,0,0,1,0
4506800,-86.044434,39.926192,948613693,1,4.0,212.0,1,2,0,1,0,0,1,0,0,A,0,0,1,0
4506801,-86.009583,40.041013,1278369862,1,2.0,106.0,1,1,0,1,0,0,0,0,0,A,0,0,1,0
4506802,-86.069606,39.99813,1220067524,1,4.0,212.0,2,2,0,1,0,0,1,0,0,A,0,0,1,0
4506803,-86.067524,40.003413,1128166517,1,8.0,424.0,2,2,0,1,0,0,1,0,0,A,0,0,1,0
4506804,-85.996327,39.984598,1220057290,1,8.0,424.0,1,2,0,1,0,1,0,0,0,A,0,0,1,0
4506805,-86.154127,39.842222,1278586421,1,8.0,424.0,2,2,0,1,0,0,1,0,0,A,0,0,1,0
4506806,-86.121373,39.845403,1278820261,1,4.0,212.0,2,1,0,1,0,0,0,0,0,O,0,0,1,0
4506807,-86.04467,39.948079,1278268437,1,6.0,318.0,2,2,0,1,0,1,0,0,0,A,0,0,1,0
4506808,-86.020444,39.955501,1278784273,1,2.0,106.0,2,1,0,1,0,0,0,0,0,A,0,0,1,0
4506809,-85.977409,39.860824,1197406178,1,8.0,424.0,1,1,0,1,0,0,0,0,0,A,0,0,1,0
4506810,-85.95905,39.904492,1197312684,1,2.0,106.0,1,1,0,1,0,0,0,0,0,E,0,0,1,0
4506811,-85.993556,39.854816,1050237791,1,6.0,318.0,1,2,0,1,0,0,1,0,0,A,0,0,1,0
4506812,-86.026059,39.824726,755884428,1,2.0,106.0,2,1,0,1,0,0,0,0,0,A,0,0,1,0
4506813,-86.04791,39.898052,1197044991,1,4.0,212.0,1,1,0,1,0,0,0,0,0,A,0,0,1,0
4506814,-86.052659,39.904138,1050379995,1,2.0,106.0,1,1,0,1,0,0,0,0,0,A,0,0,1,0
4506815,-86.0794,39.876691,1279055652,1,2.0,106.0,1,1,0,1,0,0,0,0,0,E,0,0,1,0
4506816,-86.128871,39.86919,1279068939,1,6.0,318.0,1,1,0,1,0,0,0,0,0,A,0,0,1,0
4506817,-86.07142,39.910357,1197849606,1,8.0,424.0,2,1,0,0,1,0,0,0,0,E,0,0,1,0
4506818,-86.012491,40.032284,1278316116,1,4.0,212.0,1,1,0,0,1,0,0,0,0,A,0,0,1,0
4506819,-86.02933,40.045905,1278323736,1,4.0,212.0,2,1,0,0,1,0,0,0,0,A,0,0,1,0
4506820,-86.034549,39.998007,1220146254,1,8.0,424.0,1,2,0,0,1,0,1,0,0,A,0,0,1,0
4506821,-86.040657,39.952355,1278265921,1,4.0,212.0,2,1,0,0,1,0,0,0,0,A,0,0,1,0
4506822,-86.044361,39.909086,1279171279,1,2.0,106.0,2,1,0,0,1,0,0,0,0,A,0,0,1,0
4506823,-86.031736,39.925747,1293345202,1,6.0,318.0,2,1,0,1,0,0,0,0,0,A,0,0,1,0
4506824,-86.012138,40.043754,711375150,1,8.0,424.0,2,1,0,1,0,0,0,0,0,A,0,0,1,0
4506825,-86.126695,40.003974,1297386125,1,2.0,106.0,1,1,0,1,0,0,0,0,0,A,0,0,1,0
4506826,-86.005513,40.015129,1291633398,1,2.0,106.0,1,1,0,1,0,0,0,0,0,A,0,0,1,0
4506827,-86.000867,39.972275,1162588236,1,4.0,212.0,2,2,0,1,0,0,1,0,0,A,0,0,1,0
4506828,-86.140734,39.848543,1278579015,1,6.0,318.0,2,2,0,1,0,0,1,0,0,A,0,0,1,0
4506829,-86.124621,39.84986,1278818775,1,6.0,318.0,1,1,0,1,0,0,0,0,0,A,0,0,1,0
4506830,-86.079048,39.956014,1165279829,1,4.0,212.0,1,1,0,1,0,0,0,0,0,A,0,0,1,0
4506831,-86.076932,39.903661,1311703048,1,4.0,212.0,1,1,0,1,0,0,0,0,0,A,0,0,1,0
4506832,-85.985541,39.857097,1279237730,1,4.0,212.0,1,2,0,1,0,0,1,0,0,A,0,0,1,0
4506833,-85.957788,39.90109,1162415744,1,8.0,424.0,2,1,0,1,0,0,0,0,0,E,0,0,1,0
4506834,-86.011498,39.857225,1279301792,1,2.0,106.0,1,1,0,1,0,0,0,0,0,A,0,0,1,0
4506835,-86.029872,39.849871,125147278,1,6.0,318.0,2,2,0,1,0,0,1,0,0,A,0,0,1,0
4506836,-86.041846,39.905481,1050646137,1,6.0,318.0,2,2,0,1,0,0,1,0,0,A,0,0,1,0
4506837,-86.073182,39.87928,1279016422,1,3.0,159.0,1,1,0,1,0,0,0,0,0,A,0,0,1,0
4506838,-86.082019,39.877062,1279055660,1,6.0,318.0,1,2,0,1,0,1,0,0,0,A,0,0,1,0
4506839,-86.115458,39.908066,1279018942,1,4.0,212.0,2,2,0,1,0,0,1,0,0,A,0,0,1,0
4506840,-85.998531,40.032336,1278362873,1,4.0,212.0,1,1,0,0,1,0,0,0,0,A,0,0,1,0
4506841,-86.007929,40.009438,1278303145,1,4.0,212.0,1,1,0,0,1,0,0,0,0,A,0,0,1,0
4506842,-86.018379,39.930682,1278254536,1,8.0,424.0,2,1,0,0,1,0,0,0,0,A,0,0,1,0
4506843,-86.041476,39.950184,1278298297,1,4.0,212.0,2,1,0,0,1,0,0,0,0,A,0,0,1,0
4506844,-86.064425,39.90441,125157187,1,4.0,212.0,2,1,0,0,1,0,0,0,0,A,0,0,1,0
4506845,-86.125474,39.868206,1279068892,1,4.0,212.0,2,2,0,0,1,0,1,0,0,A,0,0,1,0
4506846,-86.120558,39.837667,1278821703,1,2.0,106.0,2,1,0,0,1,0,0,0,0,A,0,0,1,0
4506847,-85.970992,39.845159,1279227669,1,2.0,106.0,2,1,0,0,1,0,0,0,0,A,0,0,1,0
4506848,-86.013857,39.843282,1279311804,1,6.0,480.0,1,1,0,0,1,0,0,0,0,E,0,0,1,0
4506849,-86.013764,39.843252,1279311804,1,8.0,424.0,1,1,0,0,1,0,0,0,0,E,0,0,1,0
4506850,-86.108294,40.041391,1067012071,1,8.0,424.0,2,1,0,0,0,1,0,0,0,A,0,0,1,0
4506851,-86.105208,40.169497,35258860,1,4.0,212.0,1,1,0,0,0,1,0,0,0,A,0,0,1,0
4506852,-86.003964,40.013705,1278330482,1,4.0,212.0,2,1,0,0,0,1,0,0,0,A,0,0,1,0
4506853,-86.059906,39.929808,1220160225,1,8.0,424.0,2,1,0,0,0,1,0,0,0,A,0,0,1,0
4506854,-86.029134,40.044253,1278323818,1,2.0,106.0,1,1,0,1,0,0,0,0,0,A,0,0,1,0
4506855,-86.13178,40.043311,1128547543,1,4.0,212.0,1,1,0,1,0,0,0,0,0,A,0,0,1,0
4506856,-86.014861,40.039721,1278366974,1,2.0,106.0,2,1,0,1,0,0,0,0,0,A,0,0,1,0
4506857,-86.004778,39.963717,1278305753,1,2.0,106.0,1,1,0,1,0,0,0,0,0,A,0,0,1,0
4506858,-86.007423,40.000002,1067546351,1,2.0,106.0,1,1,0,1,0,0,0,0,0,A,0,0,1,0
4506859,-86.141225,39.850629,1278782021,1,8.0,424.0,2,1,0,1,0,0,0,0,0,A,0,0,1,0
4506860,-86.121007,39.854329,1296695310,1,2.0,106.0,2,2,0,1,0,0,1,0,0,A,0,0,1,0
4506861,-86.110911,39.923567,1293344474,1,8.0,424.0,2,2,0,1,0,0,1,0,0,A,0,0,1,0
4506862,-86.072665,39.951343,1165279835,1,8.0,424.0,2,1,0,1,0,0,0,0,0,O,0,0,1,0
4506863,-85.97741,39.854029,1279227660,1,6.0,318.0,2,2,0,1,0,0,1,0,0,A,0,0,1,0
4506864,-85.93561,39.88722,1076667484,1,8.0,424.0,2,2,0,1,0,0,1,0,0,A,0,0,1,0
4506865,-86.025789,39.841858,1279221332,1,2.0,106.0,2,1,0,1,0,0,0,0,0,O,0,0,1,0
4506866,-86.045288,39.888736,1293446143,1,6.0,318.0,2,1,0,1,0,0,0,0,0,A,0,0,1,0
4506867,-86.058032,39.908353,1027955888,1,4.0,212.0,1,1,0,1,0,0,0,0,0,A,0,0,1,0
4506868,-86.077128,39.88075,1296874992,1,8.0,424.0,1,2,0,1,0,1,0,0,0,A,0,0,1,0
4506869,-86.121281,39.886784,1279176996,1,2.0,106.0,2,1,0,1,0,0,0,0,0,A,0,0,1,0
4506870,-86.143052,39.875454,1278685970,1,2.0,106.0,2,1,0,1,0,0,0,0,0,A,0,0,1,0
4506871,-86.095542,39.930349,1278270348,1,6.0,318.0,2,1,0,0,1,0,0,0,0,A,0,0,1,0
4506872,-86.018894,40.049822,1067015499,1,2.0,106.0,2,1,0,0,1,0,0,0,0,A,0,0,1,0
4506873,-86.006153,40.011437,1278306319,1,2.0,106.0,2,2,0,0,1,0,1,0,0,A,0,0,1,0
4506874,-86.035936,39.95805,19515481,1,4.0,212.0,1,1,0,0,1,0,0,0,0,A,0,0,1,0
4506875,-86.047461,39.896811,1279084317,1,2.0,106.0,1,1,0,0,1,0,0,0,0,A,0,0,1,0
4506876,-86.04111,39.913296,1240873835,1,6.0,318.0,2,1,0,0,1,0,0,0,0,A,0,0,1,0
4506877,-86.134868,39.879632,709592533,1,4.0,212.0,2,1,0,0,1,0,0,0,0,A,0,0,1,0
4506878,-86.121238,39.839208,1279159178,1,4.0,212.0,2,1,0,0,1,0,0,0,0,A,0,0,1,0
4506879,-86.009152,39.84581,1296634785,1,6.0,318.0,2,1,0,0,1,0,0,0,0,A,0,0,1,0
4506880,-86.011494,39.842816,1279311815,1,8.0,424.0,2,1,0,0,1,0,0,0,0,A,0,0,1,0
4506881,-86.105443,39.929869,1278254588,1,6.0,318.0,1,1,0,0,0,1,0,0,0,A,0,0,1,0
4506882,-86.106798,40.044503,1308388307,1,8.0,424.0,1,1,0,0,0,1,0,0,0,A,0,0,1,0
4506883,-86.014588,39.93428,1278239191,1,6.0,318.0,1,1,0,0,0,1,0,0,0,A,0,0,1,0
4506884,-86.089836,39.97986,1220038996,1,3.0,159.0,1,1,0,0,0,1,0,0,0,A,0,0,1,0
4506885,-85.961661,39.899954,1162401240,1,6.0,318.0,2,1,0,1,0,0,0,0,0,O,0,0,1,0
4506886,-86.012731,39.860587,1279301808,1,3.0,159.0,2,2,0,1,0,0,1,0,0,A,0,0,1,0
4506887,-86.030347,39.836976,1279182759,2,16.0,848.0,1,2,0,1,0,1,0,0,0,A,0,0,1,0
4506888,-86.072693,39.905915,125143935,1,4.0,212.0,1,1,0,1,0,0,0,0,0,A,0,0,1,0
4506889,-86.05225,39.904078,1196486325,1,4.0,212.0,2,1,0,1,0,0,0,0,0,A,0,0,1,0
4506890,-86.046748,39.883151,755726655,1,6.0,318.0,1,1,0,1,0,0,0,0,0,A,0,0,1,0
4506891,-86.123352,39.886768,949241361,1,8.0,424.0,1,2,0,1,0,1,0,0,0,A,0,0,1,0
4506892,-86.107569,39.910025,1278961175,1,2.0,106.0,2,1,0,0,1,0,0,0,0,A,0,0,1,0
4506893,-86.008511,40.037758,1278615877,1,8.0,424.0,2,1,0,0,1,0,0,0,0,A,0,0,1,0
4506894,-86.072896,40.031981,1220066918,1,6.0,318.0,1,1,0,0,1,0,0,0,0,A,0,0,1,0
4506895,-86.014009,39.957413,1278782098,1,4.0,212.0,2,1,0,0,1,0,0,0,0,A,0,0,1,0
4506896,-86.027505,39.935477,1278306826,1,3.0,159.0,2,1,0,0,1,0,0,0,0,A,0,0,1,0
4506897,-86.037995,39.955397,1278248485,1,2.0,106.0,2,1,0,0,1,0,0,0,0,A,0,0,1,0
4506898,-86.05127,39.904719,1228436341,1,4.0,212.0,1,1,0,0,1,0,0,0,0,A,0,0,1,0
4506899,-86.123865,39.867901,1279068873,1,6.0,318.0,2,1,0,0,1,0,0,0,0,A,0,0,1,0
4506900,-86.124444,39.854614,1279180069,1,4.0,212.0,2,1,0,0,1,0,0,0,0,A,0,0,1,0
4506901,-85.998166,39.853596,1279245244,1,6.0,318.0,1,1,0,0,1,0,0,0,0,A,0,0,1,0
4506902,-86.021918,39.837446,1279310002,1,2.0,106.0,2,1,0,0,1,0,0,0,0,A,0,0,1,0
4506903,-86.050756,39.891507,1365050477,1,2.0,106.0,1,1,0,0,1,0,0,0,0,A,0,0,1,0
4506904,-85.998987,40.023937,1278358428,1,8.0,424.0,1,1,0,0,0,1,0,0,0,A,0,0,1,0
4506905,-86.052258,40.04262,1278323584,1,6.0,318.0,1,1,0,0,0,1,0,0,0,O,0,0,1,0
4506906,-85.99654,40.064965,1278305416,1,8.0,424.0,1,1,0,0,0,1,0,0,0,O,0,0,1,0
4506907,-86.005622,39.981227,1278268258,1,2.0,106.0,2,1,0,0,0,1,0,0,0,A,0,0,1,0
4506908,-86.052747,39.906909,1279163827,1,8.0,424.0,2,1,0,0,0,1,0,0,0,A,0,0,1,0
4506909,-86.145727,39.87293,1278611538,1,2.0,106.0,2,1,0,0,0,1,0,0,0,E,0,0,1,0
4506910,-85.977049,39.860023,1197406178,1,4.0,212.0,2,1,0,0,0,1,0,0,0,A,0,0,1,0
4506911,-85.990388,39.885354,27676532,1,2.0,106.0,1,1,0,0,0,1,0,0,0,A,0,0,1,0
4506912,-86.026834,39.844698,1279220257,1,2.0,106.0,2,1,0,0,0,1,0,0,0,O,0,0,1,0
4506913,-86.045521,39.845965,19467497,1,6.0,318.0,2,1,0,0,0,1,0,0,0,A,0,0,1,0
4506914,-86.074095,39.878439,1279016422,1,2.0,106.0,1,1,0,0,0,1,0,0,0,A,0,0,1,0
4506915,-86.08486,39.869209,1278824388,1,8.0,424.0,1,1,0,0,0,1,0,0,0,A,0,0,1,0
4506916,-85.957984,39.876163,19493844,1,2.0,106.0,1,1,0,1,0,0,0,0,0,A,0,0,1,0
4506917,-86.043121,39.868644,1283578344,1,3.0,159.0,2,1,0,1,0,0,0,0,0,A,0,0,1,0
4506918,-86.025724,39.841935,1279221332,1,6.0,318.0,2,1,0,1,0,0,0,0,0,O,0,0,1,0
4506919,-85.980892,39.827305,1296781489,1,8.0,424.0,1,2,0,1,0,0,1,0,0,A,0,0,1,0
4506920,-86.056986,39.903785,1296754205,1,8.0,424.0,2,1,0,1,0,0,0,0,0,A,0,0,1,0
4506921,-86.068648,39.882911,1050537114,1,4.0,212.0,2,1,0,1,0,0,0,0,0,A,0,0,1,0
4506922,-86.12116,39.884262,1296783040,1,2.0,106.0,1,1,0,1,0,0,0,0,0,A,0,0,1,0
4506923,-86.1442,39.872415,1293449772,1,2.0,106.0,1,1,0,1,0,0,0,0,0,A,0,0,1,0
4506924,-86.105925,39.909522,1051584716,1,3.0,159.0,2,1,0,0,1,0,0,0,0,A,0,0,1,0
4506925,-86.01261,40.034788,1278313404,1,4.0,212.0,1,1,0,0,1,0,0,0,0,A,0,0,1,0
4506926,-86.045742,40.020374,1291632243,1,4.0,212.0,1,1,0,0,1,0,0,0,0,A,0,0,1,0
4506927,-86.035761,39.999125,1220146254,1,6.0,318.0,1,1,0,0,1,0,0,0,0,A,0,0,1,0
4506928,-86.029787,39.934871,1278255060,1,2.0,106.0,1,1,0,0,1,0,0,0,0,A,0,0,1,0
4506929,-86.027706,39.9236,1279232087,1,4.0,320.0,1,1,0,0,1,0,0,0,0,E,0,0,1,0
4506930,-86.045378,39.910776,1279169343,2,16.0,848.0,2,1,0,0,1,0,0,0,0,A,0,0,1,0
4506931,-86.143046,39.876273,1293449380,1,2.0,106.0,2,1,0,0,1,0,0,0,0,A,0,0,1,0
4506932,-86.122389,39.838799,1279159171,1,8.0,640.0,1,1,0,0,1,0,0,0,0,A,0,0,1,0
4506933,-85.994454,39.856646,1279232182,1,4.0,212.0,1,1,0,0,1,0,0,0,0,A,0,0,1,0
4506934,-86.018107,39.839842,1293456188,1,2.0,106.0,2,1,0,0,1,0,0,0,0,A,0,0,1,0
4506935,-86.087532,39.934708,1278380639,1,6.0,318.0,2,1,0,0,0,1,0,0,0,E,0,0,1,0
4506936,-86.126418,40.009164,1278310384,1,6.0,318.0,1,1,0,0,0,1,0,0,0,A,0,0,1,0
4506937,-86.124001,40.135799,1185987551,1,8.0,424.0,1,1,0,0,0,1,0,0,0,O,0,0,1,0
4506938,-85.981663,39.974234,1219929280,1,6.0,318.0,1,1,0,0,0,1,0,0,0,A,0,0,1,0
4506939,-86.053367,39.936421,1220142216,1,6.0,318.0,2,1,0,0,0,1,0,0,0,A,0,0,1,0
4506940,-86.123635,39.883897,1296782745,1,4.0,212.0,1,1,0,0,0,1,0,0,0,O,0,0,1,0
4506941,-86.126714,39.852152,1296949463,1,4.0,212.0,1,1,0,0,0,1,0,0,0,A,0,0,1,0
4506942,-85.984792,39.847668,1320898386,1,2.0,106.0,2,1,0,0,0,1,0,0,0,A,0,0,1,0
4506943,-86.028346,39.835303,1279242396,1,2.0,106.0,2,1,0,0,0,1,0,0,0,A,0,0,1,0
4506944,-86.034086,39.835871,1279245179,1,2.0,106.0,2,1,0,0,0,1,0,0,0,A,0,0,1,0
4506945,-86.073806,39.878704,1279016422,1,4.0,212.0,1,1,0,0,0,1,0,0,0,A,0,0,1,0
4506946,-86.095266,39.870101,1050566682,1,6.0,318.0,2,1,0,0,0,1,0,0,0,A,0,0,1,0
4506947,-86.045501,39.840873,1279040322,1,8.0,424.0,2,1,0,1,0,0,0,0,0,A,0,0,1,0
4506948,-86.031002,39.82969,125159407,1,10.0,530.0,2,1,0,1,0,0,0,0,0,A,0,0,1,0
4506949,-86.046668,39.901818,765871787,1,2.0,106.0,1,1,0,1,0,0,0,0,0,A,0,0,1,0
4506950,-86.055486,39.904777,1279098210,1,6.0,318.0,1,1,0,1,0,0,0,0,0,A,0,0,1,0
4506951,-86.058226,39.892274,1115275111,1,6.0,318.0,1,2,0,1,0,0,1,0,0,A,0,0,1,0
4506952,-86.142048,39.871152,839141156,1,8.0,424.0,1,1,0,1,0,0,0,0,0,A,0,0,1,0
4506953,-86.099762,39.910054,125144429,1,3.0,159.0,2,1,0,0,1,0,0,0,0,A,0,0,1,0
4506954,-86.008296,40.038983,1278335481,1,4.0,212.0,2,1,0,0,1,0,0,0,0,4,0,0,1,0
4506955,-86.052318,40.022061,1278453561,1,4.0,212.0,1,1,0,0,1,0,0,0,0,A,0,0,1,0
4506956,-86.025302,40.00076,1278294466,1,8.0,424.0,1,1,0,0,1,0,0,0,0,A,0,0,1,0
4506957,-86.026909,39.938741,1278212430,1,8.0,424.0,2,1,0,0,1,0,0,0,0,A,0,0,1,0
4506958,-86.041672,39.907889,1279163429,1,4.0,212.0,2,1,0,0,1,0,0,0,0,A,0,0,1,0
4506959,-86.040168,39.916492,1279102086,1,6.0,318.0,2,1,0,0,1,0,0,0,0,A,0,0,1,0
4506960,-86.134369,39.878007,709592535,1,3.0,159.0,1,1,0,0,1,0,0,0,0,A,0,0,1,0
4506961,-85.984641,39.854921,1279232833,2,12.0,636.0,1,1,0,0,1,0,0,0,0,A,0,0,1,0
4506962,-86.026608,39.838378,870256228,1,2.0,106.0,2,1,0,0,1,0,0,0,0,A,0,0,1,0
4506963,-86.080698,39.877156,1279023952,1,2.0,106.0,1,1,0,0,1,0,0,0,0,A,0,0,1,0
4506964,-86.014178,40.047127,1278330195,1,2.0,106.0,1,1,0,0,0,1,0,0,0,A,0,0,1,0
4506965,-86.084503,40.064474,1278450755,1,8.0,424.0,2,1,0,0,0,1,0,0,0,A,0,0,1,0
4506966,-86.027256,39.938248,1278212430,1,6.0,318.0,2,1,0,0,0,1,0,0,0,A,0,0,1,0
4506967,-86.032079,39.915593,1279226905,1,2.0,106.0,2,1,0,0,0,1,0,0,0,O,0,0,1,0
4506968,-86.117129,39.869057,1278826286,1,4.0,212.0,1,1,0,0,0,1,0,0,0,A,0,0,1,0
4506969,-86.12366,39.846147,1278820250,1,3.0,159.0,1,1,0,0,0,1,0,0,0,O,0,0,1,0
4506970,-85.98275,39.863597,1279283539,1,2.0,106.0,1,1,0,0,0,1,0,0,0,O,0,0,1,0
4506971,-85.957984,39.869943,1196415238,1,2.0,106.0,2,1,0,0,0,1,0,0,0,E,0,0,1,0
4506972,-86.015519,39.840958,1279310046,1,4.0,212.0,2,1,0,0,0,1,0,0,0,A,0,0,1,0
4506973,-86.077325,39.879701,1296874992,1,4.0,212.0,2,1,0,0,0,1,0,0,0,4,0,0,1,0
4506974,-86.083226,39.897887,1197501893,1,2.0,106.0,1,1,0,0,0,1,0,0,0,A,0,0,1,0
4506975,-86.042376,39.889268,1279069281,1,2.0,106.0,1,1,0,0,0,1,0,0,0,A,0,0,1,0
4506976,-86.051099,39.90341,1228422002,1,8.0,424.0,1,1,0,0,0,0,1,0,0,A,0,0,1,0
4506978,-86.027456,39.844958,1283547079,1,4.0,212.0,1,2,0,1,0,0,1,0,0,A,0,0,1,0
4506979,-86.083217,39.894516,1279013173,1,4.0,212.0,2,1,0,1,0,0,0,0,0,A,0,0,1,0
4506980,-86.052192,39.902861,1279144581,1,4.0,212.0,1,2,0,1,0,0,1,0,0,A,0,0,1,0
4506981,-86.080634,39.87667,1279023952,1,2.0,106.0,1,1,0,1,0,0,0,0,0,A,0,0,1,0
4506982,-86.146734,39.870588,930470136,1,2.0,106.0,1,2,0,1,0,0,1,0,0,A,0,0,1,0
4506983,-86.106996,39.908579,1278961174,1,6.0,318.0,2,1,0,0,1,0,0,0,0,A,0,0,1,0
4506984,-85.998523,40.032556,1278362844,1,2.0,106.0,1,1,0,0,1,0,0,0,0,A,0,0,1,0
4506985,-86.005722,40.010145,1278306340,1,6.0,318.0,1,1,0,0,1,0,0,0,0,A,0,0,1,0
4506986,-86.04722,40.015104,854873967,1,3.0,159.0,1,1,0,0,1,0,0,0,0,A,0,0,1,0
4506987,-86.037796,39.961045,1278293183,1,4.0,212.0,2,1,0,0,1,0,0,0,0,A,0,0,1,0
4506988,-86.023006,39.924471,1050330925,1,8.0,424.0,2,1,0,0,1,0,0,0,0,A,0,0,1,0
4506989,-86.146955,39.873128,1293449664,1,2.0,106.0,1,1,0,0,1,0,0,0,0,A,0,0,1,0
4506990,-86.117268,39.852095,1278817212,1,6.0,318.0,2,1,0,0,1,0,0,0,0,A,0,0,1,0
4506991,-85.998261,39.851382,1279245250,1,2.0,106.0,1,1,0,0,1,0,0,0,0,A,0,0,1,0
4506992,-86.025249,39.83692,1050317611,1,6.0,318.0,2,1,0,0,1,0,0,0,0,A,0,0,1,0
4506993,-86.080589,39.873496,1279073695,1,6.0,318.0,2,1,0,0,1,0,0,0,0,A,0,0,1,0
4506994,-86.002937,40.039986,1278370620,1,4.0,212.0,1,1,0,0,0,1,0,0,0,A,0,0,1,0
4506995,-86.047534,40.042728,1220046608,1,4.0,212.0,2,1,0,0,0,1,0,0,0,O,0,0,1,0
4506996,-86.014647,39.933828,1186190559,1,4.0,212.0,1,1,0,0,0,1,0,0,0,A,0,0,1,0
4506997,-86.007641,40.001256,1278373140,1,4.0,212.0,1,1,0,0,0,1,0,0,0,A,0,0,1,0
4506998,-86.05491,39.900966,1279098204,1,6.0,318.0,2,1,0,0,0,1,0,0,0,A,0,0,1,0
4506999,-86.145836,39.873393,1197316963,1,6.0,318.0,2,1,0,0,0,1,0,0,0,A,0,0,1,0
4507000,-85.978956,39.860527,1279245391,1,2.0,106.0,2,1,0,0,0,1,0,0,0,A,0,0,1,0
4507001,-85.962461,39.867398,19465082,1,6.0,318.0,2,1,0,0,0,1,0,0,0,O,0,0,1,0
4507002,-86.010438,39.846023,1293455128,1,4.0,212.0,1,1,0,0,0,1,0,0,0,A,0,0,1,0
4507003,-86.07559,39.881074,1296875008,1,4.0,212.0,1,1,0,0,0,1,0,0,0,O,0,0,1,0
4507004,-86.070269,39.883924,1279030262,1,2.0,106.0,1,1,0,0,0,1,0,0,0,O,0,0,1,0
4507005,-86.058478,39.893729,19503104,1,6.0,318.0,1,1,0,0,0,1,0,0,0,A,0,0,1,0
4507006,-86.134842,39.868399,1228438105,1,2.0,106.0,1,1,0,0,0,0,1,0,0,A,0,0,1,0
4507009,-86.022794,39.8379,1293456550,1,8.0,424.0,2,2,0,1,0,0,1,0,0,A,0,0,1,0
4507010,-86.057112,39.906844,1050517693,1,8.0,424.0,2,1,0,1,0,0,0,0,0,A,0,0,1,0
4507011,-86.072358,39.880974,1296875387,1,8.0,424.0,2,2,0,1,0,0,1,0,0,A,0,0,1,0
4507012,-86.122687,39.888484,1279177584,1,4.0,212.0,1,1,0,1,0,0,0,0,0,A,0,0,1,0
4507013,-86.147235,39.895657,929945118,1,4.0,212.0,1,1,0,1,0,0,0,0,0,A,0,0,1,0
4507014,-86.002881,40.051956,125139871,1,3.0,159.0,1,1,0,0,1,0,0,0,0,4,0,0,1,0
4507015,-86.02285,40.04945,1278367130,1,2.0,106.0,2,1,0,0,1,0,0,0,0,A,0,0,1,0
4507016,-86.0058,40.011044,1278305920,1,6.0,318.0,2,1,0,0,1,0,0,0,0,A,0,0,1,0
4507017,-86.00507,39.939957,108771973,1,4.0,212.0,1,1,0,0,1,0,0,0,0,4,0,0,1,0
4507018,-86.038116,39.92528,1148893264,1,4.0,212.0,2,1,0,0,1,0,0,0,0,A,0,0,1,0
4507019,-86.040895,39.913461,1240873835,1,4.0,212.0,2,1,0,0,1,0,0,0,0,A,0,0,1,0
4507020,-86.135545,39.880889,709592533,1,4.0,212.0,1,1,0,0,1,0,0,0,0,A,0,0,1,0
4507021,-86.120898,39.837757,1278805018,1,3.0,159.0,2,1,0,0,1,0,0,0,0,A,0,0,1,0
4507022,-85.958087,39.872587,1196411790,1,8.0,424.0,1,1,0,0,1,0,0,0,0,A,0,0,1,0
4507023,-86.011584,39.843208,1279311815,1,6.0,318.0,2,1,0,0,1,0,0,0,0,A,0,0,1,0
4507024,-86.082975,39.927242,1305395728,1,3.0,159.0,1,1,0,0,0,1,0,0,0,E,0,0,1,0
4507025,-86.105617,40.043598,1278211278,1,6.0,318.0,2,1,0,0,0,1,0,0,0,A,0,0,1,0
4507026,-86.019833,39.953332,1278459351,1,4.0,212.0,2,1,0,0,0,1,0,0,0,A,0,0,1,0
4507027,-86.057511,39.902261,1279086903,1,8.0,424.0,1,1,0,0,0,1,0,0,0,A,0,0,1,0
4507028,-86.142441,39.868829,1278662515,1,4.0,212.0,2,1,0,0,0,1,0,0,0,A,0,0,1,0
4507029,-85.978913,39.862093,1279245391,1,2.0,106.0,1,1,0,0,0,1,0,0,0,O,0,0,1,0
4507030,-85.955053,39.871622,1279238929,1,8.0,424.0,2,1,0,0,0,1,0,0,0,A,0,0,1,0
4507031,-86.00955,39.860887,1279234209,1,4.0,212.0,2,1,0,0,0,1,0,0,0,A,0,0,1,0
4507032,-86.076628,39.880838,1296874992,1,2.0,106.0,1,1,0,0,0,1,0,0,0,A,0,0,1,0
4507033,-86.083569,39.874827,1279055617,1,3.0,159.0,2,1,0,0,0,1,0,0,0,A,0,0,1,0
4507034,-86.007249,39.974135,1297369619,1,4.0,212.0,1,1,0,0,0,0,1,0,0,E,0,0,1,0
4507035,-86.14296,39.873289,19464507,1,2.0,106.0,1,1,0,0,0,0,1,0,0,E,0,0,1,0
4507038,-86.016012,39.842465,1279310047,1,4.0,212.0,1,1,0,1,0,0,0,0,0,A,0,0,1,0
4507039,-86.069362,39.907092,19501579,1,4.0,212.0,1,2,0,1,0,0,1,0,0,A,0,0,1,0
4507040,-86.076711,39.878945,1279030223,1,8.0,424.0,1,2,0,1,0,0,1,0,0,A,0,0,1,0
4507041,-86.119802,39.886042,1296783038,1,2.0,106.0,2,1,0,1,0,0,0,0,0,A,0,0,1,0
4507042,-86.055113,39.917038,19499892,2,12.0,636.0,2,2,0,1,0,0,1,0,0,A,0,0,1,0
4507043,-86.002679,40.043168,1278369755,1,2.0,106.0,1,1,0,0,1,0,0,0,0,O,0,0,1,0
4507044,-86.008692,40.013868,1278306683,1,4.0,212.0,1,1,0,0,1,0,0,0,0,A,0,0,1,0
4507045,-86.017762,39.931551,1278254536,1,8.0,424.0,2,1,0,0,1,0,0,0,0,A,0,0,1,0
4507046,-86.055976,39.933542,711440936,1,3.0,159.0,2,1,0,0,1,0,0,0,0,A,0,0,1,0
4507047,-86.04485,39.908294,1279171279,1,2.0,106.0,2,1,0,0,1,0,0,0,0,A,0,0,1,0
4507048,-86.145753,39.832827,1278599276,1,4.0,212.0,1,1,0,0,1,0,0,0,0,A,0,0,1,0
4507049,-86.122391,39.838808,1279159171,1,2.0,106.0,1,1,0,0,1,0,0,0,0,O,0,0,1,0
4507050,-85.994579,39.85663,1279232182,1,6.0,318.0,1,1,0,0,1,0,0,0,0,A,0,0,1,0
4507051,-86.033677,39.835931,1279244106,1,3.0,159.0,1,1,0,0,1,0,0,0,0,A,0,0,1,0
4507052,-86.080804,39.926667,1197695305,1,2.0,106.0,1,1,0,0,0,1,0,0,0,A,0,0,1,0
4507053,-86.023656,40.048831,1278368665,1,2.0,106.0,2,1,0,0,0,1,0,0,0,A,0,0,1,0
4507054,-86.124245,40.131506,1149205873,1,2.0,106.0,1,1,0,0,0,1,0,0,0,O,0,0,1,0
4507055,-86.007236,39.974059,1297369619,1,8.0,424.0,1,1,0,0,0,1,0,0,0,O,0,0,1,0
4507056,-86.038479,39.91945,1279153435,1,4.0,212.0,2,1,0,0,0,1,0,0,0,A,0,0,1,0
4507057,-86.121308,39.870321,1122117534,1,8.0,424.0,2,1,0,0,0,1,0,0,0,A,0,0,1,0
4507058,-86.121265,39.85076,1278801599,1,4.0,212.0,1,1,0,0,0,1,0,0,0,A,0,0,1,0
4507059,-85.998114,39.85206,1279245251,1,3.0,159.0,1,1,0,0,0,1,0,0,0,A,0,0,1,0
4507060,-86.030724,39.83824,1279181825,1,6.0,318.0,1,1,0,0,0,1,0,0,0,A,0,0,1,0
4507061,-86.034069,39.835795,1279245179,1,2.0,106.0,2,1,0,0,0,1,0,0,0,E,0,0,1,0
4507062,-86.073421,39.879116,1279016422,1,3.0,159.0,1,1,0,0,0,1,0,0,0,A,0,0,1,0
4507063,-86.095251,39.869962,1050566682,1,10.0,530.0,2,1,0,0,0,1,0,0,0,A,0,0,1,0
4507064,-86.044294,39.88542,1279061071,1,8.0,424.0,1,1,0,0,0,1,0,0,0,A,0,0,1,0
4507065,-85.958064,39.902164,1279245358,1,2.0,106.0,2,1,0,0,0,0,1,0,0,A,0,0,1,0
4507068,-86.047239,39.8971,1279084316,1,2.0,106.0,1,1,0,1,0,0,0,0,0,A,0,0,1,0
4507069,-86.060715,39.900815,1279160723,1,3.0,159.0,1,1,0,1,0,0,0,0,0,A,0,0,1,0
4507070,-86.071921,39.880122,1296875381,1,4.0,212.0,2,1,0,1,0,0,0,0,0,A,0,0,1,0
4507071,-86.082032,39.877058,1279055660,1,6.0,318.0,1,2,0,1,0,0,1,0,0,A,0,0,1,0
4507072,-86.065179,39.915925,1279178148,1,4.0,212.0,2,1,0,1,0,0,0,0,0,A,0,0,1,0
4507073,-86.0128,40.047054,1278330194,1,2.0,106.0,2,1,0,0,1,0,0,0,0,A,0,0,1,0
4507074,-86.007833,40.014838,1278307915,1,6.0,318.0,1,1,0,0,1,0,0,0,0,A,0,0,1,0
4507075,-86.07318,40.017107,929247282,1,4.0,212.0,1,1,0,0,1,0,0,0,0,A,0,0,1,0
4507076,-86.041272,39.955368,1220133561,1,6.0,318.0,1,1,0,0,1,0,0,0,0,A,0,0,1,0
4507077,-86.033891,39.890052,1279294064,1,3.0,159.0,1,1,0,0,1,0,0,0,0,A,0,0,1,0
4507078,-86.07045,39.909226,1050723449,1,6.0,318.0,1,2,0,0,1,0,1,0,0,A,0,0,1,0
4507079,-86.122802,39.839566,1279159176,1,2.0,106.0,1,1,0,0,1,0,0,0,0,A,0,0,1,0
4507080,-85.95464,39.872685,1279238924,1,4.0,212.0,2,1,0,0,1,0,0,0,0,A,0,0,1,0
4507081,-86.032377,39.836745,1279181805,1,8.0,424.0,1,1,0,0,1,0,0,0,0,A,0,0,1,0
4507082,-86.06926,39.911787,19500727,1,2.0,106.0,2,1,0,0,0,1,0,0,0,A,0,0,1,0
4507083,-86.117511,40.043677,711190803,1,6.0,318.0,1,1,0,0,0,1,0,0,0,A,0,0,1,0
4507084,-86.126879,40.123213,1278397572,1,2.0,106.0,2,1,0,0,0,1,0,0,0,4,0,0,1,0
4507085,-86.00501,40.012233,1278306328,1,4.0,212.0,2,1,0,0,0,1,0,0,0,A,0,0,1,0
4507086,-86.043641,39.916242,1279102014,1,4.0,212.0,1,1,0,0,0,1,0,0,0,A,0,0,1,0
4507087,-86.121307,39.867926,1279068979,1,8.0,424.0,2,1,0,0,0,1,0,0,0,A,0,0,1,0
4507088,-86.124533,39.850487,1278801551,1,6.0,318.0,1,1,0,0,0,1,0,0,0,A,0,0,1,0
4507089,-85.917094,39.889974,1208867343,1,6.0,318.0,2,1,0,0,0,1,0,0,0,A,0,0,1,0
4507090,-86.024936,39.836114,1279226672,1,4.0,212.0,2,1,0,0,0,1,0,0,0,4,0,0,1,0
4507091,-86.04473,39.832064,1279241535,1,2.0,106.0,1,1,0,0,0,1,0,0,0,A,0,0,1,0
4507092,-86.073958,39.878661,1279016422,1,4.0,212.0,1,1,0,0,0,1,0,0,0,E,0,0,1,0
4507093,-86.088013,39.853591,1278945002,1,2.0,106.0,1,1,0,0,0,1,0,0,0,4,0,0,1,0
4507094,-86.124347,40.04227,1324406903,1,3.0,159.0,2,1,0,0,0,0,1,0,0,A,0,0,1,0
4507095,-85.921211,39.895336,123268534,1,2.0,106.0,1,1,0,0,0,0,1,0,0,A,0,0,1,0
4507098,-86.068362,39.911432,763559315,1,6.0,318.0,1,2,0,1,0,0,1,0,0,A,0,0,1,0
4507099,-86.068797,39.882703,1050537114,1,8.0,424.0,2,1,0,1,0,0,0,0,0,A,0,0,1,0
4507100,-86.082583,39.877039,1279023932,1,4.0,212.0,1,1,0,1,0,0,0,0,0,E,0,0,1,0
4507101,-86.144519,39.871377,1278822114,2,4.0,212.0,2,2,0,1,0,1,0,0,0,A,0,0,1,0
4507102,-86.013464,40.052864,711399241,1,4.0,212.0,1,1,0,0,1,0,0,0,0,A,0,0,1,0
4507103,-86.05826,40.042035,1297400341,1,4.0,212.0,1,1,0,0,1,0,0,0,0,A,0,0,1,0
4507104,-86.004637,40.003421,1278303163,1,4.0,212.0,2,1,0,0,1,0,0,0,0,A,0,0,1,0
4507105,-86.028292,39.934267,1278255060,1,6.0,318.0,2,1,0,0,1,0,0,0,0,E,0,0,1,0
4507106,-86.044517,39.926181,948613693,1,4.0,212.0,1,1,0,0,1,0,0,0,0,A,0,0,1,0
4507107,-86.044427,39.90878,1279171279,1,2.0,106.0,2,1,0,0,1,0,0,0,0,A,0,0,1,0
4507108,-86.146875,39.872915,1278685949,1,4.0,212.0,1,1,0,0,1,0,0,0,0,A,0,0,1,0
4507109,-86.126727,39.849871,1278818774,1,8.0,424.0,1,1,0,0,1,0,0,0,0,A,0,0,1,0
4507110,-85.933954,39.88781,1208951638,1,8.0,424.0,2,1,0,0,1,0,0,0,0,A,0,0,1,0
4507111,-86.012153,39.833874,906619359,1,2.0,106.0,1,1,0,0,1,0,0,0,0,A,0,0,1,0
4507112,-86.105251,39.926103,1197919411,1,4.0,212.0,2,1,0,0,0,1,0,0,0,A,0,0,1,0
4507113,-86.03142,40.038379,19491379,2,8.0,424.0,1,1,0,0,0,1,0,0,0,A,0,0,1,0
4507114,-86.120422,40.162543,1231519752,1,8.0,424.0,1,1,0,0,0,1,0,0,0,A,0,0,1,0
4507115,-86.004011,40.011972,1278306328,1,4.0,212.0,2,1,0,0,0,1,0,0,0,A,0,0,1,0
4507116,-86.042685,39.91324,1262232068,1,8.0,424.0,2,1,0,0,0,1,0,0,0,A,0,0,1,0
4507117,-86.121158,39.874507,1050264795,1,8.0,424.0,1,1,0,0,0,1,0,0,0,A,0,0,1,0
4507118,-86.122545,39.849645,1293453900,1,2.0,106.0,1,1,0,0,0,1,0,0,0,A,0,0,1,0
4507119,-85.957682,39.904736,1197312684,1,4.0,212.0,1,1,0,0,0,1,0,0,0,A,0,0,1,0
4507120,-86.042618,39.839412,1279054382,1,6.0,318.0,1,1,0,0,0,1,0,0,0,E,0,0,1,0
4507121,-86.05644,39.842822,1279049921,1,2.0,106.0,1,1,0,0,0,1,0,0,0,A,0,0,1,0
4507122,-86.082792,39.875368,1279055619,1,2.0,106.0,2,1,0,0,0,1,0,0,0,A,0,0,1,0
4507123,-86.058004,39.892403,1115275111,1,2.0,106.0,1,1,0,0,0,1,0,0,0,A,0,0,1,0
4507124,-86.08244,39.875311,1279023932,1,3.0,159.0,2,1,0,0,0,0,1,0,0,E,0,0,1,0
4507125,-86.079164,39.905706,1241582305,1,3.0,159.0,1,1,0,0,0,0,1,0,0,E,0,0,1,0
4507127,-86.05717,39.906826,1050517693,1,6.0,318.0,2,1,0,1,0,0,0,0,0,A,0,0,1,0
4507128,-86.074031,39.878727,1279016422,1,3.0,159.0,1,1,0,1,0,0,0,0,0,E,0,0,1,0
4507129,-86.083911,39.875338,1279055616,1,4.0,212.0,2,1,0,1,0,0,0,0,0,A,0,0,1,0
4507130,-86.143083,39.872707,1278685987,1,2.0,106.0,1,4,0,1,1,1,1,0,0,A,1,0,1,0
4507131,-86.056327,40.042708,1297400247,1,4.0,212.0,2,1,0,0,1,0,0,0,0,A,0,0,1,0
4507132,-86.006571,40.00338,1278303163,1,3.0,159.0,1,1,0,0,1,0,0,0,0,A,0,0,1,0
4507133,-86.029518,39.934117,1278212395,1,2.0,106.0,1,1,0,0,1,0,0,0,0,A,0,0,1,0
4507134,-86.025691,39.923266,1279232087,1,6.0,318.0,2,1,0,0,1,0,0,0,0,A,0,0,1,0
4507135,-86.041537,39.912099,1279169351,1,6.0,318.0,2,1,0,0,1,0,0,0,0,A,0,0,1,0
4507136,-86.135901,39.850666,19466709,1,2.0,106.0,2,2,0,0,1,0,1,0,0,A,0,0,1,0
4507137,-86.112109,39.827946,1291436663,1,4.0,212.0,2,1,0,0,1,0,0,0,0,A,0,0,1,0
4507138,-86.028583,39.847043,1283685176,1,4.0,212.0,1,1,0,0,1,0,0,0,0,A,0,0,1,0
4507139,-86.034551,39.886294,1283685191,1,4.0,212.0,1,1,0,0,1,0,0,0,0,A,0,0,1,0
4507140,-86.106882,39.927744,1283483416,1,8.0,424.0,2,1,0,0,0,1,0,0,0,A,0,0,1,0
4507141,-86.066021,40.043982,1278474761,1,4.0,212.0,1,1,0,0,0,1,0,0,0,A,0,0,1,0
4507142,-86.027094,39.938589,1278212430,1,8.0,424.0,2,1,0,0,0,1,0,0,0,A,0,0,1,0
4507143,-86.050868,39.897558,1279076747,1,4.0,212.0,1,1,0,0,0,1,0,0,0,A,0,0,1,0
4507144,-86.145769,39.872894,1197316962,1,6.0,318.0,2,1,0,0,0,1,0,0,0,A,0,0,1,0
4507145,-85.979845,39.860519,1279245390,1,2.0,106.0,2,1,0,0,0,1,0,0,0,A,0,0,1,0
4507146,-85.971816,39.85662,1196402599,1,4.0,212.0,2,1,0,0,0,1,0,0,0,E,0,0,1,0
4507147,-86.012838,39.857444,1296702163,1,8.0,424.0,2,1,0,0,0,1,0,0,0,A,0,0,1,0
4507148,-86.062324,39.845583,1196419188,1,6.0,318.0,2,1,0,0,0,1,0,0,0,O,0,0,1,0
4507149,-86.066926,39.881335,1050275168,1,2.0,106.0,2,1,0,0,0,1,0,0,0,4,0,0,1,0
4507150,-86.058996,39.893205,19503108,1,2.0,106.0,1,1,0,0,0,1,0,0,0,E,0,0,1,0
4507151,-86.132499,39.893166,20027488,1,2.0,106.0,1,1,0,0,0,0,1,0,0,A,0,0,1,0
4507154,-86.071962,39.884156,1198724622,1,4.0,212.0,1,1,0,1,0,0,0,0,0,A,0,0,1,0
4507155,-86.080915,39.876528,1279055635,1,8.0,424.0,1,2,0,1,0,0,1,0,0,A,0,0,1,0
4507156,-86.143118,39.87437,1278685990,1,2.0,106.0,2,1,0,1,0,0,0,0,0,A,0,0,1,0
4507157,-86.106316,39.909092,1278961175,1,8.0,424.0,2,2,0,0,1,0,1,0,0,A,0,0,1,0
4507158,-86.02035,40.049902,1219933561,1,4.0,212.0,2,1,0,0,1,0,0,0,0,A,0,0,1,0
4507159,-85.989724,39.979607,856083510,1,2.0,106.0,1,1,0,0,1,0,0,0,0,A,0,0,1,0
4507160,-86.019433,39.930123,1278254536,1,2.0,106.0,2,1,0,0,1,0,0,0,0,E,0,0,1,0
4507161,-86.039737,39.954416,1220133185,1,2.0,106.0,2,1,0,0,1,0,0,0,0,A,0,0,1,0
4507162,-86.047525,39.9088,1279237869,1,2.0,106.0,1,1,0,0,1,0,0,0,0,A,0,0,1,0
4507163,-86.120225,39.869188,1051525902,1,6.0,318.0,1,1,0,0,1,0,0,0,0,A,0,0,1,0
4507164,-86.123008,39.867752,1279068963,1,6.0,318.0,1,1,0,0,1,0,0,0,0,A,0,0,1,0
4507165,-85.970367,39.861364,1279282281,1,6.0,318.0,2,1,0,0,1,0,0,0,0,A,0,0,1,0
4507166,-86.046296,39.837594,1279065574,1,4.0,212.0,1,1,0,0,1,0,0,0,0,A,0,0,1,0
4507167,-86.081181,39.873761,1279073694,1,8.0,424.0,2,1,0,0,1,0,0,0,0,A,0,0,1,0
4507168,-86.012944,40.043448,1297407791,1,6.0,318.0,2,1,0,0,0,1,0,0,0,A,0,0,1,0
4507169,-86.012881,40.046277,1067233611,1,2.0,106.0,2,1,0,0,0,1,0,0,0,A,0,0,1,0
4507170,-86.002538,39.979572,1278398832,1,2.0,106.0,1,1,0,0,0,1,0,0,0,A,0,0,1,0
4507171,-85.998311,40.02175,1278563633,1,8.0,424.0,2,1,0,0,0,1,0,0,0,A,0,0,1,0
4507172,-86.052609,39.904099,1050379995,1,2.0,106.0,1,1,0,0,0,1,0,0,0,A,0,0,1,0
4507173,-86.120973,39.849811,1293682557,1,2.0,106.0,2,1,0,0,0,1,0,0,0,A,0,0,1,0
4507174,-85.998026,39.852751,1279245245,1,4.0,212.0,1,1,0,0,0,1,0,0,0,E,0,0,1,0
4507175,-86.028735,39.836111,1279242397,1,4.0,212.0,1,1,0,0,0,1,0,0,0,E,0,0,1,0
4507176,-86.031381,39.83345,1279180625,1,4.0,212.0,2,1,0,0,0,1,0,0,0,A,0,0,1,0
4507177,-86.07388,39.87972,1296875266,1,2.0,106.0,1,1,0,0,0,1,0,0,0,A,0,0,1,0
4507178,-86.095643,39.870291,1050566682,1,2.0,106.0,2,1,0,0,0,1,0,0,0,A,0,0,1,0
4507179,-86.042592,39.889511,1279069282,1,4.0,212.0,1,1,0,0,0,1,0,0,0,O,0,0,1,0
4507180,-86.058012,39.908346,1027955888,1,4.0,212.0,1,1,0,0,0,0,1,0,0,A,0,0,1,0
4507181,-86.026822,39.833938,1293457073,1,2.0,106.0,2,1,0,0,0,0,1,0,0,A,0,0,1,0
4507183,-86.07182,39.882585,1198724622,1,4.0,212.0,2,2,0,1,0,0,1,0,0,A,0,0,1,0
4507184,-86.119935,39.886023,1296783038,1,4.0,212.0,2,1,0,1,0,0,0,0,0,E,0,0,1,0
4507185,-86.071542,39.914496,1197027467,1,8.0,424.0,2,2,0,1,0,0,1,0,0,A,0,0,1,0
4507186,-86.038636,40.040374,19491455,1,2.0,106.0,1,1,0,0,1,0,0,0,0,O,0,0,1,0
4507187,-86.004852,40.002903,1278269730,1,6.0,318.0,2,1,0,0,1,0,0,0,0,A,0,0,1,0
4507188,-86.028226,39.93745,1278212430,1,8.0,424.0,2,1,0,0,1,0,0,0,0,A,0,0,1,0
4507189,-86.037445,39.921399,1279101440,1,4.0,212.0,1,1,0,0,1,0,0,0,0,A,0,0,1,0
4507190,-86.042746,39.913154,809028383,1,4.0,212.0,2,1,0,0,1,0,0,0,0,A,0,0,1,0
4507191,-86.14558,39.83257,1278599275,1,2.0,106.0,1,1,0,0,1,0,0,0,0,A,0,0,1,0
4507192,-86.124277,39.836456,1296639710,1,8.0,424.0,2,1,0,0,1,0,0,0,0,A,0,0,1,0
4507193,-85.975207,39.897503,1050281510,1,6.0,318.0,2,1,0,0,1,0,0,0,0,A,0,0,1,0
4507194,-86.035955,39.835924,1074309401,1,8.0,424.0,1,1,0,0,1,0,0,0,0,A,0,0,1,0
4507195,-86.064323,39.933894,19498764,1,8.0,424.0,1,1,0,0,0,1,0,0,0,A,0,0,1,0
4507196,-86.068709,40.043941,814280651,1,8.0,424.0,1,1,0,0,0,1,0,0,0,A,0,0,1,0
4507197,-86.013846,40.132969,35259285,1,4.0,212.0,1,1,0,0,0,1,0,0,0,E,0,0,1,0
4507198,-86.006066,40.008108,1278303112,1,8.0,424.0,1,1,0,0,0,1,0,0,0,A,0,0,1,0
4507199,-86.047401,39.901755,1241716068,1,4.0,212.0,1,1,0,0,0,1,0,0,0,A,0,0,1,0
4507200,-86.122882,39.887741,1162462935,1,6.0,318.0,1,1,0,0,0,1,0,0,0,A,0,0,1,0
4507201,-86.100621,39.849202,19466817,1,8.0,424.0,2,1,0,0,0,1,0,0,0,A,0,0,1,0
4507202,-86.014835,39.886724,1279301823,1,2.0,106.0,2,1,0,0,0,1,0,0,0,A,0,0,1,0
4507203,-86.009254,39.842472,1279234004,1,8.0,424.0,2,1,0,0,0,1,0,0,0,A,0,0,1,0
4507204,-86.076246,39.880632,1296874992,1,2.0,106.0,1,1,0,0,0,1,0,0,0,O,0,0,1,0
4507205,-86.081003,39.877653,1279055635,1,2.0,106.0,1,1,0,0,0,1,0,0,0,A,0,0,1,0
4507206,-86.058253,39.892287,1115275111,1,4.0,212.0,1,1,0,0,0,1,0,0,0,E,0,0,1,0
4507207,-86.095338,39.869162,1050680460,1,4.0,212.0,2,1,0,0,0,0,1,0,0,A,0,0,1,0
4507210,-86.052242,39.889944,1365050476,1,4.0,212.0,2,1,0,1,0,0,0,0,0,A,0,0,1,0
4507211,-86.119805,39.886006,1296783038,1,2.0,106.0,2,1,0,1,0,0,0,0,0,O,0,0,1,0
4507212,-86.065812,39.934672,1278383047,1,6.0,318.0,1,2,0,1,0,0,1,0,0,A,0,0,1,0
4507213,-86.066025,39.934558,1278383047,2,4.0,212.0,1,2,0,1,0,0,1,0,0,A,0,0,1,0
4507214,-86.035322,40.010992,1278330043,2,6.0,318.0,1,1,0,0,1,0,0,0,0,A,0,0,1,0
4507215,-86.030584,39.961608,1278295390,1,4.0,212.0,2,1,0,0,1,0,0,0,0,A,0,0,1,0
4507216,-86.048983,39.897078,1279084333,1,4.0,212.0,2,1,0,0,1,0,0,0,0,A,0,0,1,0
4507217,-86.040711,39.913755,1240873834,1,2.0,106.0,1,1,0,0,1,0,0,0,0,A,0,0,1,0
4507218,-86.134776,39.87914,709592533,1,3.0,159.0,1,1,0,0,1,0,0,0,0,A,0,0,1,0
4507219,-86.119992,39.836105,1293681806,1,4.0,212.0,1,1,0,0,1,0,0,0,0,A,0,0,1,0
4507220,-86.043362,39.85428,755277034,1,4.0,212.0,2,1,0,0,1,0,0,0,0,A,0,0,1,0
4507221,-86.015959,39.842472,1279310047,1,2.0,106.0,1,2,0,0,1,0,1,0,0,A,0,0,1,0
4507222,-86.014271,40.047048,1148898540,1,2.0,106.0,1,1,0,0,0,1,0,0,0,A,0,0,1,0
4507223,-86.126584,40.110342,1291191048,2,16.0,848.0,2,1,0,0,0,1,0,0,0,A,0,0,1,0
4507224,-86.017612,39.955976,1220151724,1,8.0,424.0,2,1,0,0,0,1,0,0,0,A,0,0,1,0
4507225,-85.995897,39.913309,1279287850,1,4.0,212.0,1,1,0,0,0,1,0,0,0,A,0,0,1,0
4507226,-86.050018,39.906974,1293643044,1,3.0,159.0,1,1,0,0,0,1,0,0,0,A,0,0,1,0
4507227,-86.124605,39.837711,19468626,1,8.0,424.0,1,1,0,0,0,1,0,0,0,A,0,0,1,0
4507228,-85.978441,39.862382,1279245387,1,6.0,318.0,1,1,0,0,0,1,0,0,0,A,0,0,1,0
4507229,-85.954713,39.872124,1279238918,1,6.0,318.0,2,1,0,0,0,1,0,0,0,A,0,0,1,0
4507230,-85.954666,39.872551,1279238923,1,4.0,212.0,2,1,0,0,0,1,0,0,0,A,0,0,1,0
4507231,-86.07625,39.880717,1296874992,1,4.0,212.0,1,1,0,0,0,1,0,0,0,A,0,0,1,0
4507232,-86.081141,39.877687,1279055634,1,2.0,106.0,1,1,0,0,0,1,0,0,0,A,0,0,1,0
4507233,-86.044114,39.888703,1279065887,1,2.0,106.0,2,1,0,0,0,1,0,0,0,A,0,0,1,0
4507234,-86.033787,39.927687,1278235818,1,18.0,954.0,1,1,0,0,0,0,1,0,0,A,0,0,1,0
4507235,-86.026231,39.835778,1279244092,1,6.0,318.0,2,1,0,0,0,0,1,0,0,A,0,0,1,0
4507237,-86.058694,39.891813,19503104,1,4.0,212.0,1,1,0,1,0,0,0,0,0,A,0,0,1,0
4507238,-86.121582,39.885844,1296783038,1,2.0,106.0,2,2,0,1,0,0,1,0,0,A,0,0,1,0
4507239,-86.073164,39.90623,125143935,1,8.0,424.0,1,1,0,0,1,0,0,0,0,A,0,0,1,0
4507240,-86.013936,40.040995,1278366981,1,2.0,106.0,1,1,0,0,1,0,0,0,0,A,0,0,1,0
4507241,-86.087656,40.033454,854873988,1,8.0,424.0,2,1,0,0,1,0,0,0,0,4,0,0,1,0
4507242,-86.035733,39.999116,1220146254,1,6.0,318.0,1,1,0,0,1,0,0,0,0,A,0,0,1,0
4507243,-86.029196,39.935835,1278255060,1,4.0,212.0,1,1,0,0,1,0,0,0,0,A,0,0,1,0
4507244,-86.037487,39.921383,1279101440,1,2.0,106.0,1,1,0,0,1,0,0,0,0,A,0,0,1,0
4507245,-86.043975,39.908815,1279171279,1,4.0,212.0,2,1,0,0,1,0,0,0,0,A,0,0,1,0
4507246,-86.14432,39.847429,1278570508,1,3.0,159.0,1,1,0,0,1,0,0,0,0,A,0,0,1,0
4507247,-86.122349,39.837718,1278821694,1,2.0,106.0,1,1,0,0,1,0,0,0,0,A,0,0,1,0
4507248,-86.007931,39.85132,1279230500,1,2.0,106.0,2,1,0,0,1,0,0,0,0,A,0,0,1,0
4507249,-86.045088,39.847567,125159016,1,2.0,106.0,2,1,0,0,1,0,0,0,0,A,0,0,1,0
4507250,-86.096056,39.906532,1196911284,1,4.0,212.0,1,1,0,0,0,1,0,0,0,A,0,0,1,0
4507251,-86.013327,40.04474,1297407926,1,2.0,106.0,1,1,0,0,0,1,0,0,0,A,0,0,1,0
4507252,-86.048034,40.061828,1278323778,1,8.0,424.0,2,1,0,0,0,1,0,0,0,A,0,0,1,0
4507253,-86.044659,39.947902,1278268439,1,2.0,106.0,1,1,0,0,0,1,0,0,0,A,0,0,1,0
4507254,-85.995688,39.910859,1279287884,1,6.0,318.0,1,1,0,0,0,1,0,0,0,A,0,0,1,0
4507255,-86.051895,39.90463,1279163815,1,4.0,212.0,1,1,0,0,0,1,0,0,0,A,0,0,1,0
4507256,-86.129217,39.84059,19468148,1,2.0,106.0,1,1,0,0,0,1,0,0,0,A,0,0,1,0
4507257,-86.001987,39.86351,1279229457,1,2.0,106.0,1,1,0,0,0,1,0,0,0,A,0,0,1,0
4507258,-85.958637,39.875967,19494301,1,8.0,424.0,1,1,0,0,0,1,0,0,0,A,0,0,1,0
4507259,-86.063821,39.840954,1279092729,1,2.0,106.0,1,1,0,0,0,1,0,0,0,A,0,0,1,0
4507260,-86.070338,39.883895,1279098973,1,2.0,106.0,1,1,0,0,0,1,0,0,0,A,0,0,1,0
4507261,-86.047617,39.895305,1279084317,1,2.0,106.0,2,1,0,0,0,1,0,0,0,A,0,0,1,0
4507262,-86.111608,40.042317,1278193552,1,4.0,212.0,2,1,0,0,0,0,1,0,0,A,0,0,1,0
4507265,-86.054628,39.892327,1279023634,1,8.0,424.0,1,3,0,1,1,0,1,0,0,A,0,0,1,0
4507266,-86.145536,39.876028,19504746,1,6.0,318.0,2,2,0,1,0,0,1,0,0,A,0,0,1,0
4507267,-86.010824,40.033405,1291632319,1,6.0,318.0,2,1,0,0,1,0,0,0,0,A,0,0,1,0
4507268,-86.030249,40.046071,1278323736,1,4.0,212.0,2,1,0,0,1,0,0,0,0,A,0,0,1,0
4507269,-86.031494,40.011089,1278330043,1,6.0,318.0,2,1,0,0,1,0,0,0,0,A,0,0,1,0
4507270,-86.03032,39.935143,1278255060,1,4.0,212.0,1,1,0,0,1,0,0,0,0,A,0,0,1,0
4507271,-86.049072,39.897439,1279084333,1,4.0,212.0,2,1,0,0,1,0,0,0,0,O,0,0,1,0
4507272,-86.054105,39.90589,1279100886,1,4.0,212.0,2,1,0,0,1,0,0,0,0,A,0,0,1,0
4507273,-86.134468,39.878435,709592533,1,4.0,212.0,1,1,0,0,1,0,0,0,0,A,0,0,1,0
4507274,-85.989334,39.855317,1296640874,1,8.0,424.0,1,1,0,0,1,0,0,0,0,A,0,0,1,0
4507275,-86.012215,39.84254,1279311841,1,3.0,159.0,2,1,0,0,1,0,0,0,0,A,0,0,1,0
4507276,-86.083421,39.92626,1279095196,1,4.0,212.0,2,1,0,0,0,1,0,0,0,A,0,0,1,0
4507277,-86.126469,40.019043,1336026827,1,2.0,106.0,1,1,0,0,0,1,0,0,0,A,0,0,1,0
4507278,-85.997061,40.063858,1278319046,1,8.0,424.0,1,1,0,0,0,1,0,0,0,A,0,0,1,0
4507279,-86.005408,39.98276,1291641832,1,8.0,424.0,2,1,0,0,0,1,0,0,0,A,0,0,1,0
4507280,-86.051093,39.90539,1279147376,1,2.0,106.0,2,1,0,0,0,1,0,0,0,O,0,0,1,0
4507281,-86.145339,39.876493,1278685956,1,2.0,106.0,1,1,0,0,0,1,0,0,0,A,0,0,1,0
4507282,-85.978653,39.860422,1279245387,1,2.0,106.0,2,1,0,0,0,1,0,0,0,A,0,0,1,0
4507283,-86.030657,39.835717,1279180272,1,2.0,106.0,1,1,0,0,0,1,0,0,0,A,0,0,1,0
4507284,-86.02599,39.810961,1279160003,1,6.0,318.0,2,1,0,0,0,1,0,0,0,O,0,0,1,0
4507285,-86.074967,39.880015,1296874994,1,6.0,318.0,1,1,0,0,0,1,0,0,0,A,0,0,1,0
4507286,-86.090834,39.868964,1293682982,1,8.0,424.0,1,1,0,0,0,1,0,0,0,A,0,0,1,0
4507287,-86.009021,40.045175,19490920,1,3.0,159.0,2,1,0,0,0,0,1,0,0,A,0,0,1,0
4507288,-86.142979,39.873384,1278685963,1,4.0,212.0,1,1,0,0,0,0,1,0,0,A,0,0,1,0
4507291,-86.05883,39.893278,19503104,1,3.0,159.0,1,1,0,1,0,0,0,0,0,E,0,0,1,0
4507292,-86.146881,39.868848,1278662446,1,18.0,954.0,1,1,0,1,0,0,0,0,0,A,0,0,1,0
4507293,-86.069234,39.911329,19500727,1,3.0,159.0,2,2,0,1,0,0,1,0,0,A,0,0,1,0
4507294,-85.996294,40.031435,1278362885,1,8.0,424.0,2,1,0,0,1,0,0,0,0,A,0,0,1,0
4507295,-86.005001,40.008389,1278303122,1,6.0,318.0,2,1,0,0,1,0,0,0,0,A,0,0,1,0
4507296,-86.093756,40.001142,1278479556,1,2.0,106.0,1,1,0,0,1,0,0,0,0,A,0,0,1,0
4507297,-86.038695,39.961599,1278293201,1,8.0,424.0,2,1,0,0,1,0,0,0,0,A,0,0,1,0
4507298,-86.047655,39.896199,1279084317,1,4.0,212.0,1,1,0,0,1,0,0,0,0,E,0,0,1,0
4507299,-86.040314,39.913746,1240873834,1,4.0,212.0,1,1,0,0,1,0,0,0,0,A,0,0,1,0
4507300,-86.134464,39.878616,709592535,1,3.0,159.0,1,1,0,0,1,0,0,0,0,A,0,0,1,0
4507301,-85.986151,39.852408,709497870,1,8.0,424.0,2,1,0,0,1,0,0,0,0,A,0,0,1,0
4507302,-86.020984,39.837816,1293457690,1,2.0,106.0,2,1,0,0,1,0,0,0,0,A,0,0,1,0
4507303,-86.043604,39.889314,1279065886,1,2.0,106.0,2,1,0,0,1,0,0,0,0,A,0,0,1,0
4507304,-86.012917,40.044269,1278369810,1,6.0,318.0,2,1,0,0,0,1,0,0,0,A,0,0,1,0
4507305,-85.992914,40.046872,1278373949,1,4.0,212.0,1,1,0,0,0,1,0,0,0,A,0,0,1,0
4507306,-86.031162,39.936724,1278311869,1,6.0,318.0,2,1,0,0,0,1,0,0,0,A,0,0,1,0
4507307,-86.034403,39.916548,1295716848,1,4.0,212.0,1,1,0,0,0,1,0,0,0,A,0,0,1,0
4507308,-86.051827,39.904785,1279102144,1,4.0,212.0,1,1,0,0,0,1,0,0,0,A,0,0,1,0
4507309,-86.123046,39.846472,1278820251,1,4.0,212.0,1,1,0,0,0,1,0,0,0,A,0,0,1,0
4507310,-85.998662,39.863347,1279229517,1,2.0,106.0,1,1,0,0,0,1,0,0,0,A,0,0,1,0
4507311,-86.02937,39.838098,1279181791,1,6.0,318.0,2,1,0,0,0,1,0,0,0,A,0,0,1,0
4507312,-86.034362,39.835607,1279245178,1,6.0,318.0,2,1,0,0,0,1,0,0,0,A,0,0,1,0
4507313,-86.073691,39.878909,1279016422,1,6.0,318.0,1,1,0,0,0,1,0,0,0,E,0,0,1,0
4507314,-86.098317,39.869946,1050566715,1,4.0,212.0,1,1,0,0,0,1,0,0,0,O,0,0,1,0
4507315,-86.04673,39.876105,1196408716,1,4.0,212.0,1,1,0,0,0,1,0,0,0,A,0,0,1,0
4507316,-86.127221,39.869281,1279068922,1,2.0,106.0,1,1,0,0,0,0,1,0,0,A,0,0,1,0
4507319,-86.144308,39.876412,1228438739,3,6.0,318.0,2,2,0,1,0,0,1,0,0,A,0,0,1,0
4507320,-86.012799,40.042159,19491230,1,2.0,106.0,2,1,0,0,1,0,0,0,0,A,0,0,1,0
4507321,-86.060527,40.045028,1278399969,1,2.0,106.0,2,1,0,0,1,0,0,0,0,A,0,0,1,0
4507322,-86.005412,39.981205,1291683272,1,6.0,318.0,2,1,0,0,1,0,0,0,0,A,0,0,1,0
4507323,-86.028271,39.934308,1278255060,1,3.0,159.0,2,1,0,0,1,0,0,0,0,4,0,0,1,0
4507324,-86.038133,39.955647,1278248488,1,3.0,159.0,2,1,0,0,1,0,0,0,0,A,0,0,1,0
4507325,-86.049739,39.901661,1279144559,1,2.0,106.0,2,1,0,0,1,0,0,0,0,A,0,0,1,0
4507326,-86.069317,39.914316,1051476456,1,10.0,530.0,2,2,0,0,1,0,1,0,0,A,0,0,1,0
4507327,-86.00878,39.851913,1279230500,1,6.0,318.0,1,1,0,0,1,0,0,0,0,A,0,0,1,0
4507328,-86.067453,39.841872,1371699917,1,4.0,212.0,2,1,0,0,1,0,0,0,0,A,0,0,1,0
4507329,-86.082607,39.907151,19501365,1,8.0,424.0,2,1,0,0,0,1,0,0,0,A,0,0,1,0
4507330,-86.0104,40.034915,1278368084,1,6.0,318.0,1,1,0,0,0,1,0,0,0,A,0,0,1,0
4507331,-86.028705,40.05129,1067005378,1,3.0,159.0,1,1,0,0,0,1,0,0,0,A,0,0,1,0
4507332,-86.00831,40.013171,1278307911,1,3.0,159.0,1,1,0,0,0,1,0,0,0,A,0,0,1,0
4507333,-86.036436,39.905918,1279161958,1,4.0,212.0,1,1,0,0,0,1,0,0,0,A,0,0,1,0
4507334,-86.118929,39.889661,1279178870,1,6.0,318.0,1,1,0,0,0,1,0,0,0,A,0,0,1,0
4507335,-86.119606,39.842617,1278805150,2,12.0,636.0,1,1,0,0,0,1,0,0,0,A,0,0,1,0
4507336,-85.974415,39.896965,1279248210,1,8.0,424.0,2,1,0,0,0,1,0,0,0,A,0,0,1,0
4507337,-86.043271,39.839401,1279054382,1,4.0,212.0,1,1,0,0,0,1,0,0,0,E,0,0,1,0
4507338,-86.045204,39.838292,1287362029,1,8.0,424.0,2,1,0,0,0,1,0,0,0,A,0,0,1,0
4507339,-86.07445,39.879068,1279016422,1,2.0,106.0,1,1,0,0,0,1,0,0,0,A,0,0,1,0
4507340,-86.082745,39.869023,1278824131,1,6.0,318.0,1,1,0,0,0,1,0,0,0,A,0,0,1,0
4507341,-86.052511,40.062688,1278476260,1,8.0,424.0,2,1,0,0,0,0,1,0,0,A,0,0,1,0
4507342,-86.043569,39.839483,1279054375,1,8.0,424.0,2,1,0,0,0,0,1,0,0,A,0,0,1,0
4507344,-86.139823,39.870298,1050267762,2,8.0,640.0,1,1,0,0,0,0,1,0,0,A,0,0,1,0
4507345,-86.01872,40.049804,1067015499,1,2.0,106.0,2,1,0,0,1,0,0,0,0,A,0,0,1,0
4507346,-86.007477,40.010527,1291633435,1,6.0,318.0,2,1,0,0,1,0,0,0,0,A,0,0,1,0
4507347,-86.068062,40.001132,1128182835,1,2.0,106.0,1,1,0,0,1,0,0,0,0,A,0,0,1,0
4507348,-86.041992,39.95378,1220132989,1,2.0,106.0,1,1,0,0,1,0,0,0,0,A,0,0,1,0
4507349,-86.053828,39.903083,1279098275,1,8.0,424.0,1,1,0,0,1,0,0,0,0,A,0,0,1,0
4507350,-86.07046,39.909163,1050723449,1,2.0,106.0,1,1,0,0,1,0,0,0,0,E,0,0,1,0
4507351,-86.134403,39.877472,709592535,1,4.0,212.0,2,1,0,0,1,0,0,0,0,A,0,0,1,0
4507352,-85.984241,39.850812,1320899161,1,6.0,318.0,1,1,0,0,1,0,0,0,0,A,0,0,1,0
4507353,-86.022892,39.839197,1279228107,1,6.0,318.0,2,1,0,0,1,0,0,0,0,4,0,0,1,0
4507354,-86.106877,39.908611,1278961174,1,8.0,424.0,2,1,0,0,0,1,0,0,0,A,0,0,1,0
4507355,-86.078582,40.047536,1297398557,1,8.0,424.0,2,1,0,0,0,1,0,0,0,A,0,0,1,0
4507356,-86.032704,40.08283,1309142912,1,4.0,212.0,2,1,0,0,0,1,0,0,0,A,0,0,1,0
4507357,-86.020247,39.99246,1220142704,1,2.0,106.0,1,1,0,0,0,1,0,0,0,A,0,0,1,0
4507358,-86.04866,39.905618,1279156444,1,3.0,159.0,1,1,0,0,0,1,0,0,0,A,0,0,1,0
4507359,-86.145629,39.861991,1293451679,1,4.0,212.0,2,1,0,0,0,1,0,0,0,A,0,0,1,0
4507360,-85.980414,39.859539,1279247075,1,4.0,212.0,1,1,0,0,0,1,0,0,0,O,0,0,1,0
4507361,-86.012319,39.879867,1197430741,1,6.0,318.0,2,1,0,0,0,1,0,0,0,A,0,0,1,0
4507362,-86.039002,39.864459,1371704240,1,6.0,318.0,1,1,0,0,0,1,0,0,0,A,0,0,1,0
4507363,-86.074611,39.880979,1296875255,1,2.0,106.0,1,1,0,0,0,1,0,0,0,A,0,0,1,0
4507364,-86.067755,39.880702,1050275148,1,2.0,106.0,2,1,0,0,0,1,0,0,0,A,0,0,1,0
4507365,-86.058945,39.893204,19503108,1,2.0,106.0,1,1,0,0,0,1,0,0,0,A,0,0,1,0
4507366,-86.145057,39.846654,1283683452,1,4.0,212.0,2,1,0,0,0,0,1,0,0,A,0,0,1,0
4507369,-86.009325,40.045224,19490920,1,3.0,159.0,2,1,0,0,1,0,0,0,0,E,0,0,1,0
4507370,-86.004592,40.012624,1278330450,1,2.0,106.0,2,1,0,0,1,0,0,0,0,A,0,0,1,0
4507371,-86.075332,40.015774,1328919287,1,4.0,212.0,2,1,0,0,1,0,0,0,0,A,0,0,1,0
4507372,-86.042594,39.951914,1278253335,1,6.0,318.0,1,1,0,0,1,0,0,0,0,A,0,0,1,0
4507373,-86.054085,39.902935,1279098273,1,4.0,212.0,1,1,0,0,1,0,0,0,0,A,0,0,1,0
4507374,-86.066033,39.907775,1051471039,1,8.0,424.0,1,2,0,0,1,0,1,0,0,A,0,0,1,0
4507375,-85.992095,39.898531,1050283509,1,4.0,212.0,2,1,0,0,1,0,0,0,0,A,0,0,1,0
4507376,-86.02897,39.840052,1162436191,1,2.0,106.0,2,1,0,0,1,0,0,0,0,A,0,0,1,0
4507377,-86.073766,39.909862,1051459973,1,2.0,106.0,1,1,0,0,0,1,0,0,0,A,0,0,1,0
4507378,-86.011966,40.047066,1278330197,1,2.0,106.0,2,1,0,0,0,1,0,0,0,A,0,0,1,0
4507379,-86.127219,40.111109,1291191048,2,16.0,848.0,2,1,0,0,0,1,0,0,0,A,0,0,1,0
4507380,-86.011322,39.961596,1278455803,1,2.0,106.0,1,1,0,0,0,1,0,0,0,A,0,0,1,0
4507381,-86.035338,39.916439,1279225671,1,3.0,159.0,2,1,0,0,0,1,0,0,0,A,0,0,1,0
4507382,-86.121126,39.869301,1278958897,1,6.0,318.0,1,1,0,0,0,1,0,0,0,A,0,0,1,0
4507383,-86.121201,39.851078,1228436252,1,3.0,159.0,2,1,0,0,0,1,0,0,0,A,0,0,1,0
4507384,-85.925528,39.892669,1292843930,1,3.0,159.0,2,1,0,0,0,1,0,0,0,A,0,0,1,0
4507385,-86.025504,39.83629,1050323596,1,4.0,212.0,2,1,0,0,0,1,0,0,0,O,0,0,1,0
4507386,-86.047452,39.83947,1279061975,1,4.0,212.0,1,1,0,0,0,1,0,0,0,E,0,0,1,0
4507387,-86.074412,39.879629,1296875266,1,4.0,212.0,1,1,0,0,0,1,0,0,0,A,0,0,1,0
4507388,-86.049228,39.895061,1279084333,1,6.0,318.0,1,1,0,0,0,1,0,0,0,A,0,0,1,0
4507389,-86.02562,39.931096,1242117113,1,8.0,424.0,1,1,0,0,0,0,1,0,0,A,0,0,1,0
4507391,-86.023081,40.050181,1278367116,1,2.0,106.0,2,1,0,0,1,0,0,0,0,A,0,0,1,0
4507392,-86.007479,40.010161,1278305906,1,6.0,318.0,2,1,0,0,1,0,0,0,0,A,0,0,1,0
4507393,-86.018474,39.931013,1278254536,1,4.0,212.0,2,1,0,0,1,0,0,0,0,4,0,0,1,0
4507394,-86.045322,39.947361,1278268438,1,4.0,212.0,1,1,0,0,1,0,0,0,0,A,0,0,1,0
4507395,-86.060001,39.901057,1279160715,1,6.0,318.0,2,1,0,0,1,0,0,0,0,A,0,0,1,0
4507396,-86.106004,39.855456,1197110181,1,8.0,424.0,1,1,0,0,1,0,0,0,0,A,0,0,1,0
4507397,-86.134576,39.878583,709592533,1,4.0,212.0,1,1,0,0,1,0,0,0,0,A,0,0,1,0
4507398,-85.987195,39.856725,125162938,1,2.0,106.0,1,1,0,0,1,0,0,0,0,E,0,0,1,0
4507399,-86.028695,39.846643,1279220230,1,8.0,424.0,1,1,0,0,1,0,0,0,0,A,0,0,1,0
4507400,-86.045327,39.888573,1197042932,1,2.0,106.0,2,1,0,0,1,0,0,0,0,O,0,0,1,0
4507401,-85.996474,40.039889,1241774732,1,6.0,318.0,1,1,0,0,0,1,0,0,0,A,0,0,1,0
4507402,-86.027184,40.050339,1067005378,1,3.0,159.0,1,1,0,0,0,1,0,0,0,A,0,0,1,0
4507403,-86.008912,39.962159,1278452950,1,6.0,318.0,1,1,0,0,0,1,0,0,0,A,0,0,1,0
4507404,-86.041936,39.917429,1279102084,1,8.0,424.0,1,1,0,0,0,1,0,0,0,O,0,0,1,0
4507405,-86.122889,39.883893,1279158055,1,6.0,318.0,1,1,0,0,0,1,0,0,0,A,0,0,1,0
4507406,-86.126384,39.849888,1278818774,1,2.0,106.0,1,1,0,0,0,1,0,0,0,A,0,0,1,0
4507407,-85.973792,39.867644,1279285446,1,2.0,106.0,1,1,0,0,0,1,0,0,0,A,0,0,1,0
4507408,-86.015128,39.856011,1293452906,1,6.0,318.0,1,1,0,0,0,1,0,0,0,A,0,0,1,0
4507409,-86.06465,39.840721,1279092699,1,4.0,212.0,2,1,0,0,0,1,0,0,0,O,0,0,1,0
4507410,-86.074631,39.880231,1296875265,1,2.0,106.0,1,1,0,0,0,1,0,0,0,A,0,0,1,0
4507411,-86.044807,39.88541,1279069306,1,3.0,159.0,2,1,0,0,0,1,0,0,0,A,0,0,1,0
4507412,-86.13404,40.039767,1286122579,1,4.0,212.0,1,1,0,0,0,0,1,0,0,A,0,0,1,0
4507413,-85.92099,39.912539,1238938376,1,2.0,106.0,2,1,0,0,0,0,1,0,0,A,0,0,1,0
4507415,-86.025445,40.050603,1324563434,1,2.0,106.0,2,1,0,0,1,0,0,0,0,O,0,0,1,0
4507416,-86.010637,39.963709,1278304655,1,4.0,212.0,1,1,0,0,1,0,0,0,0,A,0,0,1,0
4507417,-86.020001,39.928097,1197912606,1,4.0,212.0,1,1,0,0,1,0,0,0,0,A,0,0,1,0
4507418,-86.0435,39.949953,907515942,1,4.0,212.0,1,1,0,0,1,0,0,0,0,A,0,0,1,0
4507419,-86.050231,39.904277,1279147349,1,3.0,159.0,2,1,0,0,1,0,0,0,0,A,0,0,1,0
4507420,-86.126783,39.868213,1279068900,1,6.0,318.0,2,1,0,0,1,0,0,0,0,A,0,0,1,0
4507421,-86.119762,39.874538,1050264769,1,2.0,106.0,1,1,0,0,1,0,0,0,0,A,0,0,1,0
4507422,-86.007543,39.860039,1279243957,1,2.0,106.0,1,1,0,0,1,0,0,0,0,A,0,0,1,0
4507423,-86.025808,39.829899,1293458036,1,2.0,106.0,2,1,0,0,1,0,0,0,0,E,0,0,1,0
4507424,-86.078342,39.875241,1279016429,1,2.0,106.0,2,1,0,0,1,0,0,0,0,A,0,0,1,0
4507425,-85.998688,40.032702,1278362844,1,2.0,106.0,1,1,0,0,0,1,0,0,0,A,0,0,1,0
4507426,-85.99821,40.044792,1297366043,1,4.0,212.0,2,1,0,0,0,1,0,0,0,E,0,0,1,0
4507427,-85.9838,39.929987,1278258421,1,4.0,212.0,2,1,0,0,0,1,0,0,0,A,0,0,1,0
4507428,-86.009639,39.980518,1278246988,1,8.0,640.0,1,1,0,0,0,1,0,0,0,A,0,0,1,0
4507429,-86.055368,39.899696,1279061379,1,4.0,212.0,2,1,0,0,0,1,0,0,0,A,0,0,1,0
4507430,-86.122441,39.844071,1278824515,1,3.0,159.0,1,1,0,0,0,1,0,0,0,A,0,0,1,0
4507431,-85.980646,39.861769,1279245406,1,2.0,160.0,2,1,0,0,0,1,0,0,0,E,0,0,1,0
4507432,-85.954879,39.871608,1279238929,1,2.0,106.0,2,1,0,0,0,1,0,0,0,A,0,0,1,0
4507433,-86.009494,39.857384,1279249563,1,4.0,212.0,1,1,0,0,0,1,0,0,0,A,0,0,1,0
4507434,-86.048301,39.83808,1279065558,1,4.0,212.0,1,1,0,0,0,1,0,0,0,A,0,0,1,0
4507435,-86.06749,39.880981,1050275157,1,6.0,318.0,2,1,0,0,0,1,0,0,0,O,0,0,1,0
4507436,-86.059143,39.893106,19503108,1,2.0,106.0,1,1,0,0,0,1,0,0,0,A,0,0,1,0
4507437,-86.067854,39.880608,1050275144,1,4.0,212.0,2,1,0,0,0,0,1,0,0,A,0,0,1,0
4507438,-86.010767,39.827028,1279217402,1,4.0,212.0,1,1,0,0,0,0,1,0,0,A,0,0,1,0
4507440,-86.070182,40.032835,1220063227,1,2.0,106.0,2,1,0,0,1,0,0,0,0,A,0,0,1,0
4507441,-86.006586,40.007533,1291633114,1,6.0,318.0,2,1,0,0,1,0,0,0,0,A,0,0,1,0
4507442,-86.028472,39.933982,1278255059,1,4.0,212.0,2,1,0,0,1,0,0,0,0,A,0,0,1,0
4507443,-86.058529,39.932001,1310078257,1,4.0,212.0,2,1,0,0,1,0,0,0,0,A,0,0,1,0
4507444,-86.044461,39.908723,1279171279,1,4.0,212.0,2,1,0,0,1,0,0,0,0,A,0,0,1,0
4507445,-86.142326,39.872082,839141151,1,2.0,106.0,2,1,0,0,1,0,0,0,0,A,0,0,1,0
4507446,-86.122898,39.863696,1279027703,1,2.0,106.0,1,1,0,0,1,0,0,0,0,A,0,0,1,0
4507447,-85.980202,39.859582,1279247075,1,6.0,318.0,1,1,0,0,1,0,0,0,0,A,0,0,1,0
4507448,-86.0219,39.837186,1293456550,1,4.0,212.0,2,1,0,0,1,0,0,0,0,A,0,0,1,0
4507449,-86.082159,39.876305,1279023932,1,4.0,212.0,1,1,0,0,1,0,0,0,0,A,0,0,1,0
4507450,-86.100306,39.910306,125144429,1,2.0,106.0,2,1,0,0,0,1,0,0,0,A,0,0,1,0
4507451,-86.012851,40.04615,1067233611,1,4.0,212.0,2,1,0,0,0,1,0,0,0,A,0,0,1,0
4507452,-86.010967,39.943014,1220142854,1,6.0,318.0,2,1,0,0,0,1,0,0,0,4,0,0,1,0
4507453,-86.037489,39.922507,1050429306,1,10.0,530.0,1,1,0,0,0,1,0,0,0,A,0,0,1,0
4507454,-86.098292,39.867252,1279101044,1,2.0,106.0,1,1,0,0,0,1,0,0,0,A,0,0,1,0
4507455,-86.125202,39.83359,1279353176,1,2.0,106.0,2,1,0,0,0,1,0,0,0,E,0,0,1,0
4507456,-85.970783,39.86627,1279284940,1,8.0,424.0,2,1,0,0,0,1,0,0,0,A,0,0,1,0
4507457,-86.012508,39.861225,1279301809,1,6.0,318.0,2,1,0,0,0,1,0,0,0,A,0,0,1,0
4507458,-86.062507,39.84554,1196419187,1,4.0,212.0,2,1,0,0,0,1,0,0,0,A,0,0,1,0
4507459,-86.070849,39.882979,1278997808,1,3.0,159.0,2,1,0,0,0,1,0,0,0,A,0,0,1,0
4507460,-86.049667,39.895421,1296716749,1,2.0,106.0,2,1,0,0,0,1,0,0,0,A,0,0,1,0
4507461,-86.131104,40.040705,19515308,1,2.0,106.0,1,1,0,0,0,0,1,0,0,A,0,0,1,0
4507462,-85.990168,39.842171,19468080,1,4.0,212.0,1,1,0,0,0,0,1,0,0,A,0,0,1,0
4507464,-86.02604,40.039036,1220054462,1,6.0,318.0,2,1,0,0,1,0,0,0,0,A,0,0,1,0
4507465,-86.080449,40.020735,1144966627,1,3.0,159.0,2,1,0,0,1,0,0,0,0,A,0,0,1,0
4507466,-86.043006,39.955389,1240909797,1,2.0,106.0,1,1,0,0,1,0,0,0,0,A,0,0,1,0
4507467,-86.052137,39.905594,1279163810,1,4.0,212.0,2,1,0,0,1,0,0,0,0,A,0,0,1,0
4507468,-86.115956,39.869881,1278826293,1,3.0,159.0,1,1,0,0,1,0,0,0,0,A,0,0,1,0
4507469,-86.126447,39.858489,19494436,2,16.0,848.0,1,1,0,0,1,0,0,0,0,A,0,0,1,0
4507470,-86.010775,39.864121,717776108,1,8.0,424.0,1,1,0,0,1,0,0,0,0,A,0,0,1,0
4507471,-86.042853,39.826901,1279009117,1,8.0,424.0,2,1,0,0,1,0,0,0,0,A,0,0,1,0
4507472,-86.074773,39.910117,1296633395,1,3.0,159.0,1,1,0,0,0,1,0,0,0,A,0,0,1,0
4507473,-86.134516,40.041768,1278379943,1,4.0,212.0,1,1,0,0,0,1,0,0,0,A,0,0,1,0
4507474,-86.01064,39.962689,1278304655,1,2.0,106.0,2,1,0,0,0,1,0,0,0,E,0,0,1,0
4507475,-86.025404,39.92171,1279232094,1,8.0,424.0,2,1,0,0,0,1,0,0,0,A,0,0,1,0
4507476,-86.050238,39.904261,1279147349,1,2.0,106.0,2,1,0,0,0,1,0,0,0,A,0,0,1,0
4507477,-86.12286,39.845659,1196608183,1,4.0,212.0,1,1,0,0,0,1,0,0,0,A,0,0,1,0
4507478,-85.982118,39.863798,1279283541,1,3.0,159.0,1,1,0,0,0,1,0,0,0,A,0,0,1,0
4507479,-85.939217,39.878533,1256669885,1,4.0,212.0,1,1,0,0,0,1,0,0,0,A,0,0,1,0
4507480,-86.010709,39.841423,1279233977,1,3.0,159.0,1,1,0,0,0,1,0,0,0,A,0,0,1,0
4507481,-86.076999,39.880792,1296874992,1,6.0,318.0,1,1,0,0,0,1,0,0,0,A,0,0,1,0
4507482,-86.097461,39.866915,1279101044,1,3.0,159.0,2,1,0,0,0,1,0,0,0,A,0,0,1,0
4507483,-86.043592,39.889146,1279065886,1,2.0,106.0,2,1,0,0,0,1,0,0,0,A,0,0,1,0
4507484,-86.095272,39.870053,1050566682,1,4.0,212.0,2,1,0,0,0,0,1,0,0,A,0,0,1,0
4507485,-86.091004,39.925406,1197695225,1,8.0,424.0,2,1,0,0,0,0,1,0,0,4,0,0,1,0
4507487,-86.124184,40.008154,1278309836,1,2.0,106.0,1,1,0,0,1,0,0,0,0,A,0,0,1,0
4507488,-86.040993,39.95726,1278258376,1,2.0,106.0,2,1,0,0,1,0,0,0,0,A,0,0,1,0
4507489,-86.035071,39.907781,1279297826,1,2.0,106.0,1,1,0,0,1,0,0,0,0,A,0,0,1,0
4507490,-86.070308,39.908751,1050723447,1,4.0,212.0,2,1,0,0,1,0,0,0,0,O,0,0,1,0
4507491,-86.135146,39.887448,19503443,1,3.0,159.0,2,1,0,0,1,0,0,0,0,A,0,0,1,0
4507492,-85.984525,39.859239,1279238478,1,4.0,212.0,1,1,0,0,1,0,0,0,0,E,0,0,1,0
4507493,-86.026751,39.840367,19468245,1,8.0,424.0,2,1,0,0,1,0,0,0,0,A,0,0,1,0
4507494,-86.095095,39.928563,1370457925,1,2.0,106.0,2,1,0,0,0,1,0,0,0,A,0,0,1,0
4507495,-86.125297,40.008445,1278309845,1,6.0,318.0,1,1,0,0,0,1,0,0,0,A,0,0,1,0
4507496,-86.112868,40.160582,1231519752,1,4.0,212.0,2,1,0,0,0,1,0,0,0,E,0,0,1,0
4507497,-86.004271,40.013388,1278330490,1,8.0,424.0,2,1,0,0,0,1,0,0,0,A,0,0,1,0
4507498,-86.059462,39.934184,1278343518,1,4.0,212.0,2,1,0,0,0,1,0,0,0,A,0,0,1,0
4507499,-86.121549,39.88485,1279158125,1,6.0,318.0,2,1,0,0,0,1,0,0,0,E,0,0,1,0
4507500,-86.122394,39.849629,1293453900,1,3.0,159.0,1,1,0,0,0,1,0,0,0,A,0,0,1,0
4507501,-85.97537,39.896865,1197052445,1,8.0,424.0,2,1,0,0,0,1,0,0,0,A,0,0,1,0
4507502,-86.018676,39.852236,1279216563,1,4.0,212.0,1,1,0,0,0,1,0,0,0,A,0,0,1,0
4507503,-86.074799,39.880955,1296875255,1,2.0,106.0,1,1,0,0,0,1,0,0,0,A,0,0,1,0
4507504,-86.082846,39.876953,1279055634,1,6.0,318.0,1,1,0,0,0,1,0,0,0,A,0,0,1,0
4507505,-86.05822,39.89227,1115275111,1,2.0,106.0,1,1,0,0,0,1,0,0,0,A,0,0,1,0
4507506,-86.123159,39.884407,757252565,1,2.0,106.0,1,1,0,0,0,0,1,0,0,E,0,0,1,0
4507508,-85.981271,39.931329,16905837,1,2.0,106.0,1,1,0,0,1,0,0,0,0,A,0,0,1,0
4507509,-86.043269,39.950919,1278298294,1,8.0,424.0,1,1,0,0,1,0,0,0,0,A,0,0,1,0
4507510,-86.056781,39.900341,1279073311,1,2.0,106.0,2,1,0,0,1,0,0,0,0,A,0,0,1,0
4507511,-86.12607,39.868222,19464844,1,3.0,159.0,2,1,0,0,1,0,0,0,0,A,0,0,1,0
4507512,-86.12327,39.849714,1278818777,1,4.0,212.0,1,1,0,0,1,0,0,0,0,A,0,0,1,0
4507513,-86.005948,39.853377,1279230490,1,4.0,212.0,1,1,0,0,1,0,0,0,0,O,0,0,1,0
4507514,-86.04405,39.839531,1279054396,1,4.0,212.0,2,1,0,0,1,0,0,0,0,A,0,0,1,0
4507515,-86.095622,39.906978,1196911284,1,6.0,318.0,1,1,0,0,0,1,0,0,0,A,0,0,1,0
4507516,-86.012724,40.048338,1297362192,1,2.0,106.0,1,1,0,0,0,1,0,0,0,A,0,0,1,0
4507517,-86.09439,40.07322,1348049825,1,6.0,318.0,2,1,0,0,0,1,0,0,0,A,0,0,1,0
4507518,-86.011016,39.959035,739556207,1,4.0,212.0,2,1,0,0,0,1,0,0,0,A,0,0,1,0
4507519,-86.035524,39.91558,1279225671,1,3.0,159.0,2,1,0,0,0,1,0,0,0,A,0,0,1,0
4507520,-86.121334,39.871217,1293449693,1,2.0,106.0,2,1,0,0,0,1,0,0,0,A,0,0,1,0
4507521,-86.121445,39.850893,1278801570,1,3.0,159.0,2,1,0,0,0,1,0,0,0,A,0,0,1,0
4507522,-85.921649,39.901228,1249659767,1,8.0,424.0,1,1,0,0,0,1,0,0,0,A,0,0,1,0
4507523,-86.030679,39.83909,1228426273,1,8.0,424.0,1,1,0,0,0,1,0,0,0,4,0,0,1,0
4507524,-86.047421,39.839711,1050222221,1,2.0,106.0,1,1,0,0,0,1,0,0,0,O,0,0,1,0
4507525,-86.07447,39.879635,1296875266,1,2.0,106.0,1,1,0,0,0,1,0,0,0,A,0,0,1,0
4507526,-86.047244,39.888821,1293446144,1,4.0,212.0,1,1,0,0,0,1,0,0,0,A,0,0,1,0
4507527,-86.105508,40.044531,1308388307,1,4.0,212.0,1,1,0,0,0,0,1,0,0,A,0,0,1,0
4507528,-85.999566,39.849272,1279228319,1,6.0,318.0,2,1,0,0,0,0,1,0,0,A,0,0,1,0
4507530,-86.027768,39.937555,1278212430,1,4.0,212.0,2,1,0,0,1,0,0,0,0,A,0,0,1,0
4507531,-86.049456,39.897411,1296716750,1,6.0,318.0,1,1,0,0,1,0,0,0,0,A,0,0,1,0
4507532,-86.055702,39.90677,1196489918,1,6.0,318.0,1,1,0,0,1,0,0,0,0,A,0,0,1,0
4507533,-86.123826,39.848278,1293454441,1,2.0,106.0,1,1,0,0,1,0,0,0,0,A,0,0,1,0
4507534,-85.973356,39.897409,1050281520,1,2.0,106.0,2,1,0,0,1,0,0,0,0,A,0,0,1,0
4507535,-86.01298,39.842029,1279311852,1,6.0,318.0,2,1,0,0,1,0,0,0,0,A,0,0,1,0
4507536,-86.081599,39.927726,1197695307,1,4.0,212.0,1,1,0,0,0,1,0,0,0,A,0,0,1,0
4507537,-86.127055,40.042329,1278380893,1,2.0,106.0,2,1,0,0,0,1,0,0,0,A,0,0,1,0
4507538,-86.012778,40.132785,1278373216,1,8.0,424.0,1,1,0,0,0,1,0,0,0,A,0,0,1,0
4507539,-86.006611,40.008452,1278303122,1,3.0,159.0,1,1,0,0,0,1,0,0,0,A,0,0,1,0
4507540,-86.049788,39.897304,1296716749,1,4.0,212.0,1,1,0,0,0,1,0,0,0,A,0,0,1,0
4507541,-86.143037,39.873017,19464507,1,4.0,212.0,1,1,0,0,0,1,0,0,0,A,0,0,1,0
4507542,-85.980565,39.862376,1279243518,1,4.0,212.0,2,1,0,0,0,1,0,0,0,A,0,0,1,0
4507543,-85.957573,39.870063,1196415144,1,8.0,424.0,2,1,0,0,0,1,0,0,0,A,0,0,1,0
4507544,-86.025564,39.838175,1050236671,1,4.0,212.0,1,1,0,0,0,1,0,0,0,A,0,0,1,0
4507545,-86.073273,39.879171,1279016422,1,4.0,212.0,1,1,0,0,0,1,0,0,0,E,0,0,1,0
4507546,-86.086965,39.858777,1296993372,1,2.0,106.0,2,1,0,0,0,1,0,0,0,A,0,0,1,0
4507547,-86.038006,39.925299,1148893264,1,2.0,106.0,2,1,0,0,0,0,1,0,0,O,0,0,1,0
4507548,-86.026597,39.844143,1279220267,1,8.0,424.0,2,1,0,0,0,0,1,0,0,A,0,0,1,0
4507550,-86.054674,39.956123,1220164124,1,3.0,159.0,2,1,0,0,1,0,0,0,0,A,0,0,1,0
4507551,-86.019872,39.903054,1293446171,1,3.0,159.0,2,1,0,0,1,0,0,0,0,A,0,0,1,0
4507552,-86.06924,39.911335,19500727,1,4.0,212.0,2,1,0,0,1,0,0,0,0,O,0,0,1,0
4507553,-86.121516,39.852177,1197636586,1,6.0,318.0,2,1,0,0,1,0,0,0,0,A,0,0,1,0
4507554,-86.007253,39.852441,1279230509,1,4.0,212.0,1,1,0,0,1,0,0,0,0,A,0,0,1,0
4507555,-86.042655,39.839641,1279054382,1,8.0,424.0,1,1,0,0,1,0,0,0,0,A,0,0,1,0
4507556,-86.072696,39.910046,1051459973,1,2.0,106.0,1,1,0,0,0,1,0,0,0,A,0,0,1,0
4507557,-86.025492,40.045831,1324398824,1,12.0,636.0,2,1,0,0,0,1,0,0,0,E,0,0,1,0
4507558,-86.013899,40.13262,1309129977,1,4.0,200.0,1,1,0,0,0,1,0,0,0,A,0,0,1,0
4507559,-86.004968,40.010924,1278306335,1,2.0,106.0,2,1,0,0,0,1,0,0,0,A,0,0,1,0
4507560,-86.047095,39.896274,1279084316,1,2.0,106.0,1,1,0,0,0,1,0,0,0,A,0,0,1,0
4507561,-86.146855,39.851585,1278564768,1,4.0,212.0,1,1,0,0,0,1,0,0,0,A,0,0,1,0
4507562,-85.979925,39.860808,1279245390,1,6.0,318.0,2,1,0,0,0,1,0,0,0,A,0,0,1,0
4507563,-85.972418,39.864463,1293451574,1,4.0,212.0,2,1,0,0,0,1,0,0,0,A,0,0,1,0
4507564,-86.013261,39.861215,1279301808,1,8.0,424.0,2,1,0,0,0,1,0,0,0,A,0,0,1,0
4507565,-86.07509,39.880996,1296874994,1,4.0,212.0,2,1,0,0,0,1,0,0,0,A,0,0,1,0
4507566,-86.079924,39.87654,1279055653,1,2.0,106.0,2,1,0,0,0,1,0,0,0,A,0,0,1,0
4507567,-86.058296,39.892599,1115275111,1,2.0,106.0,1,1,0,0,0,1,0,0,0,A,0,0,1,0
4507568,-86.040317,39.889849,1365817445,1,4.0,212.0,2,1,0,0,0,0,1,0,0,E,0,0,1,0
4507569,-86.012153,39.839057,19468467,1,8.0,424.0,1,1,0,0,0,0,1,0,0,A,0,0,1,0
4507571,-86.042954,39.926426,948613692,1,4.0,212.0,2,1,0,0,1,0,0,0,0,A,0,0,1,0
4507572,-86.044118,39.909176,1279171279,1,4.0,212.0,2,1,0,0,1,0,0,0,0,A,0,0,1,0
4507573,-86.145553,39.832585,1228426872,1,2.0,106.0,1,1,0,0,1,0,0,0,0,A,0,0,1,0
4507574,-86.123886,39.835748,1279344022,1,4.0,212.0,1,1,0,0,1,0,0,0,0,A,0,0,1,0
4507575,-85.920625,39.896926,103412265,1,10.0,530.0,1,1,0,0,1,0,0,0,0,A,0,0,1,0
4507576,-86.035186,39.835102,1278946057,1,8.0,424.0,1,1,0,0,1,0,0,0,0,A,0,0,1,0
4507577,-86.086671,39.943935,806771966,1,4.0,212.0,2,1,0,0,0,1,0,0,0,A,0,0,1,0
4507578,-86.129325,40.010792,1201872416,1,4.0,212.0,1,1,0,0,0,1,0,0,0,A,0,0,1,0
4507579,-85.9834,39.930007,1278258421,1,6.0,318.0,2,1,0,0,0,1,0,0,0,A,0,0,1,0
4507580,-86.002935,39.986219,1291636352,1,4.0,212.0,1,1,0,0,0,1,0,0,0,A,0,0,1,0
4507581,-86.054807,39.906242,1279163708,1,4.0,212.0,1,1,0,0,0,1,0,0,0,A,0,0,1,0
4507582,-86.11632,39.854349,1279217151,1,4.0,212.0,1,1,0,0,0,1,0,0,0,A,0,0,1,0
4507583,-85.980258,39.861257,1279243298,1,4.0,212.0,2,1,0,0,0,1,0,0,0,O,0,0,1,0
4507584,-85.974467,39.862653,771616801,1,6.0,318.0,2,1,0,0,0,1,0,0,0,A,0,0,1,0
4507585,-86.025726,39.840121,1279221281,1,3.0,159.0,2,1,0,0,0,1,0,0,0,A,0,0,1,0
4507586,-86.077288,39.88063,1296874992,1,3.0,159.0,1,1,0,0,0,1,0,0,0,A,0,0,1,0
4507587,-86.081428,39.896641,1279185486,1,6.0,318.0,2,1,0,0,0,1,0,0,0,A,0,0,1,0
4507588,-86.042068,39.88386,1279061155,1,2.0,106.0,2,1,0,0,0,1,0,0,0,A,0,0,1,0
4507589,-86.11809,39.854227,1293453342,1,2.0,106.0,1,1,0,0,0,0,1,0,0,A,0,0,1,0
4507592,-86.055321,39.902898,1279098244,1,4.0,212.0,1,1,0,0,1,0,0,0,0,A,0,0,1,0
4507593,-86.098698,39.854234,1283684091,1,8.0,424.0,2,1,0,0,1,0,0,0,0,A,0,0,1,0
4507594,-86.13555,39.868862,1278675208,1,4.0,212.0,1,1,0,0,1,0,0,0,0,A,0,0,1,0
4507595,-85.977417,39.860642,1279245387,1,8.0,424.0,2,1,0,0,1,0,0,0,0,A,0,0,1,0
4507596,-86.02462,39.837995,1050236680,1,4.0,212.0,1,1,0,0,1,0,0,0,0,O,0,0,1,0
4507597,-86.084947,39.855987,756477325,1,4.0,212.0,2,1,0,0,1,0,0,0,0,A,0,0,1,0
4507598,-86.013045,40.045003,1067233608,1,2.0,106.0,2,1,0,0,0,1,0,0,0,A,0,0,1,0
4507599,-86.073594,40.071361,1278753737,2,12.0,636.0,2,1,0,0,0,1,0,0,0,A,0,0,1,0
4507600,-86.073927,40.071688,1278753737,1,6.0,318.0,1,1,0,0,0,1,0,0,0,A,0,0,1,0
4507601,-86.04103,39.91352,1279102018,1,2.0,106.0,2,1,0,0,0,1,0,0,0,A,0,0,1,0
4507602,-86.120499,39.874503,1050264795,1,2.0,106.0,1,1,0,0,0,1,0,0,0,A,0,0,1,0
4507603,-85.987061,39.856132,125162938,1,2.0,106.0,1,1,0,0,0,1,0,0,0,A,0,0,1,0
4507604,-85.991986,39.901153,1197170889,1,6.0,318.0,2,1,0,0,0,1,0,0,0,A,0,0,1,0
4507605,-86.064764,39.845584,1196419187,1,4.0,212.0,2,1,0,0,0,1,0,0,0,A,0,0,1,0
4507606,-86.060645,39.840912,1279092695,1,4.0,212.0,1,1,0,0,0,1,0,0,0,A,0,0,1,0
4507607,-86.067488,39.880988,1050275157,1,3.0,159.0,2,1,0,0,0,1,0,0,0,A,0,0,1,0
4507608,-86.04723,39.895274,1279084316,1,2.0,106.0,2,1,0,0,0,1,0,0,0,A,0,0,1,0
4507609,-86.018226,39.931353,1278254536,1,2.0,106.0,2,1,0,0,0,0,1,0,0,A,0,0,1,0
4507610,-86.047439,39.839278,1279061974,1,4.0,212.0,1,1,0,0,0,0,1,0,0,E,0,0,1,0
4507612,-86.146973,39.873725,1278611528,1,3.0,159.0,1,1,0,0,1,0,0,0,0,A,0,0,1,0
4507613,-86.124324,39.848502,1278818807,1,2.0,106.0,1,1,0,0,1,0,0,0,0,4,0,0,1,0
4507614,-86.008238,39.852492,1279228312,1,6.0,318.0,2,1,0,0,1,0,0,0,0,A,0,0,1,0
4507615,-86.029425,39.839811,1279184309,1,2.0,106.0,2,1,0,0,1,0,0,0,0,A,0,0,1,0
4507616,-86.071976,39.913053,1051476425,1,4.0,212.0,2,1,0,0,0,1,0,0,0,A,0,0,1,0
4507617,-86.019854,40.04868,1219933568,1,2.0,106.0,2,1,0,0,0,1,0,0,0,A,0,0,1,0
4507618,-86.13137,40.115647,1297361081,2,12.0,636.0,2,1,0,0,0,1,0,0,0,A,0,0,1,0
4507619,-86.042593,39.952384,1278265925,1,8.0,424.0,1,1,0,0,0,1,0,0,0,A,0,0,1,0
4507620,-86.018233,39.928058,1197912696,1,4.0,212.0,1,1,0,0,0,1,0,0,0,A,0,0,1,0
4507621,-86.098372,39.868332,1050680444,1,2.0,106.0,2,1,0,0,0,1,0,0,0,A,0,0,1,0
4507622,-86.123055,39.838476,1278823902,1,2.0,106.0,1,1,0,0,0,1,0,0,0,A,0,0,1,0
4507623,-85.978477,39.863547,1279283684,1,4.0,212.0,1,1,0,0,0,1,0,0,0,A,0,0,1,0
4507624,-86.022878,39.839064,1050236674,1,4.0,212.0,1,1,0,0,0,1,0,0,0,A,0,0,1,0
4507625,-86.027697,39.835665,125159333,1,6.0,318.0,2,1,0,0,0,1,0,0,0,A,0,0,1,0
4507626,-86.076149,39.879922,1296874992,1,2.0,106.0,2,1,0,0,0,1,0,0,0,A,0,0,1,0
4507627,-86.081376,39.870073,1278824137,1,4.0,212.0,2,1,0,0,0,1,0,0,0,A,0,0,1,0
4507628,-86.014293,40.047028,1148898540,1,2.0,106.0,1,1,0,0,0,0,1,0,0,O,0,0,1,0
4507629,-85.933851,39.888344,1292382346,1,4.0,212.0,2,1,0,0,0,0,1,0,0,A,0,0,1,0
4507631,-86.0501,39.903934,1228442687,1,2.0,106.0,1,1,0,0,0,1,0,0,0,A,0,0,1,0
4507632,-86.121352,39.845364,1278820261,1,2.0,106.0,2,1,0,0,0,1,0,0,0,A,0,0,1,0
4507633,-85.99817,39.84984,1051568802,1,8.0,424.0,2,1,0,0,0,1,0,0,0,A,0,0,1,0
4507634,-86.025076,39.836446,1050317611,1,2.0,106.0,2,1,0,0,0,1,0,0,0,A,0,0,1,0
4507635,-86.033206,39.835673,1279244105,1,8.0,424.0,1,1,0,0,0,1,0,0,0,A,0,0,1,0
4507636,-86.073928,39.878635,1279016422,1,2.0,106.0,1,1,0,0,0,1,0,0,0,A,0,0,1,0
4507637,-86.087928,39.853742,1278945008,1,3.0,159.0,1,1,0,0,0,1,0,0,0,A,0,0,1,0
4507638,-86.128817,40.043737,1278380924,1,2.0,106.0,1,1,0,0,0,0,1,0,0,A,0,0,1,0
4507639,-85.959336,39.900822,1197312582,1,6.0,318.0,2,1,0,0,0,0,1,0,0,A,0,0,1,0
4507642,-86.125843,39.869131,19464844,1,2.0,106.0,1,1,0,0,0,1,0,0,0,A,0,0,1,0
4507643,-85.981389,39.857675,1197334960,1,6.0,318.0,2,1,0,0,0,1,0,0,0,A,0,0,1,0
4507644,-85.994979,39.898627,819364011,1,8.0,424.0,2,1,0,0,0,1,0,0,0,A,0,0,1,0
4507645,-86.042788,39.854261,1197313023,1,10.0,530.0,2,1,0,0,0,1,0,0,0,A,0,0,1,0
4507646,-86.064508,39.846422,1196419187,1,4.0,320.0,1,1,0,0,0,1,0,0,0,A,0,0,1,0
4507647,-86.067477,39.880946,1050275157,1,8.0,424.0,2,1,0,0,0,1,0,0,0,A,0,0,1,0
4507648,-86.058526,39.893554,19503104,1,2.0,106.0,1,1,0,0,0,1,0,0,0,O,0,0,1,0
4507649,-85.958129,39.872632,1196411790,1,8.0,424.0,1,1,0,0,0,0,1,0,0,A,0,0,1,0
4507652,-86.042591,39.889493,1279069282,1,4.0,212.0,1,1,0,0,0,1,0,0,0,E,0,0,1,0
4507653,-86.05713,39.83374,1279074745,1,2.0,106.0,1,1,0,0,0,0,1,0,0,A,0,0,1,0
4507656,-86.01278,40.047051,19490882,1,4.0,212.0,1,1,0,0,0,0,1,0,0,A,0,0,1,0
4507657,-86.118397,39.839716,1278804993,1,2.0,106.0,1,1,0,0,0,0,1,0,0,O,0,0,1,0
