WEEK#,STOP ID,PIECES,VOLUME,BEF_WK_CD,AFT_WK_CD,WK_FREQUENCY,BEF_MON,BEF_TUE,BEF_WED,BEF_THU,BEF_FRI,BEF_SAT,BEF_SUN,AFT_MON,AFT_TUE,AFT_WED,AFT_THU,AFT_FRI,AFT_SAT,AFT_SUN,CHANGED
1,4506143,1,6.00,A,A,3,1,0,1,0,1,0,0,1,0,1,0,1,0,0,0
1,4505319,1,8.00,A,A,5,1,1,1,1,1,0,0,1,1,1,1,1,0,0,0
1,4505593,1,2.00,A,A,3,1,0,1,0,1,0,0,1,0,1,0,1,0,0,0
1,4506079,1,8.00,A,A,4,1,1,0,1,1,0,0,1,1,0,1,1,0,0,0
1,4506207,1,4.00,A,A,3,1,0,1,0,1,0,0,1,0,1,0,1,0,0,0
1,4506203,1,6.00,A,A,5,1,1,1,1,1,0,0,1,1,1,1,1,0,0,0
1,4505519,1,6.00,A,A,5,1,1,1,1,1,0,0,1,1,1,1,1,0,0,0
1,4505446,1,10.00,A,A,3,1,0,1,0,1,0,0,1,0,1,0,1,0,0,0
1,4506298,1,10.00,A,A,3,1,0,1,1,0,0,0,1,0,1,1,0,0,0,0
1,4505930,1,8.00,A,A,3,1,0,1,0,1,0,0,1,0,1,0,1,0,0,0
1,4505926,1,4.00,A,A,3,1,0,1,0,1,0,0,1,0,1,0,1,0,0,0
1,4506521,1,8.00,A,A,3,1,0,1,0,1,0,0,1,0,1,0,1,0,0,0
1,4506176,1,6.00,A,A,2,1,0,1,0,0,0,0,1,0,1,0,0,0,0,0
1,4505906,1,3.00,A,A,3,1,0,1,0,1,0,0,1,0,1,0,1,0,0,0
1,4505256,1,8.00,A,A,5,1,1,1,1,1,0,0,1,1,1,1,1,0,0,0
1,4506395,2,16.00,A,A,2,1,0,0,1,0,0,0,1,0,0,1,0,0,0,0
1,4506020,1,8.00,A,A,5,1,1,1,1,1,0,0,1,1,1,1,1,0,0,0
1,4505877,1,8.00,A,A,5,1,1,1,1,1,0,0,1,1,1,1,1,0,0,0
1,4505797,1,8.00,A,A,3,1,0,1,0,1,0,0,1,0,1,0,1,0,0,0
1,4505773,1,8.00,A,A,3,1,0,1,0,1,0,0,1,0,1,0,1,0,0,0
1,4505613,1,6.00,A,A,3,1,0,1,0,1,0,0,1,0,1,0,1,0,0,0
1,4505572,2,8.00,A,A,3,1,0,1,0,1,0,0,1,0,1,0,1,0,0,0
1,4505994,1,8.00,A,A,3,1,0,1,0,1,0,0,1,0,1,0,1,0,0,0
1,4506391,1,8.00,A,A,3,1,0,1,0,1,0,0,1,0,1,0,1,0,0,0
1,4506363,1,8.00,A,A,3,1,0,1,0,1,0,0,1,0,1,0,1,0,0,0
1,4506297,1,8.00,A,A,3,1,0,1,0,1,0,0,1,0,1,0,1,0,0,0
1,4506208,6,48.00,A,A,3,1,0,1,0,1,0,0,1,0,1,0,1,0,0,0
1,4506144,1,8.00,A,A,5,1,1,1,1,1,0,0,1,1,1,1,1,0,0,0
1,4505874,1,10.00,A,A,3,1,0,1,0,1,0,0,1,0,1,0,1,0,0,0
1,4505597,1,4.00,A,A,3,1,0,1,0,1,0,0,1,0,1,0,1,0,0,0
1,4505362,4,16.00,A,A,5,1,1,1,1,1,0,0,1,1,1,1,1,0,0,0
1,4506114,1,4.00,A,A,3,1,0,1,0,1,0,0,1,0,1,0,1,0,0,0
1,4505598,1,6.00,A,A,3,1,0,1,0,1,0,0,1,0,1,0,1,0,0,0
1,4505729,1,4.00,A,A,3,1,0,1,0,1,0,0,1,0,1,0,1,0,0,0
1,4505338,1,6.00,A,A,3,1,0,1,0,1,0,0,1,0,1,0,1,0,0,0
1,4506050,1,8.00,A,A,4,1,1,0,1,1,0,0,1,1,0,1,1,0,0,0
1,4506369,1,6.00,A,A,3,1,0,1,0,1,0,0,1,0,1,0,1,0,0,0
1,4505883,1,2.00,A,A,3,1,0,1,0,1,0,0,1,0,1,0,1,0,0,0
1,4505404,1,10.00,A,A,5,1,1,1,1,1,0,0,1,1,1,1,1,0,0,0
1,4506739,1,8.00,A,A,3,1,0,1,0,1,0,0,1,0,1,0,1,0,0,0
1,4505543,2,8.00,A,A,5,1,1,1,1,1,0,0,1,1,1,1,1,0,0,0
1,4505303,1,8.00,A,A,5,1,1,1,1,1,0,0,1,1,1,1,1,0,0,0
1,4505837,2,8.00,A,A,5,1,1,1,1,1,0,0,1,1,1,1,1,0,0,0
1,4505336,2,16.00,A,A,3,1,0,1,0,1,0,0,1,0,1,0,1,0,0,0
1,4505302,1,4.00,A,A,3,1,0,1,0,1,0,0,1,0,1,0,1,0,0,0
1,4505224,1,2.00,A,A,3,1,0,1,0,1,0,0,1,0,1,0,1,0,0,0
1,4506117,2,12.00,A,A,3,1,0,1,0,1,0,0,1,0,1,0,1,0,0,0
1,4506299,1,10.00,A,A,3,1,0,1,0,1,0,0,1,0,1,0,1,0,0,0
1,4506057,1,8.00,A,A,3,1,0,1,0,1,0,0,1,0,1,0,1,0,0,0
1,4506736,1,8.00,A,A,3,1,1,0,0,1,0,0,1,1,0,0,1,0,0,0
1,4506703,2,12.00,A,A,3,1,0,1,0,1,0,0,1,0,1,0,1,0,0,0
1,4506580,1,10.00,A,A,4,1,0,1,1,1,0,0,1,0,1,1,1,0,0,0
1,4505768,1,6.00,A,A,3,1,0,1,0,1,0,0,1,0,1,0,1,0,0,0
1,4505642,1,6.00,A,A,2,1,0,0,0,1,0,0,1,0,0,0,1,0,0,0
1,4505612,2,16.00,A,A,3,1,0,1,0,1,0,0,1,0,1,0,1,0,0,0
1,4505544,1,8.00,A,A,3,1,0,1,0,1,0,0,1,0,1,0,1,0,0,0
1,4505864,2,16.00,A,A,5,1,1,1,1,1,0,0,1,1,1,1,1,0,0,0
1,4506115,1,4.00,A,A,3,1,0,1,0,1,0,0,1,0,1,0,1,0,0,0
1,4505665,1,8.00,A,A,3,1,0,1,0,1,0,0,1,0,1,0,1,0,0,0
1,4506611,1,8.00,A,A,2,1,0,1,0,0,0,0,1,0,1,0,0,0,0,0
1,4506451,1,4.00,A,A,3,1,0,1,0,1,0,0,1,0,1,0,1,0,0,0
1,4506420,1,8.00,A,A,5,1,1,1,1,1,0,0,1,1,1,1,1,0,0,0
1,4506177,1,8.00,A,A,3,1,0,1,0,1,0,0,1,0,1,0,1,0,0,0
1,4506581,1,4.00,A,A,3,1,0,1,0,1,0,0,1,0,1,0,1,0,0,0
1,4505911,1,3.00,A,A,3,1,0,1,0,1,0,0,1,0,1,0,1,0,0,0
1,4505540,2,16.00,A,A,5,1,1,1,1,1,0,0,1,1,1,1,1,0,0,0
1,4506614,1,8.00,A,A,3,1,0,1,0,1,0,0,1,0,1,0,1,0,0,0
1,4506330,1,8.00,A,A,5,1,1,1,1,1,0,0,1,1,1,1,1,0,0,0
1,4506328,1,8.00,A,A,3,1,0,1,0,1,0,0,1,0,1,0,1,0,0,0
1,4506242,1,8.00,A,A,5,1,1,1,1,1,0,0,1,1,1,1,1,0,0,0
1,4506054,1,24.00,A,A,5,1,1,1,1,1,0,0,1,1,1,1,1,0,0,0
1,4505935,1,18.00,A,A,3,1,0,1,0,1,0,0,1,0,1,0,1,0,0,0
1,4505817,1,2.00,A,A,3,1,0,1,1,0,0,0,1,0,1,1,0,0,0,0
1,4505463,1,10.00,A,A,5,1,1,1,1,1,0,0,1,1,1,1,1,0,0,0
1,4505340,1,8.00,A,A,3,1,0,1,0,1,0,0,1,0,1,0,1,0,0,0
1,4505425,1,3.00,A,A,3,1,0,1,0,1,0,0,1,0,1,0,1,0,0,0
1,4505465,2,20.00,A,A,5,1,1,1,1,1,0,0,1,1,1,1,1,0,0,0
1,4506018,1,4.00,A,A,3,1,0,1,0,1,0,0,1,0,1,0,1,0,0,0
1,4505857,2,8.00,A,A,1,1,0,0,0,0,0,0,1,0,0,0,0,0,0,0
1,4506483,2,16.00,A,A,5,1,1,1,1,1,0,0,1,1,1,1,1,0,0,0
1,4505879,1,4.00,A,A,3,1,1,1,0,0,0,0,1,1,1,0,0,0,0,0
1,4506116,1,3.00,A,A,3,1,0,1,0,1,0,0,1,0,1,0,1,0,0,0
1,4506059,1,8.00,A,A,3,1,0,1,0,1,0,0,1,0,1,0,1,0,0,0
1,4506329,1,2.00,A,A,3,1,0,1,0,1,0,0,1,0,1,0,1,0,0,0
1,4506111,1,8.00,A,A,3,1,0,1,0,1,0,0,1,0,1,0,1,0,0,0
1,4505539,1,4.00,A,A,3,1,0,1,0,1,0,0,1,0,1,0,1,0,0,0
1,4505796,1,8.00,A,A,3,1,0,1,0,1,0,0,1,0,1,0,1,0,0,0
1,4506429,2,16.00,A,A,3,1,0,1,0,1,0,0,1,0,1,0,1,0,0,0
1,4506148,2,20.00,A,A,5,1,1,1,1,1,0,0,1,1,1,1,1,0,0,0
1,4506456,2,16.00,A,A,3,1,0,1,0,1,0,0,1,0,1,0,1,0,0,0
1,4505595,1,10.00,A,A,3,1,0,1,0,1,0,0,1,0,1,0,1,0,0,0
1,4505494,1,6.00,A,A,3,1,0,1,0,1,0,0,1,0,1,0,1,0,0,0
1,4505298,1,8.00,A,A,3,1,0,1,0,1,0,0,1,0,1,0,1,0,0,0
1,4506147,1,4.00,A,A,3,1,0,1,0,1,0,0,1,0,1,0,1,0,0,0
1,4505252,1,8.00,A,A,3,1,0,1,0,1,0,0,1,0,1,0,1,0,0,0
1,4505902,3,24.00,A,A,3,1,0,1,0,1,0,0,1,0,1,0,1,0,0,0
1,4506019,1,10.00,A,A,3,1,0,1,0,1,0,0,1,0,1,0,1,0,0,0
1,4505704,1,8.00,A,A,3,1,0,1,1,0,0,0,1,0,1,1,0,0,0,0
1,4505813,21,84.00,A,A,4,1,0,1,1,1,0,0,1,0,1,1,1,0,0,0
1,4506668,1,8.00,A,A,5,1,1,1,1,1,0,0,1,1,1,1,1,0,0,0
1,4506241,3,24.00,A,A,5,1,1,1,1,1,0,0,1,1,1,1,1,0,0,0
1,4506268,1,6.00,A,A,3,1,0,1,0,1,0,0,1,0,1,0,1,0,0,0
1,4505799,2,8.00,A,A,4,1,1,1,0,1,0,0,1,1,1,0,1,0,0,0
1,4505816,1,8.00,A,A,3,1,0,1,0,1,0,0,1,0,1,0,1,0,0,0
1,4505562,1,8.00,A,A,3,1,0,1,0,1,0,0,1,0,1,0,1,0,0,0
1,4505541,1,4.00,A,A,5,1,1,1,1,1,0,0,1,1,1,1,1,0,0,0
1,4505932,1,4.00,A,A,4,1,1,0,1,1,0,0,1,1,0,1,1,0,0,0
1,4505955,1,4.00,A,A,4,1,1,1,0,1,0,0,1,1,1,0,1,0,0,0
1,4505835,1,4.00,A,A,3,1,0,1,0,1,0,0,1,0,1,0,1,0,0,0
1,4505819,1,4.00,A,A,3,1,0,1,0,1,0,0,1,0,1,0,1,0,0,0
1,4506234,1,8.00,A,A,5,1,1,1,1,1,0,0,1,1,1,1,1,0,0,0
1,4505846,2,20.00,A,A,5,1,1,1,1,1,0,0,1,1,1,1,1,0,0,0
1,4505491,2,16.00,A,A,3,1,0,1,0,1,0,0,1,0,1,0,1,0,0,0
1,4505517,1,8.00,A,A,3,1,0,1,0,1,0,0,1,0,1,0,1,0,0,0
1,4505229,12,24.00,A,A,3,1,0,1,0,1,0,0,1,0,1,0,1,0,0,0
1,4506300,1,3.00,A,A,3,1,0,1,0,1,0,0,1,0,1,0,1,0,0,0
1,4506455,1,6.00,A,A,3,1,0,1,0,1,0,0,1,0,1,0,1,0,0,0
1,4506397,1,4.00,A,A,3,1,0,1,0,1,0,0,1,0,1,0,1,0,0,0
1,4505495,1,6.00,A,A,5,1,1,1,1,1,0,0,1,1,1,1,1,0,0,0
1,4505402,1,4.00,A,A,3,1,0,1,0,1,0,0,1,0,1,0,1,0,0,0
1,4506702,15,120.00,A,A,3,1,0,1,0,1,0,0,1,0,1,0,1,0,0,0
1,4505343,1,8.00,A,A,3,1,0,1,0,1,0,0,1,0,1,0,1,0,0,0
1,4505798,1,10.00,A,A,5,1,1,1,1,1,0,0,1,1,1,1,1,0,0,0
1,4506550,4,32.00,A,A,4,1,1,0,1,1,0,0,1,1,0,1,1,0,0,0
1,4505839,1,6.00,A,A,3,1,0,1,0,1,0,0,1,0,1,0,1,0,0,0
1,4505365,1,6.00,A,A,5,1,1,1,1,1,0,0,1,1,1,1,1,0,0,0
1,4505471,1,8.00,A,A,3,1,0,1,0,1,0,0,1,0,1,0,1,0,0,0
1,4505206,4,32.00,A,A,5,1,1,1,1,1,0,0,1,1,1,1,1,0,0,0
1,4505898,1,8.00,A,A,3,1,0,1,0,1,0,0,1,0,1,0,1,0,0,0
1,4505277,2,16.00,A,A,3,1,0,1,0,1,0,0,1,0,1,0,1,0,0,0
1,4505253,1,8.00,A,A,3,1,0,1,0,1,0,0,1,0,1,0,1,0,0,0
1,4506396,10,60.00,A,A,2,1,0,0,1,0,0,0,1,0,0,1,0,0,0,0
1,4505913,3,6.00,A,A,3,1,0,1,0,1,0,0,1,0,1,0,1,0,0,0
1,4505422,1,10.00,A,A,5,1,1,1,1,1,0,0,1,1,1,1,1,0,0,0
1,4506793,3,6.00,A,A,3,1,0,1,0,1,0,0,1,0,1,0,1,0,0,0
1,4505426,1,4.00,A,A,4,1,0,1,1,1,0,0,1,0,1,1,1,0,0,0
1,4506029,1,8.00,A,A,5,1,1,1,1,1,0,0,1,1,1,1,1,0,0,0
1,4506336,1,8.00,A,A,3,1,0,1,0,1,0,0,1,0,1,0,1,0,0,0
1,4505279,1,8.00,A,A,3,1,0,1,0,1,0,0,1,0,1,0,1,0,0,0
1,4506270,1,2.00,A,A,3,1,0,1,0,1,0,0,1,0,1,0,1,0,0,0
1,4506120,1,8.00,A,A,3,1,0,1,0,1,0,0,1,0,1,0,1,0,0,0
1,4506737,3,18.00,A,A,3,1,0,1,0,1,0,0,1,0,1,0,1,0,0,0
1,4506333,1,4.00,A,A,3,1,0,1,0,1,0,0,1,0,1,0,1,0,0,0
1,4505280,1,4.00,A,A,5,1,1,1,1,1,0,0,1,1,1,1,1,0,0,0
1,4505903,1,8.00,A,A,2,1,0,1,0,0,0,0,1,0,1,0,0,0,0,0
1,4505890,2,16.00,A,A,5,1,1,1,1,1,0,0,1,1,1,1,1,0,0,0
1,4505523,1,18.00,A,A,3,1,0,1,0,1,0,0,1,0,1,0,1,0,0,0
1,4506119,1,4.00,A,A,3,1,0,1,0,1,0,0,1,0,1,0,1,0,0,0
1,4505386,1,8.00,A,A,3,1,0,1,0,1,0,0,1,0,1,0,1,0,0,0
1,4505341,1,6.00,A,A,3,1,0,1,0,1,0,0,1,0,1,0,1,0,0,0
1,4505734,6,48.00,A,A,4,1,1,0,1,1,0,0,1,1,0,1,1,0,0,0
1,4505388,1,10.00,A,A,5,1,1,1,1,1,0,0,1,1,1,1,1,0,0,0
1,4506545,1,6.00,A,A,3,1,0,1,0,1,0,0,1,0,1,0,1,0,0,0
1,4506517,1,10.00,A,A,3,1,0,1,0,1,0,0,1,0,1,0,1,0,0,0
1,4505633,1,8.00,A,A,3,1,0,1,0,1,0,0,1,0,1,0,1,0,0,0
1,4505616,1,8.00,A,A,5,1,1,1,1,1,0,0,1,1,1,1,1,0,0,0
1,4505596,1,8.00,A,A,5,1,1,1,1,1,0,0,1,1,1,1,1,0,0,0
1,4505910,15,60.00,A,A,5,1,1,1,1,1,0,0,1,1,1,1,1,0,0,0
1,4505493,1,8.00,A,A,3,1,0,1,0,1,0,0,1,0,1,0,1,0,0,0
1,4506797,1,8.00,A,A,3,1,0,1,0,1,0,0,1,0,1,0,1,0,0,0
1,4505928,1,6.00,A,A,3,1,0,1,0,1,0,0,1,0,1,0,1,0,0,0
1,4506426,1,8.00,A,A,3,1,0,1,0,1,0,0,1,0,1,0,1,0,0,0
1,4505688,1,8.00,A,A,5,1,1,1,1,1,0,0,1,1,1,1,1,0,0,0
1,4505406,5,10.00,A,A,5,1,1,1,1,1,0,0,1,1,1,1,1,0,0,0
1,4505571,7,56.00,A,A,3,1,0,1,0,1,0,0,1,0,1,0,1,0,0,0
1,4506110,2,16.00,A,A,3,1,0,1,0,1,0,0,1,0,1,0,1,0,0,0
1,4505858,2,8.00,A,A,5,1,1,1,1,1,0,0,1,1,1,1,1,0,0,0
1,4505775,1,4.00,A,A,3,1,0,1,0,1,0,0,1,0,1,0,1,0,0,0
1,4505472,1,8.00,A,A,3,1,0,1,0,1,0,0,1,0,1,0,1,0,0,0
1,4505709,1,10.00,A,A,3,1,0,1,0,1,0,0,1,0,1,0,1,0,0,0
1,4505497,2,20.00,A,A,5,1,1,1,1,1,0,0,1,1,1,1,1,0,0,0
1,4505641,1,4.00,A,A,5,1,1,1,1,1,0,0,1,1,1,1,1,0,0,0
1,4505420,1,3.00,A,A,3,1,0,1,0,1,0,0,1,0,1,0,1,0,0,0
1,4505659,1,6.00,A,A,3,1,0,1,0,1,0,0,1,0,1,0,1,0,0,0
1,4506516,1,8.00,A,A,5,1,1,1,1,1,0,0,1,1,1,1,1,0,0,0
1,4505297,1,4.00,A,A,3,1,0,1,0,1,0,0,1,0,1,0,1,0,0,0
1,4505498,1,8.00,A,A,5,1,1,1,1,1,0,0,1,1,1,1,1,0,0,0
1,4506269,2,16.00,A,A,3,1,0,1,0,1,0,0,1,0,1,0,1,0,0,0
1,4505925,1,8.00,A,A,3,1,0,1,0,1,0,0,1,0,1,0,1,0,0,0
1,4506454,2,16.00,A,A,3,1,0,1,0,1,0,0,1,0,1,0,1,0,0,0
1,4506182,1,10.00,A,A,5,1,1,1,1,1,0,0,1,1,1,1,1,0,0,0
1,4506639,1,3.00,A,A,3,1,0,1,0,1,0,0,1,0,1,0,1,0,0,0
1,4505424,1,8.00,A,A,3,1,0,1,0,1,0,0,1,0,1,0,1,0,0,0
1,4505515,1,8.00,A,A,3,1,0,1,0,1,0,0,1,0,1,0,1,0,0,0
1,4505255,1,8.00,A,A,3,1,0,1,0,1,0,0,1,0,1,0,1,0,0,0
1,4505684,1,8.00,A,A,5,1,1,1,1,1,0,0,1,1,1,1,1,0,0,0
1,4505451,2,16.00,A,A,5,1,1,1,1,1,0,0,1,1,1,1,1,0,0,0
1,4505886,1,10.00,A,A,3,1,0,1,0,1,0,0,1,0,1,0,1,0,0,0
1,4505820,1,8.00,A,A,3,1,1,0,1,0,0,0,1,1,0,1,0,0,0,0
1,4505711,2,20.00,A,A,5,1,1,1,1,1,0,0,1,1,1,1,1,0,0,0
1,4505888,1,8.00,A,A,3,1,0,1,0,1,0,0,1,0,1,0,1,0,0,0
1,4506048,1,8.00,A,A,3,1,0,1,0,1,0,0,1,0,1,0,1,0,0,0
1,4505496,1,8.00,A,A,3,1,0,1,0,1,0,0,1,0,1,0,1,0,0,0
1,4505614,2,16.00,A,A,3,1,0,1,0,1,0,0,1,0,1,0,1,0,0,0
1,4505685,1,4.00,A,A,3,1,0,1,0,1,0,0,1,0,1,0,1,0,0,0
1,4505640,1,10.00,A,A,3,1,0,1,0,1,0,0,1,0,1,0,1,0,0,0
1,4505793,1,10.00,A,A,5,1,1,1,1,1,0,0,1,1,1,1,1,0,0,0
1,4505878,1,8.00,A,A,3,1,0,1,0,1,0,0,1,0,1,0,1,0,0,0
1,4506091,2,16.00,A,A,3,1,0,1,0,1,0,0,1,0,1,0,1,0,0,0
1,4505359,1,8.00,A,A,5,1,1,1,1,1,0,0,1,1,1,1,1,0,0,0
1,4505997,1,6.00,A,A,3,1,0,1,0,1,0,0,1,0,1,0,1,0,0,0
1,4506240,1,8.00,A,A,3,1,0,1,0,1,0,0,1,0,1,0,1,0,0,0
1,4505536,1,8.00,A,A,3,1,0,1,0,1,0,0,1,0,1,0,1,0,0,0
1,4506212,1,8.00,A,A,5,1,1,1,1,1,0,0,1,1,1,1,1,0,0,0
1,4505431,1,6.00,A,A,3,1,0,1,0,1,0,0,1,0,1,0,1,0,0,0
1,4505986,8,24.00,A,A,4,1,1,0,1,1,0,0,1,1,0,1,1,0,0,0
1,4506700,1,4.00,A,A,5,1,1,1,1,1,0,0,1,1,1,1,1,0,0,0
1,4505772,1,10.00,A,A,3,1,0,0,1,1,0,0,1,0,0,1,1,0,0,0
1,4505245,1,4.00,A,A,3,1,0,1,0,1,0,0,1,0,1,0,1,0,0,0
1,4506638,4,24.00,A,A,3,1,0,1,0,1,0,0,1,0,1,0,1,0,0,0
1,4506669,1,4.00,A,A,3,1,0,1,0,1,0,0,1,0,1,0,1,0,0,0
1,4506701,1,8.00,A,A,3,1,0,1,0,1,0,0,1,0,1,0,1,0,0,0
1,4506485,4,16.00,A,A,3,1,0,1,0,1,0,0,1,0,1,0,1,0,0,0
1,4506235,1,6.00,A,A,5,1,1,1,1,1,0,0,1,1,1,1,1,0,0,0
1,4506236,2,16.00,A,A,3,1,0,1,0,1,0,0,1,0,1,0,1,0,0,0
1,4505516,1,3.00,A,A,3,1,0,1,0,1,0,0,1,0,1,0,1,0,0,0
1,4506327,2,8.00,A,A,5,1,1,1,1,1,0,0,1,1,1,1,1,0,0,0
1,4505841,1,3.00,A,A,4,1,1,0,1,1,0,0,1,1,0,1,1,0,0,0
1,4505639,1,6.00,A,A,3,1,0,1,0,1,0,0,1,0,1,0,1,0,0,0
1,4505205,1,8.00,A,A,5,1,1,1,1,1,0,0,1,1,1,1,1,0,0,0
1,4506175,1,8.00,A,A,3,1,0,1,0,1,0,0,1,0,1,0,1,0,0,0
1,4505873,2,8.00,A,A,3,1,0,1,0,1,0,0,1,0,1,0,1,0,0,0
1,4505812,1,8.00,A,A,4,1,0,1,1,1,0,0,1,0,1,1,1,0,0,0
1,4505959,4,32.00,A,A,5,1,1,1,1,1,0,0,1,1,1,1,1,0,0,0
1,4505405,1,8.00,A,A,3,1,0,1,0,1,0,0,1,0,1,0,1,0,0,0
1,4505730,2,16.00,A,A,2,1,0,0,1,0,0,0,1,0,0,1,0,0,0,0
1,4505246,1,8.00,A,A,2,1,0,0,1,0,0,0,1,0,0,1,0,0,0,0
1,4506488,1,8.00,A,A,3,1,0,1,0,1,0,0,1,0,1,0,1,0,0,0
1,4505227,2,16.00,A,A,3,1,0,1,0,1,0,0,1,0,1,0,1,0,0,0
1,4506332,1,8.00,A,A,4,1,1,0,1,1,0,0,1,1,0,1,1,0,0,0
1,4506053,1,8.00,A,A,3,1,0,1,0,1,0,0,1,0,1,0,1,0,0,0
1,4505202,1,4.00,A,A,3,1,0,1,0,1,0,0,1,0,1,0,1,0,0,0
1,4505845,1,8.00,A,A,5,1,1,1,1,1,0,0,1,1,1,1,1,0,0,0
1,4506461,1,8.00,A,A,5,1,1,1,1,1,0,0,1,1,1,1,1,0,0,0
1,4506118,20,160.00,A,A,5,1,1,1,1,1,0,0,1,1,1,1,1,0,0,0
1,4505859,1,8.00,A,A,3,1,0,1,0,1,0,0,1,0,1,0,1,0,0,0
1,4506519,1,6.00,A,A,3,1,0,1,0,1,0,0,1,0,1,0,1,0,0,0
1,4505568,1,8.00,A,A,5,1,1,1,1,1,0,0,1,1,1,1,1,0,0,0
1,4506359,1,10.00,A,A,3,1,0,1,0,1,0,0,1,0,1,0,1,0,0,0
1,4505609,4,16.00,A,A,5,1,1,1,1,1,0,0,1,1,1,1,1,0,0,0
1,4505876,7,56.00,A,A,3,1,0,1,0,1,0,0,1,0,1,0,1,0,0,0
1,4505838,1,8.00,A,A,5,1,1,1,1,1,0,0,1,1,1,1,1,0,0,0
1,4505383,3,30.00,A,A,5,1,1,1,1,1,0,0,1,1,1,1,1,0,0,0
1,4506738,4,16.00,A,A,3,1,0,1,0,1,0,0,1,0,1,0,1,0,0,0
1,4506798,7,56.00,A,A,3,1,0,1,0,1,0,0,1,0,1,0,1,0,0,0
1,4506360,2,12.00,A,A,3,1,0,1,0,1,0,0,1,0,1,0,1,0,0,0
1,4505854,1,6.00,A,A,5,1,1,1,1,1,0,0,1,1,1,1,1,0,0,0
1,4506238,1,6.00,A,A,5,1,1,1,1,1,0,0,1,1,1,1,1,0,0,0
1,4505909,1,10.00,A,A,5,1,1,1,1,1,0,0,1,1,1,1,1,0,0,0
1,4505300,1,8.00,A,A,3,1,0,1,0,1,0,0,1,0,1,0,1,0,0,0
1,4505991,1,6.00,A,A,5,1,1,1,1,1,0,0,1,1,1,1,1,0,0,0
1,4505448,1,3.00,A,A,3,1,0,1,0,1,0,0,1,0,1,0,1,0,0,0
1,4505363,3,9.00,A,A,3,1,0,1,0,1,0,0,1,0,1,0,1,0,0,0
1,4505660,2,16.00,A,A,3,1,0,1,0,1,0,0,1,0,1,0,1,0,0,0
1,4506548,1,10.00,A,A,3,1,0,1,0,1,0,0,1,0,1,0,1,0,0,0
1,4506612,1,4.00,A,A,3,1,0,1,0,1,0,0,1,0,1,0,1,0,0,0
1,4505276,1,8.00,A,A,3,1,0,1,0,1,0,0,1,0,1,0,1,0,0,0
1,4505518,1,6.00,A,A,3,1,0,1,0,1,0,0,1,0,1,0,1,0,0,0
1,4505323,1,4.00,A,A,3,1,0,1,0,1,0,0,1,0,1,0,1,0,0,0
1,4505564,1,8.00,A,A,3,1,0,1,0,1,0,0,1,0,1,0,1,0,0,0
1,4506088,5,30.00,A,A,3,1,0,1,0,1,0,0,1,0,1,0,1,0,0,0
1,4506180,4,32.00,A,A,3,1,0,1,0,1,0,0,1,0,1,0,1,0,0,0
1,4506301,1,8.00,A,A,3,1,0,1,0,1,0,0,1,0,1,0,1,0,0,0
1,4506303,2,16.00,A,A,5,1,1,1,1,1,0,0,1,1,1,1,1,0,0,0
1,4506085,1,8.00,A,A,2,1,0,0,1,0,0,0,1,0,0,1,0,0,0,0
1,4506305,2,16.00,A,A,3,1,0,1,0,1,0,0,1,0,1,0,1,0,0,0
1,4506544,1,3.00,A,A,3,1,0,1,0,1,0,0,1,0,1,0,1,0,0,0
1,4506607,1,8.00,A,A,3,1,0,1,0,1,0,0,1,0,1,0,1,0,0,0
1,4505663,3,24.00,A,A,3,1,0,1,0,1,0,0,1,0,1,0,1,0,0,0
1,4505254,1,10.00,A,A,5,1,1,1,1,1,0,0,1,1,1,1,1,0,0,0
1,4506113,1,4.00,A,A,2,1,0,0,1,0,0,0,1,0,0,1,0,0,0,0
1,4505968,1,6.00,A,A,3,1,0,1,0,1,0,0,1,0,1,0,1,0,0,0
1,4506087,10,80.00,A,A,3,1,0,1,0,1,0,0,1,0,1,0,1,0,0,0
1,4506150,1,3.00,A,A,3,1,0,1,0,1,0,0,1,0,1,0,1,0,0,0
1,4506239,1,8.00,A,A,5,1,1,1,1,1,0,0,1,1,1,1,1,0,0,0
1,4506641,1,6.00,A,A,3,1,0,1,0,1,0,0,1,0,1,0,1,0,0,0
1,4505274,2,16.00,A,A,5,1,1,1,1,1,0,0,1,1,1,1,1,0,0,0
1,4505792,1,3.00,A,A,3,1,0,1,0,1,0,0,1,0,1,0,1,0,0,0
1,4505870,1,6.00,A,A,3,1,0,1,0,1,0,0,1,0,1,0,1,0,0,0
1,4505938,2,16.00,A,A,5,1,1,1,1,1,0,0,1,1,1,1,1,0,0,0
1,4505969,4,24.00,A,A,4,1,0,1,1,1,0,0,1,0,1,1,1,0,0,0
1,4505638,1,4.00,A,A,3,1,0,1,0,1,0,0,1,0,1,0,1,0,0,0
1,4505988,1,6.00,A,A,5,1,1,1,1,1,0,0,1,1,1,1,1,0,0,0
1,4506304,5,20.00,A,A,3,1,0,1,0,1,0,0,1,0,1,0,1,0,0,0
1,4506082,2,16.00,A,A,3,1,0,1,0,1,0,0,1,0,1,0,1,0,0,0
1,4506575,1,8.00,A,A,5,1,1,1,1,1,0,0,1,1,1,1,1,0,0,0
1,4506080,1,8.00,A,A,3,1,1,0,1,0,0,0,1,1,0,1,0,0,0,0
1,4506302,18,72.00,A,A,3,1,0,1,0,1,0,0,1,0,1,0,1,0,0,0
1,4506610,10,80.00,A,A,3,1,0,1,0,1,0,0,1,0,1,0,1,0,0,0
1,4505681,1,8.00,A,A,3,1,0,1,0,1,0,0,1,0,1,0,1,0,0,0
1,4506399,2,8.00,A,A,5,1,1,1,1,1,0,0,1,1,1,1,1,0,0,0
1,4505989,1,8.00,A,A,5,1,1,1,1,1,0,0,1,1,1,1,1,0,0,0
1,4506577,2,8.00,A,A,3,1,0,1,0,1,0,0,1,0,1,0,1,0,0,0
1,4506762,1,8.00,A,A,3,1,0,1,0,1,0,0,1,0,1,0,1,0,0,0
1,4506141,1,10.00,A,A,5,1,1,1,1,1,0,0,1,1,1,1,1,0,0,0
1,4506022,1,8.00,A,A,3,1,0,1,0,1,0,0,1,0,1,0,1,0,0,0
1,4505966,13,52.00,A,A,5,1,1,1,1,1,0,0,1,1,1,1,1,0,0,0
1,4505590,1,6.00,A,A,3,1,0,1,0,1,0,0,1,0,1,0,1,0,0,0
1,4506583,18,144.00,A,A,3,1,0,1,0,1,0,0,1,0,1,0,1,0,0,0
1,4506089,1,6.00,A,A,3,1,0,1,0,1,0,0,1,0,1,0,1,0,0,0
1,4505378,1,6.00,A,A,4,1,1,0,1,1,0,0,1,1,0,1,1,0,0,0
1,4505712,1,8.00,A,A,2,1,0,0,1,0,0,0,1,0,0,1,0,0,0,0
1,4506179,1,8.00,A,A,3,1,0,1,0,1,0,0,1,0,1,0,1,0,0,0
1,4506549,1,6.00,A,A,3,1,0,1,0,1,0,0,1,0,1,0,1,0,0,0
1,4505615,1,8.00,A,A,5,1,1,1,1,1,0,0,1,1,1,1,1,0,0,0
1,4505367,2,16.00,A,A,5,1,1,1,1,1,0,0,1,1,1,1,1,0,0,0
1,4505844,1,8.00,A,A,3,1,0,1,0,1,0,0,1,0,1,0,1,0,0,0
1,4505662,2,16.00,A,A,5,1,1,1,1,1,0,0,1,1,1,1,1,0,0,0
1,4505542,1,6.00,A,A,3,1,0,1,0,1,0,0,1,0,1,0,1,0,0,0
1,4505993,1,8.00,A,A,3,1,0,1,0,1,0,0,1,0,1,0,1,0,0,0
1,4505566,1,4.00,A,A,5,1,1,1,1,1,0,0,1,1,1,1,1,0,0,0
1,4506205,1,3.00,A,A,3,1,0,1,0,1,0,0,1,0,1,0,1,0,0,0
1,4505361,1,10.00,A,A,4,1,0,1,1,1,0,0,1,0,1,1,1,0,0,0
1,4505521,1,8.00,A,A,3,1,0,1,0,1,0,0,1,0,1,0,1,0,0,0
1,4505565,1,4.00,A,A,3,1,0,1,0,1,0,0,1,0,1,0,1,0,0,0
1,4505800,1,8.00,A,A,3,1,0,1,0,1,0,0,1,0,1,0,1,0,0,0
1,4505904,2,16.00,A,A,3,1,0,1,0,1,0,0,1,0,1,0,1,0,0,0
1,4505931,11,88.00,A,A,3,1,0,1,0,1,0,0,1,0,1,0,1,0,0,0
1,4506021,1,8.00,A,A,5,1,1,1,1,1,0,0,1,1,1,1,1,0,0,0
1,4506174,1,6.00,A,A,3,1,0,1,0,1,0,0,1,0,1,0,1,0,0,0
1,4506265,1,8.00,A,A,5,1,1,1,1,1,0,0,1,1,1,1,1,0,0,0
1,4506486,2,12.00,A,A,5,1,1,1,1,1,0,0,1,1,1,1,1,0,0,0
1,4506673,1,10.00,A,A,5,1,1,1,1,1,0,0,1,1,1,1,1,0,0,0
1,4506704,1,8.00,A,A,4,1,0,1,1,1,0,0,1,0,1,1,1,0,0,0
1,4505591,1,6.00,A,A,3,1,0,1,0,1,0,0,1,0,1,0,1,0,0,0
1,4506394,1,4.00,A,A,3,1,0,1,0,1,0,0,1,0,1,0,1,0,0,0
1,4506482,2,16.00,A,A,3,1,0,1,0,1,0,0,1,0,1,0,1,0,0,0
1,4505450,1,10.00,A,A,3,1,0,1,0,1,0,0,1,0,1,0,1,0,0,0
1,4505453,1,8.00,A,A,3,1,0,1,0,1,0,0,1,0,1,0,1,0,0,0
1,4505961,1,4.00,A,A,3,1,0,1,0,1,0,0,1,0,1,0,1,0,0,0
1,4506267,1,6.00,A,A,3,1,0,1,0,1,0,0,1,0,1,0,1,0,0,0
1,4506699,1,8.00,A,A,3,1,0,1,0,1,0,0,1,0,1,0,1,0,0,0
1,4506428,1,8.00,A,A,3,1,0,1,0,1,0,0,1,0,1,0,1,0,0,0
1,4505228,1,4.00,A,A,3,1,0,1,0,1,0,0,1,0,1,0,1,0,0,0
1,4505403,1,8.00,A,A,3,1,0,1,0,1,0,0,1,0,1,0,1,0,0,0
1,4505299,1,4.00,A,A,3,1,0,1,0,1,0,0,1,0,1,0,1,0,0,0
1,4505842,3,24.00,A,A,4,1,0,1,1,1,0,0,1,0,1,1,1,0,0,0
1,4506204,1,4.00,A,A,3,1,0,1,0,1,0,0,1,0,1,0,1,0,0,0
1,4505251,1,6.00,A,A,3,1,0,1,0,1,0,0,1,0,1,0,1,0,0,0
1,4505777,1,8.00,A,A,5,1,1,1,1,1,0,0,1,1,1,1,1,0,0,0
1,4506547,1,8.00,A,A,3,1,0,1,0,1,0,0,1,0,1,0,1,0,0,0
1,4505296,1,3.00,A,A,3,1,0,1,0,1,0,0,1,0,1,0,1,0,0,0
1,4505320,1,4.00,A,A,5,1,1,1,1,1,0,0,1,1,1,1,1,0,0,0
1,4505875,2,12.00,A,A,3,1,0,1,0,1,0,0,1,0,1,0,1,0,0,0
1,4506027,1,6.00,A,A,4,1,0,1,1,1,0,0,1,0,1,1,1,0,0,0
1,4506209,1,6.00,A,A,3,1,0,1,0,1,0,0,1,0,1,0,1,0,0,0
1,4506734,1,6.00,A,A,3,1,0,1,0,1,0,0,1,0,1,0,1,0,0,0
1,4505821,1,8.00,A,A,3,1,0,0,1,1,0,0,1,0,0,1,1,0,0,0
1,4505791,1,8.00,A,A,5,1,1,1,1,1,0,0,1,1,1,1,1,0,0,0
1,4506173,1,4.00,A,A,4,1,1,1,1,0,0,0,1,1,1,1,0,0,0,0
1,4506637,1,8.00,A,A,5,1,1,1,1,1,0,0,1,1,1,1,1,0,0,0
1,4506206,1,8.00,A,A,3,1,0,1,1,0,0,0,1,0,1,1,0,0,0,0
1,4506487,6,24.00,A,A,5,1,1,1,1,1,0,0,1,1,1,1,1,0,0,0
1,4505822,1,6.00,A,A,5,1,1,1,1,1,0,0,1,1,1,1,1,0,0,0
1,4506520,1,10.00,A,A,3,1,0,1,0,1,0,0,1,0,1,0,1,0,0,0
1,4505726,1,3.00,A,A,3,1,0,1,0,1,0,0,1,0,1,0,1,0,0,0
1,4505469,1,8.00,A,A,3,1,1,0,1,0,0,0,1,1,0,1,0,0,0,0
1,4505301,1,8.00,A,A,2,1,0,0,1,0,0,0,1,0,0,1,0,0,0,0
1,4506049,1,6.00,A,A,2,1,0,0,1,0,0,0,1,0,0,1,0,0,0,0
1,4506362,1,3.00,A,A,3,1,0,1,0,1,0,0,1,0,1,0,1,0,0,0
1,4505208,1,8.00,A,A,3,1,0,1,0,1,0,0,1,0,1,0,1,0,0,0
1,4506425,5,40.00,A,A,3,1,0,1,0,1,0,0,1,0,1,0,1,0,0,0
1,4505384,1,6.00,A,A,4,1,0,1,1,1,0,0,1,0,1,1,1,0,0,0
1,4505407,1,8.00,A,A,5,1,1,1,1,1,0,0,1,1,1,1,1,0,0,0
1,4505987,1,8.00,A,A,3,1,0,1,0,1,0,0,1,0,1,0,1,0,0,0
1,4506025,1,8.00,A,A,3,1,0,1,0,1,0,0,1,0,1,0,1,0,0,0
1,4506335,1,6.00,A,A,3,1,0,1,0,1,0,0,1,0,1,0,1,0,0,0
1,4506423,1,10.00,A,A,5,1,1,1,1,1,0,0,1,1,1,1,1,0,0,0
1,4506459,1,8.00,A,A,2,1,0,0,1,0,0,0,1,0,0,1,0,0,0,0
1,4506733,1,8.00,A,A,2,1,0,0,1,0,0,0,1,0,0,1,0,0,0,0
1,4506608,1,10.00,A,A,5,1,1,1,1,1,0,0,1,1,1,1,1,0,0,0
1,4505561,2,16.00,A,A,4,1,1,1,0,1,0,0,1,1,1,0,1,0,0,0
1,4506731,1,10.00,A,A,4,1,0,1,1,1,0,0,1,0,1,1,1,0,0,0
1,4505965,2,16.00,A,A,4,1,0,1,1,1,0,0,1,0,1,1,1,0,0,0
1,4506086,1,8.00,A,A,4,1,0,1,1,1,0,0,1,0,1,1,1,0,0,0
1,4506056,1,8.00,A,A,4,1,0,1,1,1,0,0,1,0,1,1,1,0,0,0
1,4505278,1,8.00,A,A,4,1,1,0,1,1,0,0,1,0,1,1,1,0,0,1
1,4505728,1,8.00,A,A,4,1,1,1,0,1,0,0,1,1,1,0,1,0,0,0
1,4505872,8,32.00,A,A,4,1,0,1,1,1,0,0,1,1,1,0,1,0,0,1
1,4505683,1,6.00,A,A,4,1,0,1,1,1,0,0,1,1,1,0,1,0,0,1
1,4505776,1,10.00,A,A,4,1,1,0,1,1,0,0,1,0,1,1,1,0,0,1
1,4505880,2,24.00,A,A,4,1,1,1,0,1,0,0,1,1,1,0,1,0,0,0
1,4505563,2,16.00,A,A,4,1,1,1,0,1,0,0,1,1,1,0,1,0,0,0
1,4505293,1,4.00,A,A,4,1,0,1,1,1,0,0,1,1,1,0,1,0,0,1
1,4505467,1,4.00,A,A,4,1,1,0,1,1,0,0,1,1,1,0,1,0,0,1
1,4506643,1,8.00,A,A,4,1,1,0,1,1,0,0,1,0,1,1,1,0,0,1
1,4505400,1,6.00,A,A,4,1,1,0,1,1,0,0,1,1,1,0,1,0,0,1
1,4505470,1,8.00,A,A,4,1,0,1,1,1,0,0,1,0,1,1,1,0,0,0
1,4505427,1,8.00,A,A,4,1,1,0,1,1,0,0,1,0,1,1,1,0,0,1
1,4505514,1,8.00,A,A,4,1,1,0,1,1,0,0,1,1,0,1,1,0,0,0
1,4505916,1,4.00,A,A,4,1,0,1,1,1,0,0,1,0,1,1,1,0,0,0
1,4505708,1,3.00,A,A,4,1,0,1,1,1,0,0,1,1,1,0,1,0,0,1
1,4506274,2,16.00,A,A,4,1,1,1,0,1,0,0,1,0,1,1,1,0,0,1
1,4506421,1,4.00,A,A,4,1,1,0,1,1,0,0,1,0,1,1,1,0,0,1
1,4505958,1,6.00,A,A,4,1,1,1,0,1,0,0,1,1,1,0,1,0,0,0
1,4505795,1,2.00,A,A,4,1,0,1,1,1,0,0,1,1,1,1,0,0,0,1
1,4505860,1,4.00,A,A,4,1,1,1,0,1,0,0,1,1,1,1,0,0,0,1
1,4505661,1,8.00,A,A,2,0,1,0,1,0,0,0,1,0,0,1,0,0,0,1
1,4506756,1,6.00,A,A,2,0,1,0,0,1,0,0,1,0,0,1,0,0,0,1
1,4505862,1,6.00,A,A,2,1,0,0,1,0,0,0,1,0,0,1,0,0,0,0
1,4506017,1,10.00,A,A,2,1,0,0,0,1,0,0,1,0,0,1,0,0,0,1
1,4506509,1,6.00,A,A,2,0,1,0,0,1,0,0,1,0,0,1,0,0,0,1
1,4506796,1,8.00,A,A,2,1,0,0,0,1,0,0,1,0,0,0,1,0,0,0
1,4505771,2,8.00,A,A,2,1,0,0,1,0,0,0,1,0,0,1,0,0,0,0
1,4505915,1,6.00,A,A,2,1,0,0,0,1,0,0,1,0,0,0,1,0,0,0
1,4505270,1,2.00,A,A,2,1,0,0,0,1,0,0,1,0,0,0,1,0,0,0
1,4506805,1,8.00,A,A,2,0,1,0,0,1,0,0,1,0,0,1,0,0,0,1
1,4506133,1,8.00,A,A,2,0,1,0,0,1,0,0,1,0,0,1,0,0,0,1
1,4506592,1,8.00,A,A,2,0,1,0,0,1,0,0,1,0,0,1,0,0,0,1
1,4506164,1,8.00,A,A,2,0,1,0,0,1,0,0,1,0,0,1,0,0,0,1
1,4506828,1,6.00,A,A,2,0,1,0,0,1,0,0,1,0,0,1,0,0,0,1
1,4505885,1,6.00,A,A,2,1,0,0,1,0,0,0,1,0,0,1,0,0,0,0
1,4506103,1,2.00,A,A,2,0,1,0,0,1,0,0,1,0,0,1,0,0,0,1
1,4506237,1,8.00,A,A,2,1,0,0,1,0,0,0,1,0,0,1,0,0,0,0
1,4505912,1,8.00,A,A,2,1,0,0,1,0,0,0,1,0,0,1,0,0,0,0
1,4507266,1,6.00,A,A,2,0,1,0,0,1,0,0,1,0,0,1,0,0,0,1
1,4505934,1,6.00,A,A,2,1,0,0,1,0,0,0,1,0,0,1,0,0,0,0
1,4506562,1,2.00,A,A,2,0,1,0,0,1,0,0,1,0,0,1,0,0,0,1
1,4506500,1,2.00,A,A,2,0,1,0,0,1,0,0,1,0,0,1,0,0,0,1
1,4506368,1,4.00,A,A,2,1,0,0,1,0,0,0,1,0,0,1,0,0,0,0
1,4506501,1,4.00,A,A,2,0,1,0,0,1,0,0,1,0,0,1,0,0,0,1
1,4506145,1,4.00,A,A,2,1,0,0,1,0,0,0,1,0,0,1,0,0,0,0
1,4506982,1,2.00,A,A,2,0,1,0,0,1,0,0,1,0,0,1,0,0,0,1
1,4506449,1,4.00,A,A,2,0,1,0,1,0,0,0,1,0,0,1,0,0,0,1
1,4507101,2,4.00,A,A,2,0,1,0,1,0,0,0,1,0,0,1,0,0,0,1
1,4505981,1,2.00,A,A,2,0,1,0,0,1,0,0,1,0,0,1,0,0,0,1
1,4506602,1,2.00,A,A,2,0,1,0,0,1,0,0,1,0,0,1,0,0,0,1
1,4507319,3,6.00,A,A,2,0,1,0,0,1,0,0,1,0,0,1,0,0,0,1
1,4506578,1,4.00,A,A,2,1,0,0,1,0,0,0,1,0,0,1,0,0,0,0
1,4506010,1,4.00,A,A,2,0,1,0,0,1,0,0,1,0,0,1,0,0,0,1
1,4506090,1,8.00,A,A,2,1,0,0,1,0,0,0,1,0,0,1,0,0,0,0
1,4506165,1,8.00,A,A,2,0,1,0,0,1,0,0,1,0,0,1,0,0,0,1
1,4506695,1,4.00,A,A,2,0,1,0,1,0,0,0,1,0,0,1,0,0,0,1
1,4506331,1,4.00,A,A,2,1,0,0,1,0,0,0,1,0,0,1,0,0,0,0
1,4505964,1,6.00,A,A,2,1,0,0,1,0,0,0,1,0,0,1,0,0,0,0
1,4506510,4,8.00,A,A,2,0,1,0,0,1,0,0,1,0,0,1,0,0,0,1
1,4506685,1,8.00,A,A,2,0,1,0,0,1,0,0,1,0,0,1,0,0,0,1
1,4506576,1,10.00,A,A,2,1,0,0,1,0,0,0,1,0,0,1,0,0,0,0
1,4506411,1,4.00,A,A,2,0,1,0,0,1,0,0,1,0,0,1,0,0,0,1
1,4505933,1,4.00,A,A,2,1,0,0,1,0,0,0,1,0,0,1,0,0,0,0
1,4506667,1,8.00,A,A,2,0,1,0,0,1,0,0,1,0,0,1,0,0,0,1
1,4506380,1,8.00,A,A,2,0,1,0,0,1,0,0,1,0,0,1,0,0,0,1
1,4506563,1,8.00,A,A,2,0,1,0,0,1,0,0,1,0,0,1,0,0,0,1
1,4506919,1,8.00,A,A,2,0,1,0,0,1,0,0,1,0,0,1,0,0,0,1
1,4506318,1,6.00,A,A,2,0,1,0,0,1,0,0,1,0,0,1,0,0,0,1
1,4506792,1,6.00,A,A,2,1,0,0,1,0,0,0,1,0,0,1,0,0,0,0
1,4506523,1,6.00,A,A,2,1,0,0,1,0,0,0,1,0,0,1,0,0,0,0
1,4506761,1,4.00,A,A,2,1,0,0,1,0,0,0,1,0,0,1,0,0,0,0
1,4506524,1,4.00,A,A,2,1,0,0,1,0,0,0,1,0,0,1,0,0,0,0
1,4506569,1,8.00,A,A,2,0,1,0,0,1,0,0,1,0,0,1,0,0,0,1
1,4506860,1,2.00,A,A,2,0,1,0,0,1,0,0,1,0,0,1,0,0,0,1
1,4506625,1,8.00,A,A,2,0,1,0,0,1,0,0,1,0,0,1,0,0,0,1
1,4506424,1,8.00,A,A,2,1,0,0,1,0,0,0,1,0,0,1,0,0,0,0
1,4506507,1,8.00,A,A,2,0,1,0,0,1,0,0,1,0,0,1,0,0,0,1
1,4506286,1,10.00,A,A,2,0,1,0,0,1,0,0,1,0,0,1,0,0,0,1
1,4506656,1,6.00,A,A,2,0,1,0,0,1,0,0,1,0,0,1,0,0,0,1
1,4505225,2,16.00,A,A,2,1,0,0,0,1,0,0,1,0,0,0,1,0,0,0
1,4506392,1,12.00,A,A,2,1,0,0,1,0,0,0,1,0,0,1,0,0,0,0
1,4506260,1,8.00,A,A,2,0,1,0,0,1,0,0,1,0,0,1,0,0,0,1
1,4505727,1,3.00,A,A,2,1,0,0,0,1,0,0,1,0,0,0,1,0,0,0
1,4505990,1,8.00,A,A,2,1,0,0,1,0,0,0,1,0,0,1,0,0,0,0
1,4506891,1,8.00,A,A,2,0,1,0,1,0,0,0,1,0,0,1,0,0,0,1
1,4506422,1,6.00,A,A,2,1,0,0,1,0,0,0,1,0,0,1,0,0,0,0
1,4506060,1,8.00,A,A,2,1,0,0,1,0,0,0,1,0,0,1,0,0,0,0
1,4505962,1,8.00,A,A,2,1,0,0,1,0,0,0,1,0,0,1,0,0,0,0
1,4507238,1,2.00,A,A,2,0,1,0,0,1,0,0,1,0,0,1,0,0,0,1
1,4506572,1,8.00,A,A,2,0,1,0,0,1,0,0,1,0,0,1,0,0,0,1
1,4506028,1,4.00,A,A,2,1,0,0,1,0,0,0,1,0,0,1,0,0,0,0
1,4506233,1,8.00,A,A,2,0,1,0,0,1,0,0,1,0,0,1,0,0,0,1
1,4507009,1,8.00,A,A,2,0,1,0,0,1,0,0,1,0,0,1,0,0,0,1
1,4505917,6,24.00,A,A,2,1,0,0,1,0,0,0,1,0,0,1,0,0,0,0
1,4506663,1,8.00,A,A,2,0,1,0,0,1,0,0,1,0,0,1,0,0,0,1
1,4506644,1,2.00,A,A,2,1,0,0,1,0,0,0,1,0,0,1,0,0,0,0
1,4505815,1,8.00,A,A,2,1,0,0,0,1,0,0,1,0,0,0,1,0,0,0
1,4506446,1,10.00,A,A,2,0,1,0,0,1,0,0,1,0,0,1,0,0,0,1
1,4506546,1,8.00,A,A,2,1,0,0,1,0,0,0,1,0,0,1,0,0,0,0
1,4506784,1,8.00,A,A,2,0,1,0,0,1,0,0,1,0,0,1,0,0,0,1
1,4506745,1,2.00,A,A,2,0,1,0,0,1,0,0,1,0,0,1,0,0,0,1
1,4506518,1,6.00,A,A,2,1,0,0,1,0,0,0,1,0,0,1,0,0,0,0
1,4506599,1,6.00,A,A,2,0,1,0,0,1,0,0,1,0,0,1,0,0,0,1
1,4506195,1,8.00,A,A,2,0,1,0,0,1,0,0,1,0,0,1,0,0,0,1
1,4506978,1,4.00,A,A,2,0,1,0,0,1,0,0,1,0,0,1,0,0,0,1
1,4506292,1,8.00,A,A,2,0,1,0,0,1,0,0,1,0,0,1,0,0,0,1
1,4506640,1,8.00,A,A,2,1,0,0,1,0,0,0,1,0,0,1,0,0,0,0
1,4506613,1,2.00,A,A,2,1,0,0,0,1,0,0,1,0,0,1,0,0,0,1
1,4506201,2,12.00,A,A,2,0,1,0,0,1,0,0,1,0,0,1,0,0,0,1
1,4506763,1,8.00,A,A,2,1,0,0,1,0,0,0,1,0,0,1,0,0,0,0
1,4506170,1,8.00,A,A,2,0,1,0,0,1,0,0,1,0,0,1,0,0,0,1
1,4506835,1,6.00,A,A,2,0,1,0,0,1,0,0,1,0,0,1,0,0,0,1
1,4506722,1,8.00,A,A,2,0,1,0,0,1,0,0,1,0,0,1,0,0,0,1
1,4506457,1,6.00,A,A,2,1,0,0,1,0,0,0,1,0,0,1,0,0,0,0
1,4505889,1,2.00,A,A,2,1,0,0,1,0,0,0,1,0,0,1,0,0,0,0
1,4506886,1,3.00,A,A,2,0,1,0,0,1,0,0,1,0,0,1,0,0,0,1
1,4506460,1,3.00,A,A,2,1,0,0,1,0,0,0,1,0,0,1,0,0,0,0
1,4505996,1,6.00,A,A,2,1,0,0,1,0,0,0,1,0,0,1,0,0,0,0
1,4506200,2,16.00,A,A,2,0,1,0,0,1,0,0,1,0,0,1,0,0,0,1
1,4506366,1,6.00,A,A,2,1,0,0,1,0,0,0,1,0,0,1,0,0,0,0
1,4506364,1,8.00,A,A,2,1,0,0,0,1,0,0,1,0,0,1,0,0,0,1
1,4506365,1,8.00,A,A,2,1,0,0,1,0,0,0,1,0,0,1,0,0,0,0
1,4506478,1,8.00,A,A,2,0,1,0,0,1,0,0,1,0,0,1,0,0,0,1
1,4506811,1,6.00,A,A,2,0,1,0,0,1,0,0,1,0,0,1,0,0,0,1
1,4506832,1,4.00,A,A,2,0,1,0,0,1,0,0,1,0,0,1,0,0,0,1
1,4506794,1,8.00,A,A,2,1,0,0,0,1,0,0,1,0,0,1,0,0,0,1
1,4506839,1,4.00,A,A,2,0,1,0,0,1,0,0,1,0,0,1,0,0,0,1
1,4506358,2,6.00,A,A,2,1,0,0,1,0,0,0,1,0,0,1,0,0,0,0
1,4506272,2,16.00,A,A,2,1,0,0,0,1,0,0,1,0,0,1,0,0,0,1
1,4506181,1,6.00,A,A,2,1,0,0,1,0,0,0,1,0,0,1,0,0,0,0
1,4505995,1,8.00,A,A,2,1,0,0,1,0,0,0,1,0,0,1,0,0,0,0
1,4506211,1,3.00,A,A,2,1,0,0,1,0,0,0,1,0,0,1,0,0,0,0
1,4506735,1,8.00,A,A,2,1,0,0,1,0,0,0,1,0,0,1,0,0,0,0
1,4505967,1,4.00,A,A,2,1,0,0,1,0,0,0,1,0,0,1,0,0,0,0
1,4506863,1,6.00,A,A,2,0,1,0,0,1,0,0,1,0,0,1,0,0,0,1
1,4506795,2,12.00,A,A,2,1,0,0,0,1,0,0,1,0,0,1,0,0,0,1
1,4506472,1,8.00,A,A,2,0,1,0,0,1,0,0,1,0,0,1,0,0,0,1
1,4507071,1,6.00,A,A,2,0,1,0,0,1,0,0,1,0,0,1,0,0,0,1
1,4506838,1,6.00,A,A,2,0,1,0,1,0,0,0,1,0,0,1,0,0,0,1
1,4506642,1,3.00,A,A,2,1,0,0,1,0,0,0,1,0,0,1,0,0,0,0
1,4507155,1,8.00,A,A,2,0,1,0,0,1,0,0,1,0,0,1,0,0,0,1
1,4506568,1,6.00,A,A,2,0,1,0,0,1,0,0,1,0,0,1,0,0,0,1
1,4506389,1,8.00,A,A,2,1,0,0,1,0,0,0,1,0,0,1,0,0,0,0
1,4506294,1,8.00,A,A,2,0,1,0,0,1,0,0,1,0,0,1,0,0,0,1
1,4506112,1,3.00,A,A,2,1,0,0,1,0,0,0,1,0,0,1,0,0,0,0
1,4505666,1,8.00,A,A,2,1,0,0,1,0,0,0,1,0,0,1,0,0,0,0
1,4506690,1,4.00,A,A,2,0,1,0,1,0,0,0,1,0,0,1,0,0,0,1
1,4507040,1,8.00,A,A,2,0,1,0,0,1,0,0,1,0,0,1,0,0,0,1
1,4505887,1,8.00,A,A,2,1,0,0,1,0,0,0,1,0,0,1,0,0,0,0
1,4506780,1,8.00,A,A,2,0,1,0,0,1,0,0,1,0,0,1,0,0,0,1
1,4506427,1,8.00,A,A,2,1,0,0,0,1,0,0,1,0,0,1,0,0,0,1
1,4506058,1,2.00,A,A,2,1,0,0,1,0,0,0,1,0,0,1,0,0,0,0
1,4506041,1,8.00,A,A,2,0,1,0,0,1,0,0,1,0,0,1,0,0,0,1
1,4506367,1,6.00,A,A,2,1,0,0,0,1,0,0,1,0,0,1,0,0,0,1
1,4506458,1,8.00,A,A,2,1,0,0,1,0,0,0,1,0,0,1,0,0,0,0
1,4505569,1,8.00,A,A,2,1,0,0,0,1,0,0,1,0,0,1,0,0,0,1
1,4506149,1,6.00,A,A,2,1,0,0,1,0,0,0,1,0,0,1,0,0,0,0
1,4506868,1,8.00,A,A,2,0,1,0,1,0,0,0,1,0,0,1,0,0,0,1
1,4507011,1,8.00,A,A,2,0,1,0,0,1,0,0,1,0,0,1,0,0,0,1
1,4506052,1,2.00,A,A,2,1,0,0,1,0,0,0,1,0,0,1,0,0,0,0
1,4506594,1,4.00,A,A,2,0,1,0,0,1,0,0,1,0,0,1,0,0,0,1
1,4506718,1,4.00,A,A,2,0,1,0,0,1,0,0,1,0,0,1,0,0,0,1
1,4505861,1,8.00,A,A,2,1,0,0,1,0,0,0,1,0,0,1,0,0,0,0
1,4507183,1,4.00,A,A,2,0,1,0,0,1,0,0,1,0,0,1,0,0,0,1
1,4505908,1,4.00,A,A,2,1,0,0,1,0,0,0,1,0,0,1,0,0,0,0
1,4506688,1,6.00,A,A,2,0,1,0,0,1,0,0,1,0,0,1,0,0,0,1
1,4505840,1,4.00,A,A,2,1,0,0,1,0,0,0,1,0,0,1,0,0,0,0
1,4505881,1,8.00,A,A,2,1,0,0,1,0,0,0,1,0,0,1,0,0,0,0
1,4506026,1,8.00,A,A,2,1,0,0,1,0,0,0,1,0,0,1,0,0,0,0
1,4506231,1,8.00,A,A,2,0,1,0,0,1,0,0,1,0,0,1,0,0,0,1
1,4506662,2,16.00,A,A,2,0,1,0,1,0,0,0,1,0,0,1,0,0,0,1
1,4506075,1,4.00,A,A,2,0,1,0,0,1,0,0,1,0,0,1,0,0,0,1
1,4506151,1,8.00,A,A,2,1,0,0,0,1,0,0,1,0,0,1,0,0,0,1
1,4506514,1,6.00,A,A,2,1,0,0,1,0,0,0,1,0,0,1,0,0,0,0
1,4506384,1,8.00,A,A,2,0,1,0,0,1,0,0,1,0,0,1,0,0,0,1
1,4506606,1,4.00,A,A,2,1,0,0,1,0,0,0,1,0,0,1,0,0,0,0
1,4506271,1,8.00,A,A,2,1,0,0,0,1,0,0,1,0,0,1,0,0,0,1
1,4506480,1,3.00,A,A,2,0,1,0,0,1,0,0,1,0,0,1,0,0,0,1
1,4506887,2,16.00,A,A,2,0,1,0,1,0,0,0,1,0,0,1,0,0,0,1
1,4505473,1,8.00,A,A,2,1,0,0,1,0,0,0,1,0,0,1,0,0,0,0
1,4506452,1,2.00,A,A,2,1,0,0,1,0,0,0,1,0,0,1,0,0,0,0
1,4506694,1,8.00,A,A,2,0,1,0,0,1,0,0,1,0,0,1,0,0,0,1
1,4506387,1,8.00,A,A,2,0,1,0,0,1,0,0,1,0,0,1,0,0,0,1
1,4506864,1,8.00,A,A,2,0,1,0,0,1,0,0,1,0,0,1,0,0,0,1
1,4505430,1,4.00,A,A,2,1,0,0,1,0,0,0,1,0,0,1,0,0,0,0
1,4507039,1,4.00,A,A,2,0,1,0,0,1,0,0,1,0,0,1,0,0,0,1
1,4506732,2,8.00,A,A,2,1,0,0,0,1,0,0,1,0,0,1,0,0,0,1
1,4506319,1,6.00,A,A,2,0,1,0,0,1,0,0,1,0,0,1,0,0,0,1
1,4505452,1,4.00,A,A,2,1,0,0,1,0,0,0,1,0,0,1,0,0,0,0
1,4506951,1,6.00,A,A,2,0,1,0,0,1,0,0,1,0,0,1,0,0,0,1
1,4506083,1,8.00,A,A,2,0,1,0,1,0,0,0,1,0,0,1,0,0,0,1
1,4505960,1,2.00,A,A,2,1,0,0,1,0,0,0,1,0,0,1,0,0,0,0
1,4505570,1,2.00,A,A,2,1,0,0,1,0,0,0,1,0,0,1,0,0,0,0
1,4505387,1,6.00,A,A,2,1,0,0,1,0,0,0,1,0,0,1,0,0,0,0
1,4506250,1,8.00,A,A,2,0,1,0,0,1,0,0,1,0,0,1,0,0,0,1
1,4506146,1,6.00,A,A,2,1,0,1,0,0,0,0,1,0,0,1,0,0,0,1
1,4505567,1,6.00,A,A,2,1,0,0,1,0,0,0,1,0,0,1,0,0,0,0
1,4505366,1,6.00,A,A,2,1,0,0,1,0,0,0,1,0,0,1,0,0,0,0
1,4506543,1,4.00,A,A,2,0,1,0,0,1,0,0,1,0,0,1,0,0,0,1
1,4506752,1,8.00,A,A,2,0,1,0,1,0,0,0,1,0,0,1,0,0,0,1
1,4506293,1,6.00,A,A,2,0,1,0,0,1,0,0,1,0,0,1,0,0,0,1
1,4506751,1,2.00,A,A,2,0,1,0,0,1,0,0,1,0,0,1,0,0,0,1
1,4506390,1,4.00,A,A,2,1,0,0,1,0,0,0,1,0,0,1,0,0,0,0
1,4506747,1,6.00,A,A,2,0,1,0,0,1,0,0,1,0,0,1,0,0,0,1
1,4505914,1,8.00,A,A,2,1,0,0,1,0,0,0,1,0,0,1,0,0,0,0
1,4507185,1,8.00,A,A,2,0,1,0,0,1,0,0,1,0,0,1,0,0,0,1
1,4506477,1,6.00,A,A,2,0,1,0,0,1,0,0,1,0,0,1,0,0,0,1
1,4507293,1,3.00,A,A,2,0,1,0,0,1,0,0,1,0,0,1,0,0,0,1
1,4505937,1,8.00,A,A,2,1,0,0,1,0,0,0,1,0,0,1,0,0,0,0
1,4506202,1,8.00,A,A,2,0,1,0,0,1,0,0,1,0,0,1,0,0,0,1
1,4507098,1,6.00,A,A,2,0,1,0,0,1,0,0,1,0,0,1,0,0,0,1
1,4506258,1,8.00,A,A,2,0,1,0,0,1,0,0,1,0,0,1,0,0,0,1
1,4506349,1,8.00,A,A,2,0,1,0,0,1,0,0,1,0,0,1,0,0,0,1
1,4506508,1,6.00,A,A,2,0,1,0,0,1,0,0,1,0,0,1,0,0,0,1
1,4506600,1,6.00,A,A,2,0,1,0,1,0,0,0,1,0,0,1,0,0,0,1
1,4506633,1,4.00,A,A,2,0,1,0,0,1,0,0,1,0,0,1,0,0,0,1
1,4506634,1,6.00,A,A,2,0,1,0,0,1,0,0,1,0,0,1,0,0,0,1
1,4506385,1,6.00,A,A,2,0,1,0,0,1,0,0,1,0,0,1,0,0,0,1
1,4506323,1,8.00,A,A,2,0,1,0,0,1,0,0,1,0,0,1,0,0,0,1
1,4506980,1,4.00,A,A,2,0,1,0,0,1,0,0,1,0,0,1,0,0,0,1
1,4506357,1,8.00,A,A,2,0,1,0,0,1,0,0,1,0,0,1,0,0,0,1
1,4506513,1,4.00,A,A,2,1,0,0,1,0,0,0,1,0,0,1,0,0,0,0
1,4506597,1,8.00,A,A,2,0,1,0,0,1,0,0,1,0,0,1,0,0,0,1
1,4506447,1,8.00,A,A,2,0,1,0,0,1,0,0,1,0,0,1,0,0,0,1
1,4506051,1,8.00,A,A,2,1,0,0,1,0,0,0,1,0,0,1,0,0,0,0
1,4506443,2,16.00,A,A,2,0,1,0,0,1,0,0,1,0,0,1,0,0,0,1
1,4506785,1,8.00,A,A,2,0,1,0,0,1,0,0,1,0,0,1,0,0,0,1
1,4506836,1,6.00,A,A,2,0,1,0,0,1,0,0,1,0,0,1,0,0,0,1
1,4506169,1,6.00,A,A,2,0,1,0,0,1,0,0,1,0,0,1,0,0,0,1
1,4506266,1,8.00,A,A,2,1,0,0,1,0,0,0,1,0,0,1,0,0,0,0
1,4507136,1,2.00,A,A,2,0,0,1,0,1,0,0,1,0,0,1,0,0,0,1
1,4505929,1,6.00,A,A,2,1,0,0,1,0,0,0,1,0,0,1,0,0,0,0
1,4506725,1,6.00,A,A,2,0,1,0,1,0,0,0,1,0,0,1,0,0,0,1
1,4507221,1,2.00,A,A,2,0,0,1,0,1,0,0,1,0,0,1,0,0,0,1
1,4505322,1,10.00,A,A,2,1,0,0,0,1,0,0,1,0,0,1,0,0,0,1
1,4506567,1,3.00,A,A,2,0,1,0,0,1,0,0,1,0,0,1,0,0,0,1
1,4507269,1,6.00,A,A,1,0,0,1,0,0,0,0,0,1,0,0,0,0,0,1
1,4506417,1,8.00,A,A,3,0,1,1,0,1,0,0,0,1,1,0,1,0,0,0
1,4506072,1,8.00,A,A,2,0,1,0,1,0,0,0,0,1,0,1,0,0,0,0
1,4506190,1,2.00,A,A,2,0,1,0,1,0,0,0,0,1,0,1,0,0,0,0
1,4507130,1,2.00,A,A,4,0,1,1,1,1,0,0,0,1,1,1,1,0,0,0
1,4506273,1,8.00,A,A,3,0,1,1,1,0,0,0,0,1,1,1,0,0,0,0
1,4506105,1,10.00,A,A,3,0,1,0,1,1,0,0,0,1,0,1,1,0,0,0
1,4506448,1,8.00,A,A,2,0,1,0,1,0,0,0,0,1,0,1,0,0,0,0
1,4506504,1,2.00,A,A,3,0,1,1,0,1,0,0,0,1,1,0,1,0,0,0
1,4506672,2,16.00,A,A,3,0,1,0,1,1,0,0,0,1,0,1,1,0,0,0
1,4507265,1,8.00,A,A,3,0,1,1,0,1,0,0,0,1,1,0,1,0,0,0
1,4506716,1,4.00,A,A,2,0,1,0,1,0,0,0,0,1,0,1,0,0,0,0
1,4506538,2,16.00,A,A,2,0,1,0,1,0,0,0,0,1,0,1,0,0,0,0
1,4506281,1,8.00,A,A,2,0,1,0,1,0,0,0,0,1,0,1,0,0,0,0
1,4506439,1,6.00,A,A,2,0,1,0,1,0,0,0,0,1,0,1,0,0,0,0
1,4506764,1,8.00,A,A,4,1,0,1,1,1,0,0,0,1,1,1,1,0,0,1
1,4505843,2,16.00,A,A,4,1,0,1,1,1,0,0,0,1,1,1,1,0,0,1
1,4505226,1,6.00,A,A,2,1,0,0,1,0,0,0,0,1,0,0,1,0,0,1
1,4505492,1,8.00,A,A,2,0,1,0,1,0,0,0,0,1,0,0,1,0,0,1
1,4506671,1,8.00,A,A,2,1,0,1,0,0,0,0,0,1,0,0,1,0,0,1
1,4505871,1,8.00,A,A,2,1,0,0,1,0,0,0,0,1,0,0,1,0,0,1
1,4506712,1,4.00,A,A,2,0,1,0,0,1,0,0,0,1,0,0,1,0,0,0
1,4505445,2,12.00,A,A,2,1,0,0,1,0,0,0,0,1,0,0,1,0,0,1
1,4505856,1,8.00,A,A,2,1,0,0,1,0,0,0,0,1,0,0,1,0,0,1
1,4506376,1,8.00,A,A,2,0,1,0,0,1,0,0,0,1,0,0,1,0,0,0
1,4506068,1,4.00,A,A,2,0,1,0,0,1,0,0,0,1,0,0,1,0,0,0
1,4505945,1,2.00,A,A,2,0,1,0,0,1,0,0,0,1,0,0,1,0,0,0
1,4506245,1,2.00,A,A,2,0,1,0,0,1,0,0,0,1,0,0,1,0,0,0
1,4505790,1,2.00,A,A,2,1,0,0,1,0,0,0,0,1,0,0,1,0,0,1
1,4505444,1,4.00,A,A,2,1,0,0,1,0,0,0,0,1,0,0,1,0,0,1
1,4506774,1,2.00,A,A,2,0,1,0,0,1,0,0,0,1,0,0,1,0,0,0
1,4505490,1,6.00,A,A,2,1,0,0,1,0,0,0,0,1,0,0,1,0,0,1
1,4506309,1,4.00,A,A,2,0,1,0,0,1,0,0,0,1,0,0,1,0,0,0
1,4506532,1,8.00,A,A,2,0,1,0,0,1,0,0,0,1,0,0,1,0,0,0
1,4506464,1,8.00,A,A,2,0,1,0,0,1,0,0,0,1,0,0,1,0,0,0
1,4506340,1,6.00,A,A,2,0,1,0,0,1,0,0,0,1,0,0,1,0,0,0
1,4506585,1,8.00,A,A,2,0,1,0,0,1,0,0,0,1,0,0,1,0,0,0
1,4505399,1,8.00,A,A,2,1,0,0,1,0,0,0,0,1,0,0,1,0,0,1
1,4505705,1,8.00,A,A,2,1,0,0,0,1,0,0,0,1,0,0,1,0,0,1
1,4505979,1,8.00,A,A,2,0,1,0,0,1,0,0,0,1,0,0,1,0,0,0
1,4505380,1,3.00,A,A,2,1,0,0,1,0,0,0,0,1,0,0,1,0,0,1
1,4505560,1,3.00,A,A,2,1,0,0,0,1,0,0,0,1,0,0,1,0,0,1
1,4505897,1,8.00,A,A,2,1,0,0,0,1,0,0,0,1,0,0,1,0,0,1
1,4505513,1,8.00,A,A,2,1,0,0,0,1,0,0,0,1,0,0,1,0,0,1
1,4505946,1,8.00,A,A,2,0,1,0,0,1,0,0,0,1,0,0,1,0,0,0
1,4506775,1,4.00,A,A,2,0,1,0,0,1,0,0,0,1,0,0,1,0,0,0
1,4505635,1,18.00,A,A,2,1,0,0,1,0,0,0,0,1,0,0,1,0,0,1
1,4505464,2,8.00,A,A,2,1,0,0,1,0,0,0,0,1,0,0,1,0,0,1
1,4505271,1,8.00,A,A,2,1,0,0,1,0,0,0,0,1,0,0,1,0,0,1
1,4506378,1,6.00,A,A,2,0,1,0,0,1,0,0,0,1,0,0,1,0,0,0
1,4505247,2,16.00,A,A,2,1,0,0,0,1,0,0,0,1,0,0,1,0,0,1
1,4506162,1,8.00,A,A,2,0,1,0,0,1,0,0,0,1,0,0,1,0,0,0
1,4505947,2,8.00,A,A,2,0,1,0,0,1,0,0,0,1,0,0,1,0,0,0
1,4506498,1,8.00,A,A,2,0,1,0,0,1,0,0,0,1,0,0,1,0,0,0
1,4506246,1,6.00,A,A,2,0,1,0,0,1,0,0,0,1,0,0,1,0,0,0
1,4506559,1,18.00,A,A,2,0,1,0,0,1,0,0,0,1,0,0,1,0,0,0
1,4505706,1,6.00,A,A,2,1,0,0,1,0,0,0,0,1,0,0,1,0,0,1
1,4506622,1,8.00,A,A,2,0,1,0,0,1,0,0,0,1,0,0,1,0,0,0
1,4506742,1,8.00,A,A,2,0,1,0,0,1,0,0,0,1,0,0,1,0,0,0
1,4506497,1,6.00,A,A,2,0,1,0,0,1,0,0,0,1,0,0,1,0,0,0
1,4506655,1,4.00,A,A,2,0,1,0,0,1,0,0,0,1,0,0,1,0,0,0
1,4506873,1,2.00,A,A,2,0,0,1,0,1,0,0,0,1,0,0,1,0,0,1
1,4505339,1,4.00,A,A,2,1,0,0,0,1,0,0,0,1,0,0,1,0,0,1
1,4505948,1,8.00,A,A,2,0,1,0,0,1,0,0,0,1,0,0,1,0,0,0
1,4506436,2,8.00,A,A,2,0,1,0,0,1,0,0,0,1,0,0,1,0,0,0
1,4506531,1,10.00,A,A,2,0,1,0,0,1,0,0,0,1,0,0,1,0,0,0
1,4506223,1,6.00,A,A,2,0,1,0,0,1,0,0,0,1,0,0,1,0,0,0
1,4506804,1,8.00,A,A,2,0,1,0,1,0,0,0,0,1,0,0,1,0,0,1
1,4505707,1,8.00,A,A,2,1,0,0,0,1,0,0,0,1,0,0,1,0,0,1
1,4505447,1,4.00,A,A,2,1,0,0,1,0,0,0,0,1,0,0,1,0,0,1
1,4506820,1,8.00,A,A,2,0,0,1,0,1,0,0,0,1,0,0,1,0,0,1
1,4505321,1,4.00,A,A,2,1,0,1,0,0,0,0,0,1,0,0,1,0,0,1
1,4506803,1,8.00,A,A,2,0,1,0,0,1,0,0,0,1,0,0,1,0,0,0
1,4505637,1,8.00,A,A,2,1,0,1,0,0,0,0,0,1,0,0,1,0,0,1
1,4505636,1,4.00,A,A,2,1,0,1,0,0,0,0,0,1,0,0,1,0,0,1
1,4506802,1,4.00,A,A,2,0,1,0,0,1,0,0,0,1,0,0,1,0,0,0
1,4506827,1,4.00,A,A,2,0,1,0,0,1,0,0,0,1,0,0,1,0,0,0
1,4505814,3,24.00,A,A,2,1,0,1,0,0,0,0,0,1,0,0,1,0,0,1
1,4506284,1,4.00,A,A,2,0,1,0,0,1,0,0,0,1,0,0,1,0,0,0
1,4506247,1,8.00,A,A,2,0,1,0,0,1,0,0,0,1,0,0,1,0,0,0
1,4506346,1,4.00,A,A,2,0,1,0,0,1,0,0,0,1,0,0,1,0,0,0
1,4506282,1,6.00,A,A,2,0,1,0,0,1,0,0,0,1,0,0,1,0,0,0
1,4506408,1,8.00,A,A,2,0,1,0,0,1,0,0,0,1,0,0,1,0,0,0
1,4506533,1,4.00,A,A,2,0,1,0,0,1,0,0,0,1,0,0,1,0,0,0
1,4506776,1,8.00,A,A,2,0,1,0,1,0,0,0,0,1,0,0,1,0,0,1
1,4505381,1,8.00,A,A,2,1,0,1,0,0,0,0,0,1,0,0,1,0,0,1
1,4505382,1,6.00,A,A,2,1,0,1,0,0,0,0,0,1,0,0,1,0,0,1
1,4505324,1,6.00,A,A,2,1,0,0,0,1,0,0,0,1,0,0,1,0,0,1
1,4505953,1,8.00,A,A,2,0,1,0,0,1,0,0,0,1,0,0,1,0,0,0
1,4506129,1,4.00,A,A,2,0,1,0,0,1,0,0,0,1,0,0,1,0,0,0
1,4506099,1,6.00,A,A,2,0,1,0,0,1,0,0,0,1,0,0,1,0,0,0
1,4505733,1,8.00,A,A,2,1,0,0,1,0,0,0,0,1,0,0,1,0,0,1
1,4505421,1,8.00,A,A,2,1,0,0,1,0,0,0,0,1,0,0,1,0,0,1
1,4506627,1,4.00,A,A,2,0,1,0,0,1,0,0,0,1,0,0,1,0,0,0
1,4506252,1,6.00,A,A,2,0,1,0,0,1,0,0,0,1,0,0,1,0,0,0
1,4506351,1,8.00,A,A,2,0,1,0,0,1,0,0,0,1,0,0,1,0,0,0
1,4506476,1,3.00,A,A,2,0,1,0,0,1,0,0,0,1,0,0,1,0,0,0
1,4506503,1,8.00,A,A,2,0,1,0,0,1,0,0,0,1,0,0,1,0,0,0
1,4506383,1,8.00,A,A,2,0,1,0,0,1,0,0,0,1,0,0,1,0,0,0
1,4506565,1,4.00,A,A,2,0,1,0,0,1,0,0,0,1,0,0,1,0,0,0
1,4505207,1,2.00,A,A,2,1,0,0,0,1,0,0,0,1,0,0,1,0,0,1
1,4506199,1,4.00,A,A,2,0,1,0,0,1,0,0,0,1,0,0,1,0,0,0
1,4506198,1,6.00,A,A,2,0,1,0,0,1,0,0,0,1,0,0,1,0,0,0
1,4505686,1,6.00,A,A,2,1,0,0,1,0,0,0,0,1,0,0,1,0,0,1
1,4506042,1,8.00,A,A,2,0,1,0,1,0,0,0,0,1,0,1,0,0,0,0
1,4505250,1,6.00,A,A,2,1,0,0,1,0,0,0,0,1,0,0,1,0,0,1
1,4505984,1,4.00,A,A,2,0,1,0,0,1,0,0,0,1,0,0,1,0,0,0
1,4505980,2,16.00,A,A,2,0,1,0,1,0,0,0,0,1,0,1,0,0,0,0
1,4506442,1,8.00,A,A,2,0,1,0,0,1,0,0,0,1,0,0,1,0,0,0
1,4506315,1,2.00,A,A,2,0,1,0,0,1,0,0,0,1,0,0,1,0,0,0
1,4506168,1,8.00,A,A,2,0,1,0,0,1,0,0,0,1,0,0,1,0,0,0
1,4505275,1,6.00,A,A,2,1,0,0,0,1,0,0,0,1,0,0,1,0,0,1
1,4506137,1,8.00,A,A,2,0,1,0,0,1,0,0,0,1,0,0,1,0,0,0
1,4506687,1,6.00,A,A,2,0,1,0,0,1,0,0,0,1,0,0,1,0,0,0
1,4505894,1,8.00,A,A,2,0,1,0,1,0,0,0,0,1,0,1,0,0,0,0
1,4506749,2,12.00,A,A,2,0,1,0,0,1,0,0,0,1,0,0,1,0,0,0
1,4506435,1,8.00,A,A,2,0,1,0,1,0,0,0,0,1,0,1,0,0,0,0
1,4505818,1,8.00,A,A,2,1,0,0,1,0,0,0,0,1,0,0,1,0,0,1
1,4506157,1,3.00,A,A,2,0,1,0,0,1,0,0,0,1,0,0,1,0,0,0
1,4505794,1,10.00,A,A,2,1,0,0,1,0,0,0,0,1,0,0,1,0,0,1
1,4506032,1,2.00,A,A,2,0,1,0,0,1,0,0,0,1,0,0,1,0,0,0
1,4505687,1,4.00,A,A,2,1,0,0,1,0,0,0,0,1,0,0,1,0,0,1
1,4506564,2,16.00,A,A,2,0,1,0,1,0,0,0,0,1,0,0,1,0,0,1
1,4505774,2,16.00,A,A,2,1,0,1,0,0,0,0,0,1,0,0,1,0,0,1
1,4506342,1,3.00,A,A,2,0,1,0,0,1,0,0,0,1,0,0,1,0,0,0
1,4506218,1,6.00,A,A,2,0,1,0,0,1,0,0,0,1,0,0,1,0,0,0
1,4506529,1,8.00,A,A,2,0,1,0,0,1,0,0,0,1,0,0,1,0,0,0
1,4505710,1,8.00,A,A,2,1,0,0,1,0,0,0,0,1,0,0,1,0,0,1
1,4505664,1,8.00,A,A,2,1,0,0,0,1,0,0,0,1,0,0,1,0,0,1
1,4506773,1,6.00,A,A,2,0,1,0,0,1,0,0,0,1,0,0,1,0,0,0
1,4505907,1,8.00,A,A,2,1,0,0,1,0,0,0,0,1,0,0,1,0,0,1
1,4506679,1,4.00,A,A,2,0,1,0,0,1,0,0,0,1,0,0,1,0,0,0
1,4505836,1,4.00,A,A,2,1,0,0,0,1,0,0,0,1,0,0,1,0,0,1
1,4506407,1,4.00,A,A,2,0,1,0,1,0,0,0,0,1,0,0,1,0,0,1
1,4505230,1,6.00,A,A,2,1,0,0,1,0,0,0,0,1,0,0,1,0,0,1
1,4505731,1,3.00,A,A,2,1,0,0,1,0,0,0,0,1,0,0,1,0,0,1
1,4506307,1,4.00,A,A,2,0,1,0,1,0,0,0,0,1,0,1,0,0,0,0
1,4507212,1,6.00,A,A,2,0,1,0,0,1,0,0,0,1,0,0,1,0,0,0
1,4507213,2,4.00,A,A,2,0,1,0,0,1,0,0,0,1,0,0,1,0,0,0
1,4505732,1,6.00,A,A,2,1,0,0,1,0,0,0,0,1,0,0,1,0,0,1
1,4506670,1,8.00,A,A,2,1,0,0,0,1,0,0,0,1,0,0,1,0,0,1
1,4505905,1,4.00,A,A,2,1,0,0,0,1,0,0,0,1,0,0,1,0,0,1
1,4505927,3,24.00,A,A,2,1,0,0,1,0,0,0,0,1,0,0,1,0,0,1
1,4506001,1,8.00,A,A,2,0,1,0,0,1,0,0,0,1,0,0,1,0,0,0
1,4505951,1,4.00,A,A,2,0,1,0,0,1,0,0,0,1,0,0,1,0,0,0
1,4505474,1,4.00,A,A,2,1,0,0,1,0,0,0,0,1,0,0,1,0,0,1
1,4505992,1,6.00,A,A,2,1,0,1,0,0,0,0,0,1,0,0,1,0,0,1
1,4506782,1,4.00,A,A,2,0,1,0,0,1,0,0,0,1,0,0,1,0,0,0
1,4505294,1,4.00,A,A,2,1,0,0,0,1,0,0,0,1,0,0,1,0,0,1
1,4506296,1,10.00,A,A,2,1,0,0,1,0,0,0,0,1,0,0,1,0,0,1
1,4506178,1,8.00,A,A,2,1,0,0,0,1,0,0,0,1,0,0,1,0,0,1
1,4506740,1,8.00,A,A,2,0,1,0,0,1,0,0,0,1,0,0,1,0,0,0
1,4506023,1,8.00,A,A,2,1,0,0,0,1,0,0,0,1,0,0,1,0,0,1
1,4505963,1,8.00,A,A,2,1,0,0,0,1,0,0,0,1,0,0,1,0,0,1
1,4506313,1,4.00,A,A,2,0,1,0,0,1,0,0,0,1,0,0,1,0,0,0
1,4506861,1,8.00,A,A,2,0,1,0,0,1,0,0,0,1,0,0,1,0,0,0
1,4506571,1,6.00,A,A,2,0,1,0,0,1,0,0,0,1,0,0,1,0,0,0
1,4506800,1,4.00,A,A,2,0,1,0,0,1,0,0,0,1,0,0,1,0,0,0
1,4505865,1,6.00,A,A,2,1,0,0,1,0,0,0,0,1,0,0,1,0,0,1
1,4506453,1,6.00,A,A,2,1,0,0,1,0,0,0,0,1,0,0,1,0,0,1
1,4507042,2,12.00,A,A,2,0,1,0,0,1,0,0,0,1,0,0,1,0,0,0
1,4505429,1,4.00,A,A,2,1,0,0,1,0,0,0,0,1,0,0,1,0,0,1
1,4505203,1,8.00,A,A,2,1,0,0,0,1,0,0,0,1,0,0,1,0,0,1
1,4506024,1,6.00,A,A,2,1,0,1,0,0,0,0,0,1,0,0,1,0,0,1
1,4506730,1,6.00,A,A,2,1,0,0,0,1,0,0,0,1,0,0,1,0,0,1
1,4505983,1,8.00,A,A,2,0,1,0,0,1,0,0,0,1,0,0,1,0,0,0
1,4506494,1,4.00,A,A,2,0,1,0,0,1,0,0,0,1,0,0,1,0,0,0
1,4505924,1,8.00,A,A,2,1,0,0,1,0,0,0,0,1,0,0,1,0,0,1
1,4506515,1,10.00,A,A,2,1,0,0,1,0,0,0,0,1,0,0,1,0,0,1
1,4506172,1,10.00,A,A,2,1,0,0,1,0,0,0,0,1,0,0,1,0,0,1
1,4505454,1,6.00,A,A,2,1,0,0,1,0,0,0,0,1,0,0,1,0,0,1
1,4505522,1,8.00,A,A,2,1,0,0,0,1,0,0,0,1,0,0,1,0,0,1
1,4506807,1,6.00,A,A,2,0,1,0,1,0,0,0,0,1,0,0,1,0,0,1
1,4506601,1,2.00,A,A,2,0,1,0,1,0,0,0,0,1,0,1,0,0,0,0
1,4506036,1,6.00,A,A,2,0,1,0,1,0,0,0,0,1,0,1,0,0,0,0
1,4506587,1,10.00,O,O,2,0,1,0,0,1,0,0,0,1,0,0,1,0,0,0
1,4505940,1,2.00,A,A,1,0,1,0,0,0,0,0,0,1,0,0,0,0,0,0
1,4506401,1,2.00,A,A,1,0,1,0,0,0,0,0,0,1,0,0,0,0,0,0
1,4506214,1,2.00,A,A,1,0,1,0,0,0,0,0,0,1,0,0,0,0,0,0
1,4506769,1,6.00,A,A,1,0,1,0,0,0,0,0,0,1,0,0,0,0,0,0
1,4505939,1,4.00,A,A,1,0,1,0,0,0,0,0,0,1,0,0,0,0,0,0
1,4506553,1,8.00,A,A,1,0,1,0,0,0,0,0,0,1,0,0,0,0,0,0
1,4506552,2,16.00,A,A,1,0,1,0,0,0,0,0,0,1,0,0,0,0,0,0
1,4506184,1,4.00,A,A,1,0,1,0,0,0,0,0,0,1,0,0,0,0,0,0
1,4505999,1,8.00,A,A,1,0,1,0,0,0,0,0,0,1,0,0,0,0,0,0
1,4506462,1,3.00,A,A,1,0,1,0,0,0,0,0,0,1,0,0,0,0,0,0
1,4505891,1,4.00,A,A,1,0,1,0,0,0,0,0,0,1,0,0,0,0,0,0
1,4506276,1,8.00,A,A,1,0,1,0,0,0,0,0,0,1,0,0,0,0,0,0
1,4506339,4,32.00,A,A,1,0,1,0,0,0,0,0,0,1,0,0,0,0,0,0
1,4506092,1,4.00,A,A,1,0,1,0,0,0,0,0,0,1,0,0,0,0,0,0
1,4506400,1,4.00,A,A,1,0,1,0,0,0,0,0,0,1,0,0,0,0,0,0
1,4507538,1,8.00,A,A,1,0,0,0,1,0,0,0,0,1,0,0,0,0,0,1
1,4507558,1,4.00,A,A,1,0,0,0,1,0,0,0,0,1,0,0,0,0,0,1
1,4506645,1,4.00,A,A,1,0,1,0,0,0,0,0,0,1,0,0,0,0,0,0
1,4506030,1,6.00,A,A,1,0,1,0,0,0,0,0,0,1,0,0,0,0,0,0
1,4506031,2,16.00,A,A,1,0,1,0,0,0,0,0,0,1,0,0,0,0,0,0
1,4506708,1,4.00,A,A,1,0,1,0,0,0,0,0,0,1,0,0,0,0,0,0
1,4506554,1,4.00,A,A,1,0,1,0,0,0,0,0,0,1,0,0,0,0,0,0
1,4506215,1,8.00,A,A,1,0,1,0,0,0,0,0,0,1,0,0,0,0,0,0
1,4506213,1,6.00,A,A,1,0,1,0,0,0,0,0,0,1,0,0,0,0,0,0
1,4506647,1,8.00,A,A,1,0,1,0,0,0,0,0,0,1,0,0,0,0,0,0
1,4505972,1,2.00,A,A,1,0,1,0,0,0,0,0,0,1,0,0,0,0,0,0
1,4506122,1,4.00,A,A,1,0,1,0,0,0,0,0,0,1,0,0,0,0,0,0
1,4507356,1,4.00,A,A,1,0,0,0,1,0,0,0,0,1,0,0,0,0,0,1
1,4506512,1,3.00,A,A,1,0,0,1,0,0,0,0,0,1,0,0,0,0,0,1
1,4506790,1,6.00,A,A,1,0,0,1,0,0,0,0,0,1,0,0,0,0,0,1
1,4506370,1,4.00,A,A,1,0,1,0,0,0,0,0,0,1,0,0,0,0,0,0
1,4506768,1,4.00,A,A,1,0,1,0,0,0,0,0,0,1,0,0,0,0,0,0
1,4507278,1,8.00,A,A,1,0,0,0,1,0,0,0,0,1,0,0,0,0,0,1
1,4507252,1,8.00,A,A,1,0,0,0,1,0,0,0,0,1,0,0,0,0,0,1
1,4507378,1,2.00,A,A,1,0,0,0,1,0,0,0,0,1,0,0,0,0,0,1
1,4506697,1,2.00,A,A,1,0,0,1,0,0,0,0,0,1,0,0,0,0,0,1
1,4506337,2,16.00,A,A,1,0,1,0,0,0,0,0,0,1,0,0,0,0,0,0
1,4506121,1,8.00,A,A,1,0,1,0,0,0,0,0,0,1,0,0,0,0,0,0
1,4505725,1,4.00,A,A,1,1,0,0,0,0,0,0,0,1,0,0,0,0,0,1
1,4505317,1,6.00,A,A,1,1,0,0,0,0,0,0,0,1,0,0,0,0,0,1
1,4507305,1,4.00,A,A,1,0,0,0,1,0,0,0,0,1,0,0,0,0,0,1
1,4506061,1,6.00,A,A,1,0,1,0,0,0,0,0,0,1,0,0,0,0,0,0
1,4506183,1,4.00,A,A,1,0,1,0,0,0,0,0,0,1,0,0,0,0,0,0
1,4506489,1,4.00,A,A,1,0,1,0,0,0,0,0,0,1,0,0,0,0,0,0
1,4506450,1,4.00,A,A,1,0,0,1,0,0,0,0,0,1,0,0,0,0,0,1
1,4507102,1,4.00,A,A,1,0,0,1,0,0,0,0,0,1,0,0,0,0,0,1
1,4506603,1,4.00,A,A,1,0,0,1,0,0,0,0,0,1,0,0,0,0,0,1
1,4506729,1,4.00,A,A,1,0,0,1,0,0,0,0,0,1,0,0,0,0,0,1
1,4506262,1,2.00,A,A,1,0,0,1,0,0,0,0,0,1,0,0,0,0,0,1
1,4507391,1,2.00,A,A,1,0,0,1,0,0,0,0,0,1,0,0,0,0,0,1
1,4507331,1,3.00,A,A,1,0,0,0,1,0,0,0,0,1,0,0,0,0,0,1
1,4507402,1,3.00,A,A,1,0,0,0,1,0,0,0,0,1,0,0,0,0,0,1
1,4506617,1,4.00,A,A,1,0,1,0,0,0,0,0,0,1,0,0,0,0,0,0
1,4507053,1,2.00,A,A,1,0,0,0,1,0,0,0,0,1,0,0,0,0,0,1
1,4507015,1,2.00,A,A,1,0,0,1,0,0,0,0,0,1,0,0,0,0,0,1
1,4507158,1,4.00,A,A,1,0,0,1,0,0,0,0,0,1,0,0,0,0,0,1
1,4506872,1,2.00,A,A,1,0,0,1,0,0,0,0,0,1,0,0,0,0,0,1
1,4507345,1,2.00,A,A,1,0,0,1,0,0,0,0,0,1,0,0,0,0,0,1
1,4506128,1,2.00,A,A,1,0,1,0,0,0,0,0,0,1,0,0,0,0,0,0
1,4505893,1,8.00,A,A,1,0,1,0,0,0,0,0,0,1,0,0,0,0,0,0
1,4507617,1,2.00,A,A,1,0,0,0,1,0,0,0,0,1,0,0,0,0,0,1
1,4505682,1,6.00,A,A,1,1,0,0,0,0,0,0,0,1,0,0,0,0,0,1
1,4506558,1,2.00,A,A,1,0,1,0,0,0,0,0,0,1,0,0,0,0,0,0
1,4506406,1,4.00,A,A,1,0,1,0,0,0,0,0,0,1,0,0,0,0,0,0
1,4507516,1,2.00,A,A,1,0,0,0,1,0,0,0,0,1,0,0,0,0,0,1
1,4506064,1,8.00,A,A,1,0,1,0,0,0,0,0,0,1,0,0,0,0,0,0
1,4506651,1,2.00,A,A,1,0,1,0,0,0,0,0,0,1,0,0,0,0,0,0
1,4507287,1,3.00,A,A,1,0,0,0,0,1,0,0,0,1,0,0,0,0,0,1
1,4507341,1,8.00,A,A,1,0,0,0,0,1,0,0,0,1,0,0,0,0,0,1
1,4507073,1,2.00,A,A,1,0,0,1,0,0,0,0,0,1,0,0,0,0,0,1
1,4506964,1,2.00,A,A,1,0,0,0,1,0,0,0,0,1,0,0,0,0,0,1
1,4505512,1,2.00,A,A,1,1,0,0,0,0,0,0,0,1,0,0,0,0,0,1
1,4506094,1,2.00,A,A,1,0,1,0,0,0,0,0,0,1,0,0,0,0,0,0
1,4507401,1,6.00,A,A,1,0,0,0,1,0,0,0,0,1,0,0,0,0,0,1
1,4506994,1,4.00,A,A,1,0,0,0,1,0,0,0,0,1,0,0,0,0,0,1
1,4506124,1,6.00,A,A,1,0,1,0,0,0,0,0,0,1,0,0,0,0,0,0
1,4506159,1,2.00,A,A,1,0,1,0,0,0,0,0,0,1,0,0,0,0,0,0
1,4507598,1,2.00,A,A,1,0,0,0,1,0,0,0,0,1,0,0,0,0,0,1
1,4506186,1,3.00,A,A,1,0,1,0,0,0,0,0,0,1,0,0,0,0,0,0
1,4507251,1,2.00,A,A,1,0,0,0,1,0,0,0,0,1,0,0,0,0,0,1
1,4507304,1,6.00,A,A,1,0,0,0,1,0,0,0,0,1,0,0,0,0,0,1
1,4506824,1,8.00,A,A,1,0,1,0,0,0,0,0,0,1,0,0,0,0,0,0
1,4507168,1,6.00,A,A,1,0,0,0,1,0,0,0,0,1,0,0,0,0,0,1
1,4506530,1,2.00,A,A,1,0,1,0,0,0,0,0,0,1,0,0,0,0,0,0
1,4506819,1,4.00,A,A,1,0,0,1,0,0,0,0,0,1,0,0,0,0,0,1
1,4506801,1,2.00,A,A,1,0,1,0,0,0,0,0,0,1,0,0,0,0,0,0
1,4505976,1,3.00,A,A,1,0,1,0,0,0,0,0,0,1,0,0,0,0,0,0
1,4506325,1,3.00,A,A,1,0,0,1,0,0,0,0,0,1,0,0,0,0,0,1
1,4507268,1,4.00,A,A,1,0,0,1,0,0,0,0,0,1,0,0,0,0,0,1
1,4507320,1,2.00,A,A,1,0,0,1,0,0,0,0,0,1,0,0,0,0,0,1
1,4505941,1,2.00,A,A,1,0,1,0,0,0,0,0,0,1,0,0,0,0,0,0
1,4506574,1,4.00,A,A,1,0,0,1,0,0,0,0,0,1,0,0,0,0,0,1
1,4507240,1,2.00,A,A,1,0,0,1,0,0,0,0,0,1,0,0,0,0,0,1
1,4506343,1,2.00,A,A,1,0,1,0,0,0,0,0,0,1,0,0,0,0,0,0
1,4506856,1,2.00,A,A,1,0,1,0,0,0,0,0,0,1,0,0,0,0,0,0
1,4506893,1,8.00,A,A,1,0,0,1,0,0,0,0,0,1,0,0,0,0,0,1
1,4507294,1,8.00,A,A,1,0,0,1,0,0,0,0,0,1,0,0,0,0,0,1
1,4506757,1,2.00,A,A,1,0,0,1,0,0,0,0,0,1,0,0,0,0,0,1
1,4507425,1,2.00,A,A,1,0,0,0,1,0,0,0,0,1,0,0,0,0,0,1
1,4506984,1,2.00,A,A,1,0,0,1,0,0,0,0,0,1,0,0,0,0,0,1
1,4506840,1,4.00,A,A,1,0,0,1,0,0,0,0,0,1,0,0,0,0,0,1
1,4505920,1,4.00,A,A,1,0,1,0,0,0,0,0,0,1,0,0,0,0,0,0
1,4506324,1,8.00,A,A,1,0,0,1,0,0,0,0,0,1,0,0,0,0,0,1
1,4506221,1,2.00,A,A,1,0,1,0,0,0,0,0,0,1,0,0,0,0,0,0
1,4507330,1,6.00,A,A,1,0,0,0,1,0,0,0,0,1,0,0,0,0,0,1
1,4506854,1,2.00,A,A,1,0,1,0,0,0,0,0,0,1,0,0,0,0,0,0
1,4506006,1,6.00,A,A,1,0,1,0,0,0,0,0,0,1,0,0,0,0,0,0
1,4506925,1,4.00,A,A,1,0,0,1,0,0,0,0,0,1,0,0,0,0,0,1
1,4507267,1,6.00,A,A,1,0,0,1,0,0,0,0,0,1,0,0,0,0,0,1
1,4506219,1,8.00,A,A,1,0,1,0,0,0,0,0,0,1,0,0,0,0,0,0
1,4507464,1,6.00,A,A,1,0,0,1,0,0,0,0,0,1,0,0,0,0,0,1
1,4506191,1,2.00,A,A,1,0,1,0,0,0,0,0,0,1,0,0,0,0,0,0
1,4506161,1,8.00,A,A,1,0,1,0,0,0,0,0,0,1,0,0,0,0,0,0
1,4506653,1,4.00,A,A,1,0,1,0,0,0,0,0,0,1,0,0,0,0,0,0
1,4506818,1,4.00,A,A,1,0,0,1,0,0,0,0,0,1,0,0,0,0,0,1
1,4506680,1,2.00,A,A,1,0,1,0,0,0,0,0,0,1,0,0,0,0,0,0
1,4506155,1,4.00,A,A,1,0,1,0,0,0,0,0,0,1,0,0,0,0,0,0
1,4506604,1,6.00,A,A,1,0,0,1,0,0,0,0,0,1,0,0,0,0,0,1
1,4507171,1,8.00,A,A,1,0,0,0,1,0,0,0,0,1,0,0,0,0,0,1
1,4506904,1,8.00,A,A,1,0,0,0,1,0,0,0,0,1,0,0,0,0,0,1
1,4507113,2,8.00,A,A,1,0,0,0,1,0,0,0,0,1,0,0,0,0,0,1
1,4506130,1,2.00,A,A,1,0,1,0,0,0,0,0,0,1,0,0,0,0,0,0
1,4506283,1,6.00,A,A,1,0,1,0,0,0,0,0,0,1,0,0,0,0,0,0
1,4506470,1,8.00,A,A,1,0,1,0,0,0,0,0,0,1,0,0,0,0,0,0
1,4506826,1,2.00,A,A,1,0,1,0,0,0,0,0,0,1,0,0,0,0,0,0
1,4506345,1,10.00,A,A,1,0,1,0,0,0,0,0,0,1,0,0,0,0,0,0
1,4505449,3,24.00,A,A,1,1,0,0,0,0,0,0,0,1,0,0,0,0,0,1
1,4506100,1,2.00,A,A,1,0,1,0,0,0,0,0,0,1,0,0,0,0,0,0
1,4507074,1,6.00,A,A,1,0,0,1,0,0,0,0,0,1,0,0,0,0,0,1
1,4506714,1,6.00,A,A,1,0,1,0,0,0,0,0,0,1,0,0,0,0,0,0
1,4506852,1,4.00,A,A,1,0,0,0,1,0,0,0,0,1,0,0,0,0,0,1
1,4507044,1,4.00,A,A,1,0,0,1,0,0,0,0,0,1,0,0,0,0,0,1
1,4507497,1,8.00,A,A,1,0,0,0,1,0,0,0,0,1,0,0,0,0,0,1
1,4507332,1,3.00,A,A,1,0,0,0,1,0,0,0,0,1,0,0,0,0,0,1
1,4507370,1,2.00,A,A,1,0,0,1,0,0,0,0,0,1,0,0,0,0,0,1
1,4506437,1,2.00,A,A,1,0,1,0,0,0,0,0,0,1,0,0,0,0,0,0
1,4505273,1,8.00,A,A,1,1,0,0,0,0,0,0,0,1,0,0,0,0,0,1
1,4507115,1,4.00,A,A,1,0,0,0,1,0,0,0,0,1,0,0,0,0,0,1
1,4507085,1,4.00,A,A,1,0,0,0,1,0,0,0,0,1,0,0,0,0,0,1
1,4506590,1,2.00,A,A,1,0,1,0,0,0,0,0,0,1,0,0,0,0,0,0
1,4507016,1,6.00,A,A,1,0,0,1,0,0,0,0,0,1,0,0,0,0,0,1
1,4507559,1,2.00,A,A,1,0,0,0,1,0,0,0,0,1,0,0,0,0,0,1
1,4506758,1,8.00,A,A,1,0,0,1,0,0,0,0,0,1,0,0,0,0,0,1
1,4507346,1,6.00,A,A,1,0,0,1,0,0,0,0,0,1,0,0,0,0,0,1
1,4506791,1,4.00,A,A,1,0,0,1,0,0,0,0,0,1,0,0,0,0,0,1
1,4507392,1,6.00,A,A,1,0,0,1,0,0,0,0,0,1,0,0,0,0,0,1
1,4506985,1,6.00,A,A,1,0,0,1,0,0,0,0,0,1,0,0,0,0,0,1
1,4506654,1,8.00,A,A,1,0,1,0,0,0,0,0,0,1,0,0,0,0,0,0
1,4506841,1,4.00,A,A,1,0,0,1,0,0,0,0,0,1,0,0,0,0,0,1
1,4506192,1,8.00,A,A,1,0,1,0,0,0,0,0,0,1,0,0,0,0,0,0
1,4507295,1,6.00,A,A,1,0,0,1,0,0,0,0,0,1,0,0,0,0,0,1
1,4506070,1,2.00,A,A,1,0,1,0,0,0,0,0,0,1,0,0,0,0,0,0
1,4507539,1,3.00,A,A,1,0,0,0,1,0,0,0,0,1,0,0,0,0,0,1
1,4507198,1,8.00,A,A,1,0,0,0,1,0,0,0,0,1,0,0,0,0,0,1
1,4507441,1,6.00,A,A,1,0,0,1,0,0,0,0,0,1,0,0,0,0,0,1
1,4506997,1,4.00,A,A,1,0,0,0,1,0,0,0,0,1,0,0,0,0,0,1
1,4506926,1,4.00,A,A,1,0,0,1,0,0,0,0,0,1,0,0,0,0,0,1
1,4506743,1,4.00,A,A,1,0,1,0,0,0,0,0,0,1,0,0,0,0,0,0
1,4507104,1,4.00,A,A,1,0,0,1,0,0,0,0,0,1,0,0,0,0,0,1
1,4507132,1,3.00,A,A,1,0,0,1,0,0,0,0,0,1,0,0,0,0,0,1
1,4507187,1,6.00,A,A,1,0,0,1,0,0,0,0,0,1,0,0,0,0,0,1
1,4506858,1,2.00,A,A,1,0,1,0,0,0,0,0,0,1,0,0,0,0,0,0
1,4506591,1,8.00,A,A,1,0,1,0,0,0,0,0,0,1,0,0,0,0,0,0
1,4506326,1,4.00,A,A,1,0,0,1,0,0,0,0,0,1,0,0,0,0,0,1
1,4507214,2,6.00,A,A,1,0,0,1,0,0,0,0,0,1,0,0,0,0,0,1
1,4505901,1,6.00,A,A,1,1,0,0,0,0,0,0,0,1,0,0,0,0,0,1
1,4506605,1,8.00,A,A,1,0,0,1,0,0,0,0,0,1,0,0,0,0,0,1
1,4506956,1,8.00,A,A,1,0,0,1,0,0,0,0,0,1,0,0,0,0,0,1
1,4505592,1,2.00,A,A,1,1,0,0,0,0,0,0,0,1,0,0,0,0,0,1
1,4506561,1,4.00,A,A,1,0,1,0,0,0,0,0,0,1,0,0,0,0,0,0
1,4506193,1,8.00,A,A,1,0,1,0,0,0,0,0,0,1,0,0,0,0,0,0
1,4506071,1,4.00,A,A,1,0,1,0,0,0,0,0,0,1,0,0,0,0,0,0
1,4507159,1,2.00,A,A,1,0,0,1,0,0,0,0,0,1,0,0,0,0,0,1
1,4507580,1,4.00,A,A,1,0,0,0,1,0,0,0,0,1,0,0,0,0,0,1
1,4506744,1,4.00,A,A,1,0,1,0,0,0,0,0,0,1,0,0,0,0,0,0
1,4506938,1,6.00,A,A,1,0,0,0,1,0,0,0,0,1,0,0,0,0,0,1
1,4507357,1,2.00,A,A,1,0,0,0,1,0,0,0,0,1,0,0,0,0,0,1
1,4507279,1,8.00,A,A,1,0,0,0,1,0,0,0,0,1,0,0,0,0,0,1
1,4507428,1,8.00,A,A,1,0,0,0,1,0,0,0,0,1,0,0,0,0,0,1
1,4506438,1,2.00,A,A,1,0,1,0,0,0,0,0,0,1,0,0,0,0,0,0
1,4507322,1,6.00,A,A,1,0,0,1,0,0,0,0,0,1,0,0,0,0,0,1
1,4506907,1,2.00,A,A,1,0,0,0,1,0,0,0,0,1,0,0,0,0,0,1
1,4507170,1,2.00,A,A,1,0,0,0,1,0,0,0,0,1,0,0,0,0,0,1
1,4506623,1,4.00,A,A,1,0,1,0,0,0,0,0,0,1,0,0,0,0,0,0
1,4507242,1,6.00,A,A,1,0,0,1,0,0,0,0,0,1,0,0,0,0,0,1
1,4506927,1,6.00,A,A,1,0,0,1,0,0,0,0,0,1,0,0,0,0,0,1
1,4506496,1,8.00,A,A,1,0,1,0,0,0,0,0,0,1,0,0,0,0,0,0
1,4505204,1,3.00,A,A,1,1,0,0,0,0,0,0,0,1,0,0,0,0,0,1
1,4506163,1,2.00,A,A,1,0,1,0,0,0,0,0,0,1,0,0,0,0,0,0
1,4506037,1,6.00,A,A,1,0,1,0,0,0,0,0,0,1,0,0,0,0,0,0
1,4506263,1,8.00,A,A,1,0,0,1,0,0,0,0,0,1,0,0,0,0,0,1
1,4506955,1,4.00,A,A,1,0,0,1,0,0,0,0,0,1,0,0,0,0,0,1
1,4506499,1,3.00,A,A,1,0,1,0,0,0,0,0,0,1,0,0,0,0,0,0
1,4506008,1,8.00,A,A,1,0,1,0,0,0,0,0,0,1,0,0,0,0,0,0
1,4506409,1,3.00,A,A,1,0,1,0,0,0,0,0,0,1,0,0,0,0,0,0
1,4506379,1,2.00,A,A,1,0,1,0,0,0,0,0,0,1,0,0,0,0,0,0
1,4505385,1,8.00,A,A,1,1,0,0,0,0,0,0,0,1,0,0,0,0,0,1
1,4506857,1,2.00,A,A,1,0,1,0,0,0,0,0,0,1,0,0,0,0,0,0
1,4505466,2,12.00,A,A,1,1,0,0,0,0,0,0,0,1,0,0,0,0,0,1
1,4506957,1,8.00,A,A,1,0,0,1,0,0,0,0,0,1,0,0,0,0,0,1
1,4507142,1,8.00,A,A,1,0,0,0,1,0,0,0,0,1,0,0,0,0,0,1
1,4506966,1,6.00,A,A,1,0,0,0,1,0,0,0,0,1,0,0,0,0,0,1
1,4507530,1,4.00,A,A,1,0,0,1,0,0,0,0,0,1,0,0,0,0,0,1
1,4507188,1,8.00,A,A,1,0,0,1,0,0,0,0,0,1,0,0,0,0,0,1
1,4507416,1,4.00,A,A,1,0,0,1,0,0,0,0,0,1,0,0,0,0,0,1
1,4506007,1,4.00,A,A,1,0,1,0,0,0,0,0,0,1,0,0,0,0,0,0
1,4507403,1,6.00,A,A,1,0,0,0,1,0,0,0,0,1,0,0,0,0,0,1
1,4506715,1,4.00,A,A,1,0,1,0,0,0,0,0,0,1,0,0,0,0,0,0
1,4506683,1,2.00,A,A,1,0,1,0,0,0,0,0,0,1,0,0,0,0,0,0
1,4507380,1,2.00,A,A,1,0,0,0,1,0,0,0,0,1,0,0,0,0,0,1
1,4506895,1,4.00,A,A,1,0,0,1,0,0,0,0,0,1,0,0,0,0,0,1
1,4507224,1,8.00,A,A,1,0,0,0,1,0,0,0,0,1,0,0,0,0,0,1
1,4507215,1,4.00,A,A,1,0,0,1,0,0,0,0,0,1,0,0,0,0,0,1
1,4506012,1,4.00,A,A,1,0,1,0,0,0,0,0,0,1,0,0,0,0,0,0
1,4506167,1,2.00,A,A,1,0,1,0,0,0,0,0,0,1,0,0,0,0,0,0
1,4507131,1,4.00,A,A,1,0,0,1,0,0,0,0,0,1,0,0,0,0,0,1
1,4506222,1,6.00,A,A,1,0,1,0,0,0,0,0,0,1,0,0,0,0,0,0
1,4506808,1,2.00,A,A,1,0,1,0,0,0,0,0,0,1,0,0,0,0,0,0
1,4507508,1,2.00,A,A,1,0,0,1,0,0,0,0,0,1,0,0,0,0,0,1
1,4505295,1,4.00,A,A,1,1,0,0,0,0,0,0,0,1,0,0,0,0,0,1
1,4507103,1,4.00,A,A,1,0,0,1,0,0,0,0,0,1,0,0,0,0,0,1
1,4507026,1,4.00,A,A,1,0,0,0,1,0,0,0,0,1,0,0,0,0,0,1
1,4507413,1,2.00,A,A,1,0,0,0,0,1,0,0,0,1,0,0,0,0,0,1
1,4507297,1,8.00,A,A,1,0,0,1,0,0,0,0,0,1,0,0,0,0,0,1
1,4507579,1,6.00,A,A,1,0,0,0,1,0,0,0,0,1,0,0,0,0,0,1
1,4507427,1,4.00,A,A,1,0,0,0,1,0,0,0,0,1,0,0,0,0,0,1
1,4506987,1,4.00,A,A,1,0,0,1,0,0,0,0,0,1,0,0,0,0,0,1
1,4506986,1,3.00,A,A,1,0,0,1,0,0,0,0,0,1,0,0,0,0,0,1
1,4506874,1,4.00,A,A,1,0,0,1,0,0,0,0,0,1,0,0,0,0,0,1
1,4507466,1,2.00,A,A,1,0,0,1,0,0,0,0,0,1,0,0,0,0,0,1
1,4507488,1,2.00,A,A,1,0,0,1,0,0,0,0,0,1,0,0,0,0,0,1
1,4507324,1,3.00,A,A,1,0,0,1,0,0,0,0,0,1,0,0,0,0,0,1
1,4506897,1,2.00,A,A,1,0,0,1,0,0,0,0,0,1,0,0,0,0,0,1
1,4507599,2,12.00,A,A,1,0,0,0,1,0,0,0,0,1,0,0,0,0,0,1
1,4507600,1,6.00,A,A,1,0,0,0,1,0,0,0,0,1,0,0,0,0,0,1
1,4506228,1,8.00,A,A,1,0,1,0,0,0,0,0,0,1,0,0,0,0,0,0
1,4507076,1,6.00,A,A,1,0,0,1,0,0,0,0,0,1,0,0,0,0,0,1
1,4507161,1,2.00,A,A,1,0,0,1,0,0,0,0,0,1,0,0,0,0,0,1
1,4507321,1,2.00,A,A,1,0,0,1,0,0,0,0,0,1,0,0,0,0,0,1
1,4507348,1,2.00,A,A,1,0,0,1,0,0,0,0,0,1,0,0,0,0,0,1
1,4507141,1,4.00,A,A,1,0,0,0,1,0,0,0,0,1,0,0,0,0,0,1
1,4507056,1,4.00,A,A,1,0,0,0,1,0,0,0,0,1,0,0,0,0,0,1
1,4506821,1,4.00,A,A,1,0,0,1,0,0,0,0,0,1,0,0,0,0,0,1
1,4506413,1,4.00,A,A,1,0,1,0,0,0,0,0,0,1,0,0,0,0,0,0
1,4507619,1,8.00,A,A,1,0,0,0,1,0,0,0,0,1,0,0,0,0,0,1
1,4506316,1,2.00,A,A,1,0,1,0,0,0,0,0,0,1,0,0,0,0,0,0
1,4507196,1,8.00,A,A,1,0,0,0,1,0,0,0,0,1,0,0,0,0,0,1
1,4507372,1,6.00,A,A,1,0,0,1,0,0,0,0,0,1,0,0,0,0,0,1
1,4506158,1,6.00,A,A,1,0,1,0,0,0,0,0,0,1,0,0,0,0,0,0
1,4506843,1,4.00,A,A,1,0,0,1,0,0,0,0,0,1,0,0,0,0,0,1
1,4506760,1,8.00,A,A,1,0,0,1,0,0,0,0,0,1,0,0,0,0,0,1
1,4507509,1,8.00,A,A,1,0,0,1,0,0,0,0,0,1,0,0,0,0,0,1
1,4505401,1,2.00,A,A,1,1,0,0,0,0,0,0,0,1,0,0,0,0,0,1
1,4506883,1,6.00,A,A,1,0,0,0,1,0,0,0,0,1,0,0,0,0,0,1
1,4506996,1,4.00,A,A,1,0,0,0,1,0,0,0,0,1,0,0,0,0,0,1
1,4505769,1,2.00,A,A,1,1,0,0,0,0,0,0,0,1,0,0,0,0,0,1
1,4505342,1,6.00,A,A,1,1,0,0,0,0,0,0,0,1,0,0,0,0,0,1
1,4506711,1,4.00,A,A,1,0,1,0,0,0,0,0,0,1,0,0,0,0,0,0
1,4506229,1,2.00,A,A,1,0,1,0,0,0,0,0,0,1,0,0,0,0,0,0
1,4506188,1,3.00,A,A,1,0,1,0,0,0,0,0,0,1,0,0,0,0,0,0
1,4507440,1,2.00,A,A,1,0,0,1,0,0,0,0,0,1,0,0,0,0,0,1
1,4506404,1,2.00,A,A,1,0,1,0,0,0,0,0,0,1,0,0,0,0,0,0
1,4507106,1,4.00,A,A,1,0,0,1,0,0,0,0,0,1,0,0,0,0,0,1
1,4505975,1,6.00,A,A,1,0,1,0,0,0,0,0,0,1,0,0,0,0,0,0
1,4506096,1,4.00,A,A,1,0,1,0,0,0,0,0,0,1,0,0,0,0,0,0
1,4507253,1,2.00,A,A,1,0,0,0,1,0,0,0,0,1,0,0,0,0,0,1
1,4507045,1,8.00,A,A,1,0,0,1,0,0,0,0,0,1,0,0,0,0,0,1
1,4507609,1,2.00,A,A,1,0,0,0,0,1,0,0,0,1,0,0,0,0,0,1
1,4506842,1,8.00,A,A,1,0,0,1,0,0,0,0,0,1,0,0,0,0,0,1
1,4506217,1,6.00,A,A,1,0,1,0,0,0,0,0,0,1,0,0,0,0,0,0
1,4507355,1,8.00,A,A,1,0,0,0,1,0,0,0,0,1,0,0,0,0,0,1
1,4507394,1,4.00,A,A,1,0,0,1,0,0,0,0,0,1,0,0,0,0,0,1
1,4506896,1,3.00,A,A,1,0,0,1,0,0,0,0,0,1,0,0,0,0,0,1
1,4506710,2,16.00,A,A,1,0,1,0,0,0,0,0,0,1,0,0,0,0,0,0
1,4507550,1,3.00,A,A,1,0,0,1,0,0,0,0,0,1,0,0,0,0,0,1
1,4507243,1,4.00,A,A,1,0,0,1,0,0,0,0,0,1,0,0,0,0,0,1
1,4507270,1,4.00,A,A,1,0,0,1,0,0,0,0,0,1,0,0,0,0,0,1
1,4506928,1,2.00,A,A,1,0,0,1,0,0,0,0,0,1,0,0,0,0,0,1
1,4507306,1,6.00,A,A,1,0,0,0,1,0,0,0,0,1,0,0,0,0,0,1
1,4506894,1,6.00,A,A,1,0,0,1,0,0,0,0,0,1,0,0,0,0,0,1
1,4506375,1,3.00,A,A,1,0,1,0,0,0,0,0,0,1,0,0,0,0,0,0
1,4506650,1,4.00,A,A,1,0,1,0,0,0,0,0,0,1,0,0,0,0,0,0
1,4507620,1,4.00,A,A,1,0,0,0,1,0,0,0,0,1,0,0,0,0,0,1
1,4506965,1,8.00,A,A,1,0,0,0,1,0,0,0,0,1,0,0,0,0,0,1
1,4507417,1,4.00,A,A,1,0,0,1,0,0,0,0,0,1,0,0,0,0,0,1
1,4507442,1,4.00,A,A,1,0,0,1,0,0,0,0,0,1,0,0,0,0,0,1
1,4505974,1,4.00,A,A,1,0,1,0,0,0,0,0,0,1,0,0,0,0,0,0
1,4507133,1,2.00,A,A,1,0,0,1,0,0,0,0,0,1,0,0,0,0,0,1
1,4506678,1,2.00,A,A,1,0,1,0,0,0,0,0,0,1,0,0,0,0,0,0
1,4506772,1,6.00,A,A,1,0,1,0,0,0,0,0,0,1,0,0,0,0,0,0
1,4507389,1,8.00,A,A,1,0,0,0,0,1,0,0,0,1,0,0,0,0,0,1
1,4506619,1,4.00,A,A,1,0,1,0,0,0,0,0,0,1,0,0,0,0,0,0
1,4506374,1,4.00,A,A,1,0,1,0,0,0,0,0,0,1,0,0,0,0,0,0
1,4506288,2,12.00,A,A,1,0,1,0,0,0,0,0,0,1,0,0,0,0,0,0
1,4506289,1,6.00,A,A,1,0,0,0,0,1,0,0,0,1,0,0,0,0,0,1
1,4507116,1,8.00,A,A,1,0,0,0,1,0,0,0,0,1,0,0,0,0,0,1
1,4507475,1,8.00,A,A,1,0,0,0,1,0,0,0,0,1,0,0,0,0,0,1
1,4506341,1,2.00,A,A,1,0,1,0,0,0,0,0,0,1,0,0,0,0,0,0
1,4507134,1,6.00,A,A,1,0,0,1,0,0,0,0,0,1,0,0,0,0,0,1
1,4506528,1,4.00,A,A,1,0,1,0,0,0,0,0,0,1,0,0,0,0,0,0
1,4506465,1,4.00,A,A,1,0,1,0,0,0,0,0,0,1,0,0,0,0,0,0
1,4507371,1,4.00,A,A,1,0,0,1,0,0,0,0,0,1,0,0,0,0,0,1
1,4506586,1,6.00,A,A,1,0,1,0,0,0,0,0,0,1,0,0,0,0,0,0
1,4506618,1,2.00,A,A,1,0,1,0,0,0,0,0,0,1,0,0,0,0,0,0
1,4506719,1,4.00,A,A,1,0,1,0,0,0,0,0,0,1,0,0,0,0,0,0
1,4507075,1,4.00,A,A,1,0,0,1,0,0,0,0,0,1,0,0,0,0,0,1
1,4506434,1,3.00,A,A,1,0,1,0,0,0,0,0,0,1,0,0,0,0,0,0
1,4506034,1,4.00,A,A,1,0,1,0,0,0,0,0,0,1,0,0,0,0,0,0
1,4507347,1,2.00,A,A,1,0,0,1,0,0,0,0,0,1,0,0,0,0,0,1
1,4506126,1,4.00,A,A,1,0,1,0,0,0,0,0,0,1,0,0,0,0,0,0
1,4507234,1,18.00,A,A,1,0,0,0,0,1,0,0,0,1,0,0,0,0,0,1
1,4506939,1,6.00,A,A,1,0,0,0,1,0,0,0,0,1,0,0,0,0,0,1
1,4506306,1,8.00,A,A,1,0,1,0,0,0,0,0,0,1,0,0,0,0,0,0
1,4506466,1,6.00,A,A,1,0,1,0,0,0,0,0,0,1,0,0,0,0,0,0
1,4505922,1,4.00,A,A,1,0,1,0,0,0,0,0,0,1,0,0,0,0,0,0
1,4507465,1,3.00,A,A,1,0,0,1,0,0,0,0,0,1,0,0,0,0,0,1
1,4505537,1,3.00,A,A,1,1,0,0,0,0,0,0,0,1,0,0,0,0,0,1
1,4506189,1,6.00,A,A,1,0,1,0,0,0,0,0,0,1,0,0,0,0,0,0
1,4506823,1,6.00,A,A,1,0,1,0,0,0,0,0,0,1,0,0,0,0,0,0
1,4506851,1,4.00,A,A,1,0,0,0,1,0,0,0,0,1,0,0,0,0,0,1
1,4507225,1,4.00,A,A,1,0,0,0,1,0,0,0,0,1,0,0,0,0,0,1
1,4505944,1,8.00,A,A,1,0,1,0,0,0,0,0,0,1,0,0,0,0,0,0
1,4507254,1,6.00,A,A,1,0,0,0,1,0,0,0,0,1,0,0,0,0,0,1
1,4506067,1,4.00,A,A,1,0,1,0,0,0,0,0,0,1,0,0,0,0,0,0
1,4507571,1,4.00,A,A,1,0,0,1,0,0,0,0,0,1,0,0,0,0,0,1
1,4507453,1,10.00,A,A,1,0,0,0,1,0,0,0,0,1,0,0,0,0,0,1
1,4506002,1,4.00,A,A,1,0,1,0,0,0,0,0,0,1,0,0,0,0,0,0
1,4506244,1,8.00,A,A,1,0,1,0,0,0,0,0,0,1,0,0,0,0,0,0
1,4505921,1,2.00,A,A,1,0,1,0,0,0,0,0,0,1,0,0,0,0,0,0
1,4506279,1,8.00,A,A,1,0,1,0,0,0,0,0,0,1,0,0,0,0,0,0
1,4506527,1,6.00,A,A,1,0,1,0,0,0,0,0,0,1,0,0,0,0,0,0
1,4506799,1,2.00,A,A,1,0,1,0,0,0,0,0,0,1,0,0,0,0,0,0
1,4506187,1,2.00,A,A,1,0,1,0,0,0,0,0,0,1,0,0,0,0,0,0
1,4507307,1,4.00,A,A,1,0,0,0,1,0,0,0,0,1,0,0,0,0,0,1
1,4506065,1,3.00,A,A,1,0,1,0,0,0,0,0,0,1,0,0,0,0,0,0
1,4506373,1,4.00,A,A,1,0,1,0,0,0,0,0,0,1,0,0,0,0,0,0
1,4507381,1,3.00,A,A,1,0,0,0,1,0,0,0,0,1,0,0,0,0,0,1
1,4506677,1,6.00,A,A,1,0,1,0,0,0,0,0,0,1,0,0,0,0,0,0
1,4507519,1,3.00,A,A,1,0,0,0,1,0,0,0,0,1,0,0,0,0,0,1
1,4506648,1,2.00,A,A,1,0,1,0,0,0,0,0,0,1,0,0,0,0,0,0
1,4506095,1,8.00,A,A,1,0,1,0,0,0,0,0,0,1,0,0,0,0,0,0
1,4506493,2,16.00,A,A,1,0,1,0,0,0,0,0,0,1,0,0,0,0,0,0
1,4506216,1,4.00,A,A,1,0,1,0,0,0,0,0,0,1,0,0,0,0,0,0
1,4506433,1,8.00,A,A,1,0,1,0,0,0,0,0,0,1,0,0,0,0,0,0
1,4505942,1,8.00,A,A,1,0,1,0,0,0,0,0,0,1,0,0,0,0,0,0
1,4506125,1,3.00,A,A,1,0,1,0,0,0,0,0,0,1,0,0,0,0,0,0
1,4506403,1,3.00,A,A,1,0,1,0,0,0,0,0,0,1,0,0,0,0,0,0
1,4506156,1,8.00,A,A,1,0,1,0,0,0,0,0,0,1,0,0,0,0,0,0
1,4506709,1,2.00,A,A,1,0,1,0,0,0,0,0,0,1,0,0,0,0,0,0
1,4505973,1,8.00,A,A,1,0,1,0,0,0,0,0,0,1,0,0,0,0,0,0
1,4506771,1,4.00,A,A,1,0,1,0,0,0,0,0,0,1,0,0,0,0,0,0
1,4505900,1,6.00,A,A,1,1,0,0,0,0,0,0,0,1,0,0,0,0,0,1
1,4506555,1,4.00,A,A,1,0,1,0,0,0,0,0,0,1,0,0,0,0,0,0
1,4506659,2,16.00,A,A,1,0,1,0,0,0,0,0,0,1,0,0,0,0,0,0
1,4505611,1,3.00,A,A,1,1,0,0,0,0,0,0,0,1,0,0,0,0,0,1
1,4506280,1,2.00,A,A,1,0,1,0,0,0,0,0,0,1,0,0,0,0,0,0
1,4506243,1,2.00,A,A,1,0,1,0,0,0,0,0,0,1,0,0,0,0,0,0
1,4506066,1,8.00,A,A,1,0,1,0,0,0,0,0,0,1,0,0,0,0,0,0
1,4507498,1,4.00,A,A,1,0,0,0,1,0,0,0,0,1,0,0,0,0,0,1
1,4507443,1,4.00,A,A,1,0,0,1,0,0,0,0,0,1,0,0,0,0,0,1
1,4505863,1,8.00,A,A,1,1,0,0,0,0,0,0,0,1,0,0,0,0,0,1
1,4506853,1,8.00,A,A,1,0,0,0,1,0,0,0,0,1,0,0,0,0,0,1
1,4507195,1,8.00,A,A,1,0,0,0,1,0,0,0,0,1,0,0,0,0,0,1
1,4506830,1,4.00,A,A,1,0,1,0,0,0,0,0,0,1,0,0,0,0,0,0
1,4507296,1,2.00,A,A,1,0,0,1,0,0,0,0,0,1,0,0,0,0,0,1
1,4505272,1,2.00,A,A,1,1,0,0,0,0,0,0,0,1,0,0,0,0,0,1
1,4505899,1,4.00,A,A,1,1,0,0,0,0,0,0,0,1,0,0,0,0,0,1
1,4505538,1,2.00,A,A,1,1,0,0,0,0,0,0,0,1,0,0,0,0,0,1
1,4506595,1,4.00,A,A,1,0,1,0,0,0,0,0,0,1,0,0,0,0,0,0
1,4507517,1,6.00,A,A,1,0,0,0,1,0,0,0,0,1,0,0,0,0,0,1
1,4505360,1,2.00,A,A,1,1,0,0,0,0,0,0,0,1,0,0,0,0,0,1
1,4506621,1,4.00,A,A,1,0,1,0,0,0,0,0,0,1,0,0,0,0,0,0
1,4507052,1,2.00,A,A,1,0,0,0,1,0,0,0,0,1,0,0,0,0,0,1
1,4507536,1,4.00,A,A,1,0,0,0,1,0,0,0,0,1,0,0,0,0,0,1
1,4506377,1,2.00,A,A,1,0,1,0,0,0,0,0,0,1,0,0,0,0,0,0
1,4506884,1,3.00,A,A,1,0,0,0,1,0,0,0,0,1,0,0,0,0,0,1
1,4506589,1,4.00,A,A,1,0,1,0,0,0,0,0,0,1,0,0,0,0,0,0
1,4506035,1,3.00,A,A,1,0,1,0,0,0,0,0,0,1,0,0,0,0,0,0
1,4507276,1,4.00,A,A,1,0,0,0,1,0,0,0,0,1,0,0,0,0,0,1
1,4506469,1,8.00,A,A,1,0,1,0,0,0,0,0,0,1,0,0,0,0,0,0
1,4507577,1,4.00,A,A,1,0,0,0,1,0,0,0,0,1,0,0,0,0,0,1
1,4505978,1,4.00,A,A,1,0,1,0,0,0,0,0,0,1,0,0,0,0,0,0
1,4507527,1,4.00,A,A,1,0,0,0,0,1,0,0,0,1,0,0,0,0,0,1
1,4506882,1,8.00,A,A,1,0,0,0,1,0,0,0,0,1,0,0,0,0,0,1
1,4507114,1,8.00,A,A,1,0,0,0,1,0,0,0,0,1,0,0,0,0,0,1
1,4507025,1,6.00,A,A,1,0,0,0,1,0,0,0,0,1,0,0,0,0,0,1
1,4506074,1,6.00,A,A,1,0,1,0,0,0,0,0,0,1,0,0,0,0,0,0
1,4507494,1,2.00,A,A,1,0,0,0,1,0,0,0,0,1,0,0,0,0,0,1
1,4506871,1,6.00,A,A,1,0,0,1,0,0,0,0,0,1,0,0,0,0,0,1
1,4506636,1,2.00,A,A,1,0,0,1,0,0,0,0,0,1,0,0,0,0,0,1
1,4506850,1,8.00,A,A,1,0,0,0,1,0,0,0,0,1,0,0,0,0,0,1
1,4506713,1,2.00,A,A,1,0,1,0,0,0,0,0,0,1,0,0,0,0,0,0
1,4506381,1,6.00,A,A,1,0,1,0,0,0,0,0,0,1,0,0,0,0,0,0
1,4506657,1,6.00,A,A,1,0,1,0,0,0,0,0,0,1,0,0,0,0,0,0
1,4506069,1,6.00,A,A,1,0,1,0,0,0,0,0,0,1,0,0,0,0,0,0
1,4505634,1,4.00,A,A,1,1,0,0,0,0,0,0,0,1,0,0,0,0,0,1
1,4507262,1,4.00,A,A,1,0,0,0,0,1,0,0,0,1,0,0,0,0,0,1
1,4506881,1,6.00,A,A,1,0,0,0,1,0,0,0,0,1,0,0,0,0,0,1
1,4507083,1,6.00,A,A,1,0,0,0,1,0,0,0,0,1,0,0,0,0,0,1
1,4507112,1,4.00,A,A,1,0,0,0,1,0,0,0,0,1,0,0,0,0,0,1
1,4507140,1,8.00,A,A,1,0,0,0,1,0,0,0,0,1,0,0,0,0,0,1
1,4506287,1,2.00,A,A,1,0,1,0,0,0,0,0,0,1,0,0,0,0,0,0
1,4506135,2,16.00,A,A,1,0,1,0,0,0,0,0,0,1,0,0,0,0,0,0
1,4507618,2,12.00,A,A,1,0,0,0,1,0,0,0,0,1,0,0,0,0,0,1
1,4507223,2,16.00,A,A,1,0,0,0,1,0,0,0,0,1,0,0,0,0,0,1
1,4507379,2,16.00,A,A,1,0,0,0,1,0,0,0,0,1,0,0,0,0,0,1
1,4506686,1,6.00,A,A,1,0,1,0,0,0,0,0,0,1,0,0,0,0,0,0
1,4506344,1,8.00,A,A,1,0,1,0,0,0,0,0,0,1,0,0,0,0,0,0
1,4507487,1,2.00,A,A,1,0,0,1,0,0,0,0,0,1,0,0,0,0,0,1
1,4506681,1,8.00,A,A,1,0,1,0,0,0,0,0,0,1,0,0,0,0,0,0
1,4507495,1,6.00,A,A,1,0,0,0,1,0,0,0,0,1,0,0,0,0,0,1
1,4506825,1,2.00,A,A,1,0,1,0,0,0,0,0,0,1,0,0,0,0,0,0
1,4506936,1,6.00,A,A,1,0,0,0,1,0,0,0,0,1,0,0,0,0,0,1
1,4507578,1,4.00,A,A,1,0,0,0,1,0,0,0,0,1,0,0,0,0,0,1
1,4507094,1,3.00,A,A,1,0,0,0,0,1,0,0,0,1,0,0,0,0,0,1
1,4507537,1,2.00,A,A,1,0,0,0,1,0,0,0,0,1,0,0,0,0,0,1
1,4506308,1,6.00,A,A,1,0,1,0,0,0,0,0,0,1,0,0,0,0,0,0
1,4506652,1,6.00,A,A,1,0,1,0,0,0,0,0,0,1,0,0,0,0,0,0
1,4507638,1,2.00,A,A,1,0,0,0,0,1,0,0,0,1,0,0,0,0,0,1
1,4506160,1,2.00,A,A,1,0,1,0,0,0,0,0,0,1,0,0,0,0,0,0
1,4506855,1,4.00,A,A,1,0,1,0,0,0,0,0,0,1,0,0,0,0,0,0
1,4507461,1,2.00,A,A,1,0,0,0,0,1,0,0,0,1,0,0,0,0,0,1
1,4507473,1,4.00,A,A,1,0,0,0,1,0,0,0,0,1,0,0,0,0,0,1
1,4507412,1,4.00,A,A,1,0,0,0,0,1,0,0,0,1,0,0,0,0,0,1
1,4506946,1,6.00,A,A,1,0,0,0,1,0,0,0,0,1,0,0,0,0,0,1
1,4507484,1,4.00,A,A,1,0,0,0,0,1,0,0,0,1,0,0,0,0,0,1
1,4507178,1,2.00,A,A,1,0,0,0,1,0,0,0,0,1,0,0,0,0,0,1
1,4507063,1,10.00,A,A,1,0,0,0,1,0,0,0,0,1,0,0,0,0,0,1
1,4507207,1,4.00,A,A,1,0,0,0,0,1,0,0,0,1,0,0,0,0,0,1
1,4507621,1,2.00,A,A,1,0,0,0,1,0,0,0,0,1,0,0,0,0,0,1
1,4507482,1,3.00,A,A,1,0,0,0,1,0,0,0,0,1,0,0,0,0,0,1
1,4507454,1,2.00,A,A,1,0,0,0,1,0,0,0,0,1,0,0,0,0,0,1
1,4507201,1,8.00,A,A,1,0,0,0,1,0,0,0,0,1,0,0,0,0,0,1
1,4507334,1,6.00,A,A,1,0,0,0,1,0,0,0,0,1,0,0,0,0,0,1
1,4507396,1,8.00,A,A,1,0,0,1,0,0,0,0,0,1,0,0,0,0,0,1
1,4506696,1,6.00,A,A,1,0,0,1,0,0,0,0,0,1,0,0,0,0,0,1
1,4506295,1,4.00,A,A,1,0,1,0,0,0,0,0,0,1,0,0,0,0,0,0
1,4507468,1,3.00,A,A,1,0,0,1,0,0,0,0,0,1,0,0,0,0,0,1
1,4507012,1,4.00,A,A,1,0,1,0,0,0,0,0,0,1,0,0,0,0,0,0
1,4506787,1,6.00,A,A,1,0,1,0,0,0,0,0,0,1,0,0,0,0,0,0
1,4505892,1,4.00,O,O,1,0,1,0,0,0,0,0,0,1,0,0,0,0,0,0
1,4506101,1,2.00,O,O,1,0,1,0,0,0,0,0,0,1,0,0,0,0,0,0
1,4506278,1,8.00,O,O,1,0,1,0,0,0,0,0,0,1,0,0,0,0,0,0
1,4505998,1,3.00,O,O,1,0,1,0,0,0,0,0,0,1,0,0,0,0,0,0
1,4506770,1,8.00,O,O,1,0,1,0,0,0,0,0,0,1,0,0,0,0,0,0
1,4506707,1,2.00,O,O,1,0,1,0,0,0,0,0,0,1,0,0,0,0,0,0
1,4506649,1,2.00,O,O,1,0,1,0,0,0,0,0,0,1,0,0,0,0,0,0
1,4506674,1,2.00,O,O,1,0,1,0,0,0,0,0,0,1,0,0,0,0,0,0
1,4506000,1,6.00,O,O,1,0,1,0,0,0,0,0,0,1,0,0,0,0,0,0
1,4506588,1,6.00,O,O,1,0,1,0,0,0,0,0,0,1,0,0,0,0,0,0
1,4506675,1,2.00,O,O,1,0,1,0,0,0,0,0,0,1,0,0,0,0,0,0
1,4506123,1,6.00,O,O,1,0,1,0,0,0,0,0,0,1,0,0,0,0,0,0
1,4506616,1,2.00,O,O,1,0,1,0,0,0,0,0,0,1,0,0,0,0,0,0
1,4506490,1,8.00,O,O,1,0,1,0,0,0,0,0,0,1,0,0,0,0,0,0
1,4506525,1,4.00,O,O,1,0,1,0,0,0,0,0,0,1,0,0,0,0,0,0
1,4506741,1,6.00,O,O,1,0,1,0,0,0,0,0,0,1,0,0,0,0,0,0
1,4506862,1,8.00,O,O,1,0,1,0,0,0,0,0,0,1,0,0,0,0,0,0
1,4506153,1,4.00,O,O,1,0,1,0,0,0,0,0,0,1,0,0,0,0,0,0
1,4505970,1,2.00,O,O,1,0,1,0,0,0,0,0,0,1,0,0,0,0,0,0
1,4505919,1,8.00,O,O,1,0,1,0,0,0,0,0,0,1,0,0,0,0,0,0
1,4505971,1,8.00,O,O,1,0,1,0,0,0,0,0,0,1,0,0,0,0,0,0
1,4506620,1,6.00,O,O,1,0,1,0,0,0,0,0,0,1,0,0,0,0,0,0
1,4506906,1,8.00,O,O,1,0,0,0,1,0,0,0,0,1,0,0,0,0,0,1
1,4506698,1,8.00,E,O,1,0,0,1,0,0,0,0,0,1,0,0,0,0,0,1
1,4507197,1,4.00,E,O,1,0,0,0,1,0,0,0,0,1,0,0,0,0,0,1
1,4507557,1,12.00,E,O,1,0,0,0,1,0,0,0,0,1,0,0,0,0,0,1
1,4505855,1,4.00,O,O,1,1,0,0,0,0,0,0,0,1,0,0,0,0,0,1
1,4507124,1,3.00,E,O,1,0,0,0,0,1,0,0,0,1,0,0,0,0,0,1
1,4505594,1,2.00,E,O,1,1,0,0,0,0,0,0,0,1,0,0,0,0,0,1
1,4506995,1,4.00,O,O,1,0,0,0,1,0,0,0,0,1,0,0,0,0,0,1
1,4507186,1,2.00,O,O,1,0,0,1,0,0,0,0,0,1,0,0,0,0,0,1
1,4507496,1,4.00,E,O,1,0,0,0,1,0,0,0,0,1,0,0,0,0,0,1
1,4507043,1,2.00,O,O,1,0,0,1,0,0,0,0,0,1,0,0,0,0,0,1
1,4507034,1,4.00,E,O,1,0,0,0,0,1,0,0,0,1,0,0,0,0,0,1
1,4507055,1,8.00,O,O,1,0,0,0,1,0,0,0,0,1,0,0,0,0,0,1
1,4506905,1,6.00,O,O,1,0,0,0,1,0,0,0,0,1,0,0,0,0,0,1
1,4506935,1,6.00,E,O,1,0,0,0,1,0,0,0,0,1,0,0,0,0,0,1
1,4507426,1,4.00,E,O,1,0,0,0,1,0,0,0,0,1,0,0,0,0,0,1
1,4506759,1,4.00,O,O,1,0,0,1,0,0,0,0,0,1,0,0,0,0,0,1
1,4505231,1,6.00,E,O,1,1,0,0,0,0,0,0,0,1,0,0,0,0,0,1
1,4507369,1,3.00,E,O,1,0,0,1,0,0,0,0,0,1,0,0,0,0,0,1
1,4505379,1,3.00,O,O,1,1,0,0,0,0,0,0,0,1,0,0,0,0,0,1
1,4507105,1,6.00,E,O,1,0,0,1,0,0,0,0,0,1,0,0,0,0,0,1
1,4507160,1,2.00,E,O,1,0,0,1,0,0,0,0,0,1,0,0,0,0,0,1
1,4506264,1,8.00,E,O,1,0,0,1,0,0,0,0,0,1,0,0,0,0,0,1
1,4507054,1,2.00,O,O,1,0,0,0,1,0,0,0,0,1,0,0,0,0,0,1
1,4507474,1,2.00,E,O,1,0,0,0,1,0,0,0,0,1,0,0,0,0,0,1
1,4506937,1,8.00,O,O,1,0,0,0,1,0,0,0,0,1,0,0,0,0,0,1
1,4506929,1,4.00,E,O,1,0,0,1,0,0,0,0,0,1,0,0,0,0,0,1
1,4507415,1,2.00,O,O,1,0,0,1,0,0,0,0,0,1,0,0,0,0,0,1
1,4506511,1,6.00,O,O,1,0,0,1,0,0,0,0,0,1,0,0,0,0,0,1
1,4507024,1,3.00,E,O,1,0,0,0,1,0,0,0,0,1,0,0,0,0,0,1
1,4506967,1,2.00,O,O,1,0,0,0,1,0,0,0,0,1,0,0,0,0,0,1
1,4506261,1,6.00,O,O,1,0,0,1,0,0,0,0,0,1,0,0,0,0,0,1
1,4505201,1,2.00,O,O,1,1,0,0,0,0,0,0,0,1,0,0,0,0,0,1
1,4505223,1,2.00,E,O,1,1,0,0,0,0,0,0,0,1,0,0,0,0,0,1
1,4505610,1,6.00,E,O,1,1,0,0,0,0,0,0,0,1,0,0,0,0,0,1
1,4505770,1,4.00,4,1,1,1,0,0,0,0,0,0,0,1,0,0,0,0,0,1
1,4505337,1,2.00,4,1,1,1,0,0,0,0,0,0,0,1,0,0,0,0,0,1
1,4507393,1,4.00,4,1,1,0,0,1,0,0,0,0,0,1,0,0,0,0,0,1
1,4505364,1,8.00,4,1,1,1,0,0,0,0,0,0,0,1,0,0,0,0,0,1
1,4507084,1,2.00,4,1,1,0,0,0,1,0,0,0,0,1,0,0,0,0,0,1
1,4507014,1,3.00,4,1,1,0,0,1,0,0,0,0,0,1,0,0,0,0,0,1
1,4507452,1,6.00,4,1,1,0,0,0,1,0,0,0,0,1,0,0,0,0,0,1
1,4507323,1,3.00,4,1,1,0,0,1,0,0,0,0,0,1,0,0,0,0,0,1
1,4507241,1,8.00,4,1,1,0,0,1,0,0,0,0,0,1,0,0,0,0,0,1
1,4506954,1,4.00,4,1,1,0,0,1,0,0,0,0,0,1,0,0,0,0,0,1
1,4507017,1,4.00,4,1,1,0,0,1,0,0,0,0,0,1,0,0,0,0,0,1
1,4506043,1,2.00,A,A,1,0,1,0,0,0,0,0,0,0,1,0,0,0,0,1
1,4505423,2,16.00,A,A,3,0,0,1,1,1,0,0,0,0,1,1,1,0,0,0
1,4506845,1,4.00,A,A,2,0,0,1,0,1,0,0,0,0,1,0,1,0,0,0
1,4507157,1,8.00,A,A,2,0,0,1,0,1,0,0,0,0,1,0,1,0,0,0
1,4507374,1,8.00,A,A,2,0,0,1,0,1,0,0,0,0,1,0,1,0,0,0
1,4507078,1,6.00,A,A,2,0,0,1,0,1,0,0,0,0,1,0,1,0,0,0
1,4507326,1,10.00,A,A,2,0,0,1,0,1,0,0,0,0,1,0,1,0,0,0
1,4505936,1,2.00,A,A,1,1,0,0,0,0,0,0,0,0,1,0,0,0,0,1
1,4506596,1,8.00,A,A,1,0,1,0,0,0,0,0,0,0,1,0,0,0,0,1
1,4507518,1,4.00,A,A,1,0,0,0,1,0,0,0,0,0,1,0,0,0,0,1
1,4506988,1,8.00,A,A,1,0,0,1,0,0,0,0,0,0,1,0,0,0,0,0
1,4506275,1,4.00,A,A,1,0,1,0,0,0,0,0,0,0,1,0,0,0,0,1
1,4506152,1,4.00,A,A,1,0,1,0,0,0,0,0,0,0,1,0,0,0,0,1
1,4506003,1,6.00,A,A,1,0,1,0,0,0,0,0,0,0,1,0,0,0,0,1
1,4507189,1,4.00,A,A,1,0,0,1,0,0,0,0,0,0,1,0,0,0,0,0
1,4507244,1,2.00,A,A,1,0,0,1,0,0,0,0,0,0,1,0,0,0,0,0
1,4506033,1,2.00,A,A,1,0,1,0,0,0,0,0,0,0,1,0,0,0,0,1
1,4507601,1,2.00,A,A,1,0,0,0,1,0,0,0,0,0,1,0,0,0,0,1
1,4506875,1,2.00,A,A,1,0,0,1,0,0,0,0,0,0,1,0,0,0,0,0
1,4506930,2,16.00,A,A,1,0,0,1,0,0,0,0,0,0,1,0,0,0,0,0
1,4507656,1,4.00,A,A,1,0,0,0,0,1,0,0,0,0,1,0,0,0,0,1
1,4506976,1,8.00,A,A,1,0,0,0,0,1,0,0,0,0,1,0,0,0,0,1
1,4507592,1,4.00,A,A,1,0,0,1,0,0,0,0,0,0,1,0,0,0,0,0
1,4506724,1,8.00,A,A,1,0,1,0,0,0,0,0,0,0,1,0,0,0,0,1
1,4507018,1,4.00,A,A,1,0,0,1,0,0,0,0,0,0,1,0,0,0,0,0
1,4507418,1,4.00,A,A,1,0,0,1,0,0,0,0,0,0,1,0,0,0,0,0
1,4506920,1,8.00,A,A,1,0,1,0,0,0,0,0,0,0,1,0,0,0,0,1
1,4506959,1,6.00,A,A,1,0,0,1,0,0,0,0,0,0,1,0,0,0,0,0
1,4507086,1,4.00,A,A,1,0,0,0,1,0,0,0,0,0,1,0,0,0,0,1
1,4506405,1,4.00,A,A,1,0,1,0,0,0,0,0,0,0,1,0,0,0,0,1
1,4505923,1,4.00,A,A,1,0,1,0,0,0,0,0,0,0,1,0,0,0,0,1
1,4506495,1,6.00,A,A,1,0,1,0,0,0,0,0,0,0,1,0,0,0,0,1
1,4507019,1,4.00,A,A,1,0,0,1,0,0,0,0,0,0,1,0,0,0,0,0
1,4506876,1,6.00,A,A,1,0,0,1,0,0,0,0,0,0,1,0,0,0,0,0
1,4506557,1,8.00,A,A,1,0,1,0,0,0,0,0,0,0,1,0,0,0,0,1
1,4507135,1,6.00,A,A,1,0,0,1,0,0,0,0,0,0,1,0,0,0,0,0
1,4507190,1,4.00,A,A,1,0,0,1,0,0,0,0,0,0,1,0,0,0,0,0
1,4506254,1,2.00,A,A,1,0,1,0,0,0,0,0,0,0,1,0,0,0,0,1
1,4506253,1,4.00,A,A,1,0,1,0,0,0,0,0,0,0,1,0,0,0,0,1
1,4507572,1,4.00,A,A,1,0,0,1,0,0,0,0,0,0,1,0,0,0,0,0
1,4506822,1,2.00,A,A,1,0,0,1,0,0,0,0,0,0,1,0,0,0,0,0
1,4507245,1,4.00,A,A,1,0,0,1,0,0,0,0,0,0,1,0,0,0,0,0
1,4507107,1,2.00,A,A,1,0,0,1,0,0,0,0,0,0,1,0,0,0,0,0
1,4507444,1,4.00,A,A,1,0,0,1,0,0,0,0,0,0,1,0,0,0,0,0
1,4507047,1,2.00,A,A,1,0,0,1,0,0,0,0,0,0,1,0,0,0,0,0
1,4507162,1,2.00,A,A,1,0,0,1,0,0,0,0,0,0,1,0,0,0,0,0
1,4507226,1,3.00,A,A,1,0,0,0,1,0,0,0,0,0,1,0,0,0,0,1
1,4507358,1,3.00,A,A,1,0,0,0,1,0,0,0,0,0,1,0,0,0,0,1
1,4507467,1,4.00,A,A,1,0,0,1,0,0,0,0,0,0,1,0,0,0,0,0
1,4506898,1,4.00,A,A,1,0,0,1,0,0,0,0,0,0,1,0,0,0,0,0
1,4507255,1,4.00,A,A,1,0,0,0,1,0,0,0,0,0,1,0,0,0,0,1
1,4507631,1,2.00,A,A,1,0,0,0,1,0,0,0,0,0,1,0,0,0,0,1
1,4507308,1,4.00,A,A,1,0,0,0,1,0,0,0,0,0,1,0,0,0,0,1
1,4506693,1,2.00,A,A,1,0,1,0,0,0,0,0,0,0,1,0,0,0,0,1
1,4507419,1,3.00,A,A,1,0,0,1,0,0,0,0,0,0,1,0,0,0,0,0
1,4507476,1,2.00,A,A,1,0,0,0,1,0,0,0,0,0,1,0,0,0,0,1
1,4506889,1,4.00,A,A,1,0,1,0,0,0,0,0,0,0,1,0,0,0,0,1
1,4506908,1,8.00,A,A,1,0,0,0,1,0,0,0,0,0,1,0,0,0,0,1
1,4507272,1,4.00,A,A,1,0,0,1,0,0,0,0,0,0,1,0,0,0,0,0
1,4507647,1,8.00,A,A,1,0,0,0,1,0,0,0,0,0,1,0,0,0,0,1
1,4507607,1,3.00,A,A,1,0,0,0,1,0,0,0,0,0,1,0,0,0,0,1
1,4506664,1,8.00,A,A,1,0,1,0,0,0,0,0,0,0,1,0,0,0,0,1
1,4506753,1,6.00,A,A,1,0,1,0,0,0,0,0,0,0,1,0,0,0,0,1
1,4505943,1,3.00,A,A,1,0,1,0,0,0,0,0,0,0,1,0,0,0,0,1
1,4507046,1,3.00,A,A,1,0,0,1,0,0,0,0,0,0,1,0,0,0,0,0
1,4506570,1,3.00,A,A,1,0,1,0,0,0,0,0,0,0,1,0,0,0,0,1
1,4507424,1,2.00,A,A,1,0,0,1,0,0,0,0,0,0,1,0,0,0,0,0
1,4507072,1,4.00,A,A,1,0,1,0,0,0,0,0,0,0,1,0,0,0,0,1
1,4506441,1,8.00,A,A,1,0,1,0,0,0,0,0,0,0,1,0,0,0,0,1
1,4507556,1,2.00,A,A,1,0,0,0,1,0,0,0,0,0,1,0,0,0,0,1
1,4507377,1,2.00,A,A,1,0,0,0,1,0,0,0,0,0,1,0,0,0,0,1
1,4506831,1,4.00,A,A,1,0,1,0,0,0,0,0,0,0,1,0,0,0,0,1
1,4506136,1,2.00,A,A,1,0,1,0,0,0,0,0,0,0,1,0,0,0,0,1
1,4506197,1,3.00,A,A,1,0,1,0,0,0,0,0,0,0,1,0,0,0,0,1
1,4506311,1,4.00,A,A,1,0,1,0,0,0,0,0,0,0,1,0,0,0,0,1
1,4506248,1,3.00,A,A,1,0,1,0,0,0,0,0,0,0,1,0,0,0,0,1
1,4507340,1,6.00,A,A,1,0,0,0,1,0,0,0,0,0,1,0,0,0,0,1
1,4506226,1,4.00,A,A,1,0,1,0,0,0,0,0,0,0,1,0,0,0,0,1
1,4506102,1,6.00,A,A,1,0,1,0,0,0,0,0,0,0,1,0,0,0,0,1
1,4506314,1,2.00,A,A,1,0,1,0,0,0,0,0,0,0,1,0,0,0,0,1
1,4505520,1,2.00,A,A,1,1,0,0,0,0,0,0,0,0,1,0,0,0,0,1
1,4506915,1,8.00,A,A,1,0,0,0,1,0,0,0,0,0,1,0,0,0,0,1
1,4507566,1,2.00,A,A,1,0,0,0,1,0,0,0,0,0,1,0,0,0,0,1
1,4505952,1,8.00,A,A,1,0,1,0,0,0,0,0,0,0,1,0,0,0,0,1
1,4506726,1,6.00,A,A,1,0,1,0,0,0,0,0,0,0,1,0,0,0,0,1
1,4506754,1,2.00,A,A,1,0,1,0,0,0,0,0,0,0,1,0,0,0,0,1
1,4506981,1,2.00,A,A,1,0,1,0,0,0,0,0,0,0,1,0,0,0,0,1
1,4506963,1,2.00,A,A,1,0,0,1,0,0,0,0,0,0,1,0,0,0,0,0
1,4506993,1,6.00,A,A,1,0,0,1,0,0,0,0,0,0,1,0,0,0,0,0
1,4506196,1,2.00,A,A,1,0,1,0,0,0,0,0,0,0,1,0,0,0,0,1
1,4506779,1,6.00,A,A,1,0,1,0,0,0,0,0,0,0,1,0,0,0,0,1
1,4507232,1,2.00,A,A,1,0,0,0,1,0,0,0,0,0,1,0,0,0,0,1
1,4506666,1,4.00,A,A,1,0,1,0,0,0,0,0,0,0,1,0,0,0,0,1
1,4507504,1,6.00,A,A,1,0,0,0,1,0,0,0,0,0,1,0,0,0,0,1
1,4507167,1,8.00,A,A,1,0,0,1,0,0,0,0,0,0,1,0,0,0,0,0
1,4505617,1,8.00,A,A,1,1,0,0,0,0,0,0,0,0,1,0,0,0,0,1
1,4507597,1,4.00,A,A,1,0,0,1,0,0,0,0,0,0,1,0,0,0,0,0
1,4506536,1,4.00,A,A,1,0,1,0,0,0,0,0,0,0,1,0,0,0,0,1
1,4506251,1,4.00,A,A,1,0,1,0,0,0,0,0,0,0,1,0,0,0,0,1
1,4506658,1,2.00,A,A,1,0,1,0,0,0,0,0,0,0,1,0,0,0,0,1
1,4507546,1,2.00,A,A,1,0,0,0,1,0,0,0,0,0,1,0,0,0,0,1
1,4507449,1,4.00,A,A,1,0,0,1,0,0,0,0,0,0,1,0,0,0,0,0
1,4507329,1,8.00,A,A,1,0,0,0,1,0,0,0,0,0,1,0,0,0,0,1
1,4506350,1,4.00,A,A,1,0,1,0,0,0,0,0,0,0,1,0,0,0,0,1
1,4507587,1,6.00,A,A,1,0,0,0,1,0,0,0,0,0,1,0,0,0,0,1
1,4507637,1,3.00,A,A,1,0,0,0,1,0,0,0,0,0,1,0,0,0,0,1
1,4506974,1,2.00,A,A,1,0,0,0,1,0,0,0,0,0,1,0,0,0,0,1
1,4507122,1,2.00,A,A,1,0,0,0,1,0,0,0,0,0,1,0,0,0,0,1
1,4506573,1,6.00,A,A,1,0,0,1,0,0,0,0,0,0,1,0,0,0,0,0
1,4506979,1,4.00,A,A,1,0,1,0,0,0,0,0,0,0,1,0,0,0,0,1
1,4507033,1,3.00,A,A,1,0,0,0,1,0,0,0,0,0,1,0,0,0,0,1
1,4507129,1,4.00,A,A,1,0,1,0,0,0,0,0,0,0,1,0,0,0,0,1
1,4507515,1,6.00,A,A,1,0,0,0,1,0,0,0,0,0,1,0,0,0,0,1
1,4507250,1,4.00,A,A,1,0,0,0,1,0,0,0,0,0,1,0,0,0,0,1
1,4507286,1,8.00,A,A,1,0,0,0,1,0,0,0,0,0,1,0,0,0,0,1
1,4506382,1,4.00,A,A,1,0,1,0,0,0,0,0,0,0,1,0,0,0,0,1
1,4506953,1,3.00,A,A,1,0,0,1,0,0,0,0,0,0,1,0,0,0,0,0
1,4507450,1,2.00,A,A,1,0,0,0,1,0,0,0,0,0,1,0,0,0,0,1
1,4505428,1,6.00,A,A,1,1,0,0,0,0,0,0,0,0,1,0,0,0,0,1
1,4506502,1,4.00,A,A,1,0,1,0,0,0,0,0,0,0,1,0,0,0,0,1
1,4506011,1,2.00,A,A,1,0,1,0,0,0,0,0,0,0,1,0,0,0,0,1
1,4506166,1,4.00,A,A,1,0,1,0,0,0,0,0,0,0,1,0,0,0,0,1
1,4506924,1,3.00,A,A,1,0,0,1,0,0,0,0,0,0,1,0,0,0,0,0
1,4506227,1,2.00,A,A,1,0,1,0,0,0,0,0,0,0,1,0,0,0,0,1
1,4506892,1,2.00,A,A,1,0,0,1,0,0,0,0,0,0,1,0,0,0,0,0
1,4506348,2,4.00,A,A,1,0,1,0,0,0,0,0,0,0,1,0,0,0,0,1
1,4506537,1,8.00,A,A,1,0,1,0,0,0,0,0,0,0,1,0,0,0,0,1
1,4507354,1,8.00,A,A,1,0,0,0,1,0,0,0,0,0,1,0,0,0,0,1
1,4506983,1,6.00,A,A,1,0,0,1,0,0,0,0,0,0,1,0,0,0,0,0
1,4506142,1,6.00,A,A,1,1,0,0,0,0,0,0,0,0,1,0,0,0,0,1
1,4506789,1,4.00,A,A,1,0,0,1,0,0,0,0,0,0,1,0,0,0,0,0
1,4507593,1,8.00,A,A,1,0,0,1,0,0,0,0,0,0,1,0,0,0,0,0
1,4506412,1,6.00,A,A,1,0,1,0,0,0,0,0,0,0,1,0,0,0,0,1
1,4505335,1,4.00,O,O,1,1,0,0,0,0,0,0,0,0,1,0,0,0,0,1
1,4507435,1,6.00,O,O,1,0,0,0,1,0,0,0,0,0,1,0,0,0,0,1
1,4507547,1,2.00,O,O,1,0,0,0,0,1,0,0,0,0,1,0,0,0,0,1
1,4506750,1,2.00,O,O,1,0,1,0,0,0,0,0,0,0,1,0,0,0,0,1
1,4506127,1,2.00,E,O,1,0,1,0,0,0,0,0,0,0,1,0,0,0,0,1
1,4507404,1,8.00,O,O,1,0,0,0,1,0,0,0,0,0,1,0,0,0,0,1
1,4506748,1,2.00,O,O,1,0,1,0,0,0,0,0,0,0,1,0,0,0,0,1
1,4507100,1,4.00,E,O,1,0,1,0,0,0,0,0,0,0,1,0,0,0,0,1
1,4507485,1,8.00,4,1,1,0,0,0,0,1,0,0,0,0,1,0,0,0,0,1
1,4506962,1,2.00,A,A,1,0,0,1,0,0,0,0,0,0,0,1,0,0,0,1
1,4505249,3,24.00,A,A,2,0,0,0,1,1,0,0,0,0,0,1,1,0,0,0
1,4506723,1,2.00,A,A,1,0,1,0,0,0,0,0,0,0,0,1,0,0,0,1
1,4507448,1,4.00,A,A,1,0,0,1,0,0,0,0,0,0,0,1,0,0,0,1
1,4506728,1,8.00,A,A,1,0,1,0,0,0,0,0,0,0,0,1,0,0,0,1
1,4507082,1,2.00,A,A,1,0,0,0,1,0,0,0,0,0,0,1,0,0,0,0
1,4505667,1,8.00,A,A,1,1,0,0,0,0,0,0,0,0,0,1,0,0,0,1
1,4505668,2,16.00,A,A,1,0,0,0,0,1,0,0,0,0,0,1,0,0,0,1
1,4507041,1,2.00,A,A,1,0,1,0,0,0,0,0,0,0,0,1,0,0,0,1
1,4506829,1,6.00,A,A,1,0,1,0,0,0,0,0,0,0,0,1,0,0,0,1
1,4506777,1,2.00,A,A,1,0,1,0,0,0,0,0,0,0,0,1,0,0,0,1
1,4506582,1,4.00,A,A,1,1,0,0,0,0,0,0,0,0,0,1,0,0,0,1
1,4507038,1,4.00,A,A,1,0,1,0,0,0,0,0,0,0,0,1,0,0,0,1
1,4507000,1,2.00,A,A,1,0,0,0,1,0,0,0,0,0,0,1,0,0,0,0
1,4507228,1,6.00,A,A,1,0,0,0,1,0,0,0,0,0,0,1,0,0,0,0
1,4506566,1,3.00,A,A,1,0,1,0,0,0,0,0,0,0,0,1,0,0,0,1
1,4506691,1,6.00,A,A,1,0,1,0,0,0,0,0,0,0,0,1,0,0,0,1
1,4506210,1,6.00,A,A,1,1,0,0,0,0,0,0,0,0,0,1,0,0,0,1
1,4506321,1,8.00,A,A,1,0,1,0,0,0,0,0,0,0,0,1,0,0,0,1
1,4506866,1,6.00,A,A,1,0,1,0,0,0,0,0,0,0,0,1,0,0,0,1
1,4507505,1,2.00,A,A,1,0,0,0,1,0,0,0,0,0,0,1,0,0,0,0
1,4507123,1,2.00,A,A,1,0,0,0,1,0,0,0,0,0,0,1,0,0,0,0
1,4507567,1,2.00,A,A,1,0,0,0,1,0,0,0,0,0,0,1,0,0,0,0
1,4507436,1,2.00,A,A,1,0,0,0,1,0,0,0,0,0,0,1,0,0,0,0
1,4507365,1,2.00,A,A,1,0,0,0,1,0,0,0,0,0,0,1,0,0,0,0
1,4507216,1,4.00,A,A,1,0,0,1,0,0,0,0,0,0,0,1,0,0,0,1
1,4506257,1,2.00,A,A,1,0,1,0,0,0,0,0,0,0,0,1,0,0,0,1
1,4506418,1,2.00,A,A,1,0,1,0,0,0,0,0,0,0,0,1,0,0,0,1
1,4507608,1,2.00,A,A,1,0,0,0,1,0,0,0,0,0,0,1,0,0,0,0
1,4506949,1,2.00,A,A,1,0,1,0,0,0,0,0,0,0,0,1,0,0,0,1
1,4506998,1,6.00,A,A,1,0,0,0,1,0,0,0,0,0,0,1,0,0,0,0
1,4507231,1,4.00,A,A,1,0,0,0,1,0,0,0,0,0,0,1,0,0,0,0
1,4507032,1,2.00,A,A,1,0,0,0,1,0,0,0,0,0,0,1,0,0,0,0
1,4507481,1,6.00,A,A,1,0,0,0,1,0,0,0,0,0,0,1,0,0,0,0
1,4507586,1,3.00,A,A,1,0,0,0,1,0,0,0,0,0,0,1,0,0,0,0
1,4507532,1,6.00,A,A,1,0,0,1,0,0,0,0,0,0,0,1,0,0,0,1
1,4506320,1,4.00,A,A,1,0,1,0,0,0,0,0,0,0,0,1,0,0,0,1
1,4506814,1,2.00,A,A,1,0,1,0,0,0,0,0,0,0,0,1,0,0,0,1
1,4507172,1,2.00,A,A,1,0,0,0,1,0,0,0,0,0,0,1,0,0,0,0
1,4506844,1,4.00,A,A,1,0,0,1,0,0,0,0,0,0,0,1,0,0,0,1
1,4507205,1,2.00,A,A,1,0,0,0,1,0,0,0,0,0,0,1,0,0,0,0
1,4506717,1,6.00,A,A,1,0,1,0,0,0,0,0,0,0,0,1,0,0,0,1
1,4507472,1,3.00,A,A,1,0,0,0,1,0,0,0,0,0,0,1,0,0,0,0
1,4506474,1,3.00,A,A,1,0,1,0,0,0,0,0,0,0,0,1,0,0,0,1
1,4506551,3,24.00,A,A,1,0,0,1,0,0,0,0,0,0,0,1,0,0,0,1
1,4505248,2,16.00,A,A,1,1,0,0,0,0,0,0,0,0,0,1,0,0,0,1
1,4506975,1,2.00,A,A,1,0,0,0,1,0,0,0,0,0,0,1,0,0,0,0
1,4506356,1,2.00,A,A,1,0,1,0,0,0,0,0,0,0,0,1,0,0,0,1
1,4507438,1,4.00,A,A,1,0,0,0,0,1,0,0,0,0,0,1,0,0,0,1
1,4506522,1,6.00,A,A,1,1,0,0,0,0,0,0,0,0,0,1,0,0,0,1
1,4506542,1,6.00,A,A,1,0,1,0,0,0,0,0,0,0,0,1,0,0,0,1
1,4507462,1,4.00,A,A,1,0,0,0,0,1,0,0,0,0,0,1,0,0,0,1
1,4506812,1,2.00,A,A,1,0,1,0,0,0,0,0,0,0,0,1,0,0,0,1
1,4506046,1,2.00,A,A,1,0,1,0,0,0,0,0,0,0,0,1,0,0,0,1
1,4506847,1,2.00,A,A,1,0,0,1,0,0,0,0,0,0,0,1,0,0,0,1
1,4507111,1,2.00,A,A,1,0,0,1,0,0,0,0,0,0,0,1,0,0,0,1
1,4506942,1,2.00,A,A,1,0,0,0,1,0,0,0,0,0,0,1,0,0,0,0
1,4507352,1,6.00,A,A,1,0,0,1,0,0,0,0,0,0,0,1,0,0,0,1
1,4507301,1,8.00,A,A,1,0,0,1,0,0,0,0,0,0,0,1,0,0,0,1
1,4506901,1,6.00,A,A,1,0,0,1,0,0,0,0,0,0,0,1,0,0,0,1
1,4507471,1,8.00,A,A,1,0,0,1,0,0,0,0,0,0,0,1,0,0,0,1
1,4507059,1,3.00,A,A,1,0,0,0,1,0,0,0,0,0,0,1,0,0,0,0
1,4506991,1,2.00,A,A,1,0,0,1,0,0,0,0,0,0,0,1,0,0,0,1
1,4507569,1,8.00,A,A,1,0,0,0,0,1,0,0,0,0,0,1,0,0,0,1
1,4507203,1,8.00,A,A,1,0,0,0,1,0,0,0,0,0,0,1,0,0,0,0
1,4505985,1,8.00,A,A,1,0,1,0,0,0,0,0,0,0,0,1,0,0,0,1
1,4507181,1,2.00,A,A,1,0,0,0,0,1,0,0,0,0,0,1,0,0,0,1
1,4506948,1,10.00,A,A,1,0,1,0,0,0,0,0,0,0,0,1,0,0,0,1
1,4506961,2,12.00,A,A,1,0,0,1,0,0,0,0,0,0,0,1,0,0,0,1
1,4507283,1,2.00,A,A,1,0,0,0,1,0,0,0,0,0,0,1,0,0,0,0
1,4507060,1,6.00,A,A,1,0,0,0,1,0,0,0,0,0,0,1,0,0,0,0
1,4506386,1,8.00,A,A,1,0,1,0,0,0,0,0,0,0,0,1,0,0,0,1
1,4507625,1,6.00,A,A,1,0,0,0,1,0,0,0,0,0,0,1,0,0,0,0
1,4507194,1,8.00,A,A,1,0,0,1,0,0,0,0,0,0,0,1,0,0,0,1
1,4506171,1,6.00,A,A,1,0,1,0,0,0,0,0,0,0,0,1,0,0,0,1
1,4506766,1,2.00,A,A,1,1,0,0,0,0,0,0,0,0,0,1,0,0,0,1
1,4507051,1,3.00,A,A,1,0,0,1,0,0,0,0,0,0,0,1,0,0,0,1
1,4506943,1,2.00,A,A,1,0,0,0,1,0,0,0,0,0,0,1,0,0,0,0
1,4506317,1,6.00,A,A,1,0,1,0,0,0,0,0,0,0,0,1,0,0,0,1
1,4506444,1,4.00,A,A,1,0,1,0,0,0,0,0,0,0,0,1,0,0,0,1
1,4507081,1,8.00,A,A,1,0,0,1,0,0,0,0,0,0,0,1,0,0,0,1
1,4506354,1,2.00,A,A,1,0,1,0,0,0,0,0,0,0,0,1,0,0,0,1
1,4507635,1,8.00,A,A,1,0,0,0,1,0,0,0,0,0,0,1,0,0,0,0
1,4507576,1,8.00,A,A,1,0,0,1,0,0,0,0,0,0,0,1,0,0,0,1
1,4507312,1,6.00,A,A,1,0,0,0,1,0,0,0,0,0,0,1,0,0,0,0
1,4507275,1,3.00,A,A,1,0,0,1,0,0,0,0,0,0,0,1,0,0,0,1
1,4506944,1,2.00,A,A,1,0,0,0,1,0,0,0,0,0,0,1,0,0,0,0
1,4506540,1,2.00,A,A,1,0,1,0,0,0,0,0,0,0,0,1,0,0,0,1
1,4507535,1,6.00,A,A,1,0,0,1,0,0,0,0,0,0,0,1,0,0,0,1
1,4507176,1,4.00,A,A,1,0,0,0,1,0,0,0,0,0,0,1,0,0,0,0
1,4507235,1,6.00,A,A,1,0,0,0,0,1,0,0,0,0,0,1,0,0,0,1
1,4506880,1,8.00,A,A,1,0,0,1,0,0,0,0,0,0,0,1,0,0,0,1
1,4507023,1,6.00,A,A,1,0,0,1,0,0,0,0,0,0,0,1,0,0,0,1
1,4507634,1,2.00,A,A,1,0,0,0,1,0,0,0,0,0,0,1,0,0,0,0
1,4506992,1,6.00,A,A,1,0,0,1,0,0,0,0,0,0,0,1,0,0,0,1
1,4507311,1,6.00,A,A,1,0,0,0,1,0,0,0,0,0,0,1,0,0,0,0
1,4507603,1,2.00,A,A,1,0,0,0,1,0,0,0,0,0,0,1,0,0,0,0
1,4506972,1,4.00,A,A,1,0,0,0,1,0,0,0,0,0,0,1,0,0,0,0
1,4506902,1,2.00,A,A,1,0,0,1,0,0,0,0,0,0,0,1,0,0,0,1
1,4506879,1,6.00,A,A,1,0,0,1,0,0,0,0,0,0,0,1,0,0,0,1
1,4506256,1,6.00,A,A,1,0,1,0,0,0,0,0,0,0,0,1,0,0,0,1
1,4507302,1,2.00,A,A,1,0,0,1,0,0,0,0,0,0,0,1,0,0,0,1
1,4507544,1,4.00,A,A,1,0,0,0,1,0,0,0,0,0,0,1,0,0,0,0
1,4507643,1,6.00,A,A,1,0,0,0,1,0,0,0,0,0,0,1,0,0,0,0
1,4507624,1,4.00,A,A,1,0,0,0,1,0,0,0,0,0,0,1,0,0,0,0
1,4506934,1,2.00,A,A,1,0,0,1,0,0,0,0,0,0,0,1,0,0,0,1
1,4506106,1,4.00,A,A,1,0,1,0,0,0,0,0,0,0,0,1,0,0,0,1
1,4507447,1,6.00,A,A,1,0,0,1,0,0,0,0,0,0,0,1,0,0,0,1
1,4506355,1,6.00,A,A,1,0,1,0,0,0,0,0,0,0,0,1,0,0,0,1
1,4506506,1,4.00,A,A,1,0,1,0,0,0,0,0,0,0,0,1,0,0,0,1
1,4507376,1,2.00,A,A,1,0,0,1,0,0,0,0,0,0,0,1,0,0,0,1
1,4507615,1,2.00,A,A,1,0,0,1,0,0,0,0,0,0,0,1,0,0,0,1
1,4506910,1,4.00,A,A,1,0,0,0,1,0,0,0,0,0,0,1,0,0,0,0
1,4506598,1,4.00,A,A,1,0,1,0,0,0,0,0,0,0,0,1,0,0,0,1
1,4506809,1,8.00,A,A,1,0,1,0,0,0,0,0,0,0,0,1,0,0,0,1
1,4507653,1,2.00,A,A,1,0,0,0,0,1,0,0,0,0,0,1,0,0,0,1
1,4506398,1,2.00,A,A,1,1,0,0,0,0,0,0,0,0,0,1,0,0,0,1
1,4506781,2,16.00,A,A,1,0,1,0,0,0,0,0,0,0,0,1,0,0,0,1
1,4506140,1,2.00,A,A,1,0,1,0,0,0,0,0,0,0,0,1,0,0,0,1
1,4507282,1,2.00,A,A,1,0,0,0,1,0,0,0,0,0,0,1,0,0,0,0
1,4507595,1,8.00,A,A,1,0,0,1,0,0,0,0,0,0,0,1,0,0,0,1
1,4507633,1,8.00,A,A,1,0,0,0,1,0,0,0,0,0,0,1,0,0,0,0
1,4506933,1,4.00,A,A,1,0,0,1,0,0,0,0,0,0,0,1,0,0,0,1
1,4507050,1,6.00,A,A,1,0,0,1,0,0,0,0,0,0,0,1,0,0,0,1
1,4507585,1,3.00,A,A,1,0,0,0,1,0,0,0,0,0,0,1,0,0,0,0
1,4507528,1,6.00,A,A,1,0,0,0,0,1,0,0,0,0,0,1,0,0,0,1
1,4507145,1,2.00,A,A,1,0,0,0,1,0,0,0,0,0,0,1,0,0,0,0
1,4507562,1,6.00,A,A,1,0,0,0,1,0,0,0,0,0,0,1,0,0,0,0
1,4506232,1,2.00,A,A,1,0,1,0,0,0,0,0,0,0,0,1,0,0,0,1
1,4506016,1,2.00,A,A,1,0,1,0,0,0,0,0,0,0,0,1,0,0,0,1
1,4507493,1,8.00,A,A,1,0,0,1,0,0,0,0,0,0,0,1,0,0,0,1
1,4506045,1,2.00,A,A,1,0,1,0,0,0,0,0,0,0,0,1,0,0,0,1
1,4507623,1,4.00,A,A,1,0,0,0,1,0,0,0,0,0,0,1,0,0,0,0
1,4506631,1,2.00,A,A,1,0,1,0,0,0,0,0,0,0,0,1,0,0,0,1
1,4506108,1,4.00,A,A,1,0,1,0,0,0,0,0,0,0,0,1,0,0,0,1
1,4507542,1,4.00,A,A,1,0,0,0,1,0,0,0,0,0,0,1,0,0,0,0
1,4507584,1,6.00,A,A,1,0,0,0,1,0,0,0,0,0,0,1,0,0,0,0
1,4506445,1,3.00,A,A,1,0,1,0,0,0,0,0,0,0,0,1,0,0,0,1
1,4507091,1,2.00,A,A,1,0,0,0,1,0,0,0,0,0,0,1,0,0,0,0
1,4506720,1,2.00,A,A,1,0,1,0,0,0,0,0,0,0,0,1,0,0,0,1
1,4507031,1,4.00,A,A,1,0,0,0,1,0,0,0,0,0,0,1,0,0,0,0
1,4507165,1,6.00,A,A,1,0,0,1,0,0,0,0,0,0,0,1,0,0,0,1
1,4507478,1,3.00,A,A,1,0,0,0,1,0,0,0,0,0,0,1,0,0,0,0
1,4506291,1,4.00,A,A,1,0,1,0,0,0,0,0,0,0,0,1,0,0,0,1
1,4507422,1,2.00,A,A,1,0,0,1,0,0,0,0,0,0,0,1,0,0,0,1
1,4506352,1,3.00,A,A,1,0,1,0,0,0,0,0,0,0,0,1,0,0,0,1
1,4506630,1,4.00,A,A,1,0,1,0,0,0,0,0,0,0,0,1,0,0,0,1
1,4507470,1,8.00,A,A,1,0,0,1,0,0,0,0,0,0,0,1,0,0,0,1
1,4507433,1,4.00,A,A,1,0,0,0,1,0,0,0,0,0,0,1,0,0,0,0
1,4507002,1,4.00,A,A,1,0,0,0,1,0,0,0,0,0,0,1,0,0,0,0
1,4507614,1,6.00,A,A,1,0,0,1,0,0,0,0,0,0,0,1,0,0,0,1
1,4507564,1,8.00,A,A,1,0,0,0,1,0,0,0,0,0,0,1,0,0,0,0
1,4507543,1,8.00,A,A,1,0,0,0,1,0,0,0,0,0,0,1,0,0,0,0
1,4507548,1,8.00,A,A,1,0,0,0,0,1,0,0,0,0,0,1,0,0,0,1
1,4506783,1,2.00,A,A,1,0,1,0,0,0,0,0,0,0,0,1,0,0,0,1
1,4506947,1,8.00,A,A,1,0,1,0,0,0,0,0,0,0,0,1,0,0,0,1
1,4507457,1,6.00,A,A,1,0,0,0,1,0,0,0,0,0,0,1,0,0,0,0
1,4507480,1,3.00,A,A,1,0,0,0,1,0,0,0,0,0,0,1,0,0,0,0
1,4507327,1,6.00,A,A,1,0,0,1,0,0,0,0,0,0,0,1,0,0,0,1
1,4507248,1,2.00,A,A,1,0,0,1,0,0,0,0,0,0,0,1,0,0,0,1
1,4507328,1,4.00,A,A,1,0,0,1,0,0,0,0,0,0,0,1,0,0,0,1
1,4506834,1,2.00,A,A,1,0,1,0,0,0,0,0,0,0,0,1,0,0,0,1
1,4507030,1,8.00,A,A,1,0,0,0,1,0,0,0,0,0,0,1,0,0,0,0
1,4507432,1,2.00,A,A,1,0,0,0,1,0,0,0,0,0,0,1,0,0,0,0
1,4507274,1,8.00,A,A,1,0,0,1,0,0,0,0,0,0,0,1,0,0,0,1
1,4507563,1,4.00,A,A,1,0,0,0,1,0,0,0,0,0,0,1,0,0,0,0
1,4507259,1,2.00,A,A,1,0,0,0,1,0,0,0,0,0,0,1,0,0,0,0
1,4507147,1,8.00,A,A,1,0,0,0,1,0,0,0,0,0,0,1,0,0,0,0
1,4507229,1,6.00,A,A,1,0,0,0,1,0,0,0,0,0,0,1,0,0,0,0
1,4507479,1,4.00,A,A,1,0,0,0,1,0,0,0,0,0,0,1,0,0,0,0
1,4506705,2,16.00,A,A,1,0,1,0,0,0,0,0,0,0,0,1,0,0,0,1
1,4507408,1,6.00,A,A,1,0,0,0,1,0,0,0,0,0,0,1,0,0,0,0
1,4507022,1,8.00,A,A,1,0,0,1,0,0,0,0,0,0,0,1,0,0,0,1
1,4507649,1,8.00,A,A,1,0,0,0,0,1,0,0,0,0,0,1,0,0,0,1
1,4507399,1,8.00,A,A,1,0,0,1,0,0,0,0,0,0,0,1,0,0,0,1
1,4507554,1,4.00,A,A,1,0,0,1,0,0,0,0,0,0,0,1,0,0,0,1
1,4507230,1,4.00,A,A,1,0,0,0,1,0,0,0,0,0,0,1,0,0,0,0
1,4507080,1,4.00,A,A,1,0,0,1,0,0,0,0,0,0,0,1,0,0,0,1
1,4507138,1,4.00,A,A,1,0,0,1,0,0,0,0,0,0,0,1,0,0,0,1
1,4506479,1,6.00,A,A,1,0,1,0,0,0,0,0,0,0,0,1,0,0,0,1
1,4506078,1,4.00,A,A,1,0,1,0,0,0,0,0,0,0,0,1,0,0,0,1
1,4507121,1,2.00,A,A,1,0,0,0,1,0,0,0,0,0,0,1,0,0,0,0
1,4507606,1,4.00,A,A,1,0,0,0,1,0,0,0,0,0,0,1,0,0,0,0
1,4507434,1,4.00,A,A,1,0,0,0,1,0,0,0,0,0,0,1,0,0,0,0
1,4507502,1,4.00,A,A,1,0,0,0,1,0,0,0,0,0,0,1,0,0,0,0
1,4506109,1,4.00,A,A,1,0,1,0,0,0,0,0,0,0,0,1,0,0,0,1
1,4506013,1,10.00,A,A,1,0,1,0,0,0,0,0,0,0,0,1,0,0,0,1
1,4507456,1,8.00,A,A,1,0,0,0,1,0,0,0,0,0,0,1,0,0,0,0
1,4507166,1,4.00,A,A,1,0,0,1,0,0,0,0,0,0,0,1,0,0,0,1
1,4507407,1,2.00,A,A,1,0,0,0,1,0,0,0,0,0,0,1,0,0,0,0
1,4507555,1,8.00,A,A,1,0,0,1,0,0,0,0,0,0,0,1,0,0,0,1
1,4507338,1,8.00,A,A,1,0,0,0,1,0,0,0,0,0,0,1,0,0,0,0
1,4507310,1,2.00,A,A,1,0,0,0,1,0,0,0,0,0,0,1,0,0,0,0
1,4506414,1,4.00,A,A,1,0,1,0,0,0,0,0,0,0,0,1,0,0,0,1
1,4507342,1,8.00,A,A,1,0,0,0,0,1,0,0,0,0,0,1,0,0,0,1
1,4507258,1,8.00,A,A,1,0,0,0,1,0,0,0,0,0,0,1,0,0,0,0
1,4507458,1,4.00,A,A,1,0,0,0,1,0,0,0,0,0,0,1,0,0,0,0
1,4507605,1,4.00,A,A,1,0,0,0,1,0,0,0,0,0,0,1,0,0,0,0
1,4507514,1,4.00,A,A,1,0,0,1,0,0,0,0,0,0,0,1,0,0,0,1
1,4507257,1,2.00,A,A,1,0,0,0,1,0,0,0,0,0,0,1,0,0,0,0
1,4506689,1,2.00,A,A,1,0,1,0,0,0,0,0,0,0,0,1,0,0,0,1
1,4507646,1,4.00,A,A,1,0,0,0,1,0,0,0,0,0,0,1,0,0,0,0
1,4506628,1,2.00,A,A,1,0,1,0,0,0,0,0,0,0,0,1,0,0,0,1
1,4506916,1,2.00,A,A,1,0,1,0,0,0,0,0,0,0,0,1,0,0,0,1
1,4506661,1,2.00,A,A,1,0,1,0,0,0,0,0,0,0,0,1,0,0,0,1
1,4506139,1,8.00,A,A,1,0,1,0,0,0,0,0,0,0,0,1,0,0,0,1
1,4506579,1,8.00,A,A,1,1,0,0,0,0,0,0,0,0,0,1,0,0,0,1
1,4507089,1,6.00,A,A,1,0,0,0,1,0,0,0,0,0,0,1,0,0,0,0
1,4506044,1,8.00,A,A,1,0,1,0,0,0,0,0,0,0,0,1,0,0,0,1
1,4506416,1,4.00,A,A,1,0,1,0,0,0,0,0,0,0,0,1,0,0,0,1
1,4507629,1,4.00,A,A,1,0,0,0,0,1,0,0,0,0,0,1,0,0,0,1
1,4507110,1,8.00,A,A,1,0,0,1,0,0,0,0,0,0,0,1,0,0,0,1
1,4507220,1,4.00,A,A,1,0,0,1,0,0,0,0,0,0,0,1,0,0,0,1
1,4507645,1,10.00,A,A,1,0,0,0,1,0,0,0,0,0,0,1,0,0,0,0
1,4507384,1,3.00,A,A,1,0,0,0,1,0,0,0,0,0,0,1,0,0,0,0
1,4507095,1,2.00,A,A,1,0,0,0,0,1,0,0,0,0,0,1,0,0,0,1
1,4506913,1,6.00,A,A,1,0,0,0,1,0,0,0,0,0,0,1,0,0,0,0
1,4507249,1,2.00,A,A,1,0,0,1,0,0,0,0,0,0,0,1,0,0,0,1
1,4507575,1,10.00,A,A,1,0,0,1,0,0,0,0,0,0,0,1,0,0,0,1
1,4507522,1,8.00,A,A,1,0,0,0,1,0,0,0,0,0,0,1,0,0,0,0
1,4507362,1,6.00,A,A,1,0,0,0,1,0,0,0,0,0,0,1,0,0,0,0
1,4506911,1,2.00,A,A,1,0,0,0,1,0,0,0,0,0,0,1,0,0,0,0
1,4506230,1,4.00,A,A,1,0,1,0,0,0,0,0,0,0,0,1,0,0,0,1
1,4506629,1,2.00,A,A,1,0,1,0,0,0,0,0,0,0,0,1,0,0,0,1
1,4507361,1,6.00,A,A,1,0,0,0,1,0,0,0,0,0,0,1,0,0,0,0
1,4506917,1,3.00,A,A,1,0,1,0,0,0,0,0,0,0,0,1,0,0,0,1
1,4507119,1,4.00,A,A,1,0,0,0,1,0,0,0,0,0,0,1,0,0,0,0
1,4506415,1,2.00,A,A,1,0,1,0,0,0,0,0,0,0,0,1,0,0,0,1
1,4506014,1,2.00,A,A,1,0,1,0,0,0,0,0,0,0,0,1,0,0,0,1
1,4506107,1,2.00,A,A,1,0,1,0,0,0,0,0,0,0,0,1,0,0,0,1
1,4506077,1,4.00,A,A,1,0,1,0,0,0,0,0,0,0,0,1,0,0,0,1
1,4505954,1,3.00,A,A,1,0,1,0,0,0,0,0,0,0,0,1,0,0,0,1
1,4506765,2,16.00,A,A,1,0,1,0,0,0,0,0,0,0,0,1,0,0,0,1
1,4506721,1,4.00,A,A,1,0,1,0,0,0,0,0,0,0,0,1,0,0,0,1
1,4506290,1,4.00,A,A,1,0,1,0,0,0,0,0,0,0,0,1,0,0,0,1
1,4507065,1,2.00,A,A,1,0,0,0,0,1,0,0,0,0,0,1,0,0,0,1
1,4506353,1,2.00,A,A,1,0,1,0,0,0,0,0,0,0,0,1,0,0,0,1
1,4506539,1,4.00,A,A,1,0,1,0,0,0,0,0,0,0,0,1,0,0,0,1
1,4507639,1,6.00,A,A,1,0,0,0,0,1,0,0,0,0,0,1,0,0,0,1
1,4507202,1,2.00,A,A,1,0,0,0,1,0,0,0,0,0,0,1,0,0,0,0
1,4507336,1,8.00,A,A,1,0,0,0,1,0,0,0,0,0,0,1,0,0,0,0
1,4507534,1,2.00,A,A,1,0,0,1,0,0,0,0,0,0,0,1,0,0,0,1
1,4507501,1,8.00,A,A,1,0,0,0,1,0,0,0,0,0,0,1,0,0,0,0
1,4507315,1,4.00,A,A,1,0,0,0,1,0,0,0,0,0,0,1,0,0,0,0
1,4507193,1,6.00,A,A,1,0,0,1,0,0,0,0,0,0,0,1,0,0,0,1
1,4506259,1,8.00,A,A,1,0,1,0,0,0,0,0,0,0,0,1,0,0,0,1
1,4507139,1,4.00,A,A,1,0,0,1,0,0,0,0,0,0,0,1,0,0,0,1
1,4507588,1,2.00,A,A,1,0,0,0,1,0,0,0,0,0,0,1,0,0,0,0
1,4506890,1,6.00,A,A,1,0,1,0,0,0,0,0,0,0,0,1,0,0,0,1
1,4507375,1,4.00,A,A,1,0,0,1,0,0,0,0,0,0,0,1,0,0,0,1
1,4507644,1,8.00,A,A,1,0,0,0,1,0,0,0,0,0,0,1,0,0,0,0
1,4507064,1,8.00,A,A,1,0,0,0,1,0,0,0,0,0,0,1,0,0,0,0
1,4506388,1,4.00,A,A,1,0,1,0,0,0,0,0,0,0,0,1,0,0,0,1
1,4507604,1,6.00,A,A,1,0,0,0,1,0,0,0,0,0,0,1,0,0,0,0
1,4507437,1,4.00,A,A,1,0,0,0,0,1,0,0,0,0,0,1,0,0,0,1
1,4507364,1,2.00,A,A,1,0,0,0,1,0,0,0,0,0,0,1,0,0,0,0
1,4507411,1,3.00,A,A,1,0,0,0,1,0,0,0,0,0,0,1,0,0,0,0
1,4507077,1,3.00,A,A,1,0,0,1,0,0,0,0,0,0,0,1,0,0,0,1
1,4507233,1,2.00,A,A,1,0,0,0,1,0,0,0,0,0,0,1,0,0,0,0
1,4507210,1,4.00,A,A,1,0,1,0,0,0,0,0,0,0,0,1,0,0,0,1
1,4507483,1,2.00,A,A,1,0,0,0,1,0,0,0,0,0,0,1,0,0,0,0
1,4507303,1,2.00,A,A,1,0,0,1,0,0,0,0,0,0,0,1,0,0,0,1
1,4506903,1,2.00,A,A,1,0,0,1,0,0,0,0,0,0,0,1,0,0,0,1
1,4507526,1,4.00,A,A,1,0,0,0,1,0,0,0,0,0,0,1,0,0,0,0
1,4506632,1,8.00,A,A,1,0,1,0,0,0,0,0,0,0,0,1,0,0,0,1
1,4506132,1,6.00,A,A,1,0,1,0,0,0,0,0,0,0,0,1,0,0,0,1
1,4506921,1,4.00,A,A,1,0,1,0,0,0,0,0,0,0,0,1,0,0,0,1
1,4507099,1,8.00,A,A,1,0,1,0,0,0,0,0,0,0,0,1,0,0,0,1
1,4506786,1,4.00,A,A,1,0,1,0,0,0,0,0,0,0,0,1,0,0,0,1
1,4507627,1,4.00,A,A,1,0,0,0,1,0,0,0,0,0,0,1,0,0,0,0
1,4507237,1,4.00,A,A,1,0,1,0,0,0,0,0,0,0,0,1,0,0,0,1
1,4507005,1,6.00,A,A,1,0,0,0,1,0,0,0,0,0,0,1,0,0,0,0
1,4507260,1,2.00,A,A,1,0,0,0,1,0,0,0,0,0,0,1,0,0,0,0
1,4507143,1,4.00,A,A,1,0,0,0,1,0,0,0,0,0,0,1,0,0,0,0
1,4506047,1,4.00,A,A,1,0,1,0,0,0,0,0,0,0,0,1,0,0,0,1
1,4507460,1,2.00,A,A,1,0,0,0,1,0,0,0,0,0,0,1,0,0,0,0
1,4507388,1,6.00,A,A,1,0,0,0,1,0,0,0,0,0,0,1,0,0,0,0
1,4507459,1,3.00,A,A,1,0,0,0,1,0,0,0,0,0,0,1,0,0,0,0
1,4507540,1,4.00,A,A,1,0,0,0,1,0,0,0,0,0,0,1,0,0,0,0
1,4507531,1,6.00,A,A,1,0,0,1,0,0,0,0,0,0,0,1,0,0,0,1
1,4507551,1,3.00,A,A,1,0,0,1,0,0,0,0,0,0,0,1,0,0,0,1
1,4507261,1,2.00,A,A,1,0,0,0,1,0,0,0,0,0,0,1,0,0,0,0
1,4507560,1,2.00,A,A,1,0,0,0,1,0,0,0,0,0,0,1,0,0,0,0
1,4507068,1,2.00,A,A,1,0,1,0,0,0,0,0,0,0,0,1,0,0,0,1
1,4507489,1,2.00,A,A,1,0,0,1,0,0,0,0,0,0,0,1,0,0,0,1
1,4506467,1,4.00,A,A,1,0,1,0,0,0,0,0,0,0,0,1,0,0,0,1
1,4507217,1,2.00,A,A,1,0,0,1,0,0,0,0,0,0,0,1,0,0,0,1
1,4507299,1,4.00,A,A,1,0,0,1,0,0,0,0,0,0,0,1,0,0,0,1
1,4506813,1,4.00,A,A,1,0,1,0,0,0,0,0,0,0,0,1,0,0,0,1
1,4506958,1,4.00,A,A,1,0,0,1,0,0,0,0,0,0,0,1,0,0,0,1
1,4507069,1,3.00,A,A,1,0,1,0,0,0,0,0,0,0,0,1,0,0,0,1
1,4507070,1,4.00,A,A,1,0,1,0,0,0,0,0,0,0,0,1,0,0,0,1
1,4507395,1,6.00,A,A,1,0,0,1,0,0,0,0,0,0,0,1,0,0,0,1
1,4506837,1,3.00,A,A,1,0,1,0,0,0,0,0,0,0,0,1,0,0,0,1
1,4507062,1,3.00,A,A,1,0,0,0,1,0,0,0,0,0,0,1,0,0,0,0
1,4506945,1,4.00,A,A,1,0,0,0,1,0,0,0,0,0,0,1,0,0,0,0
1,4507636,1,2.00,A,A,1,0,0,0,1,0,0,0,0,0,0,1,0,0,0,0
1,4506914,1,2.00,A,A,1,0,0,0,1,0,0,0,0,0,0,1,0,0,0,0
1,4507339,1,2.00,A,A,1,0,0,0,1,0,0,0,0,0,0,1,0,0,0,0
1,4505956,1,6.00,A,A,1,1,0,0,0,0,0,0,0,0,0,1,0,0,0,1
1,4507429,1,4.00,A,A,1,0,0,0,1,0,0,0,0,0,0,1,0,0,0,0
1,4507177,1,2.00,A,A,1,0,0,0,1,0,0,0,0,0,0,1,0,0,0,0
1,4507387,1,4.00,A,A,1,0,0,0,1,0,0,0,0,0,0,1,0,0,0,0
1,4507525,1,2.00,A,A,1,0,0,0,1,0,0,0,0,0,0,1,0,0,0,0
1,4507510,1,2.00,A,A,1,0,0,1,0,0,0,0,0,0,0,1,0,0,0,1
1,4507199,1,4.00,A,A,1,0,0,0,1,0,0,0,0,0,0,1,0,0,0,0
1,4507154,1,4.00,A,A,1,0,1,0,0,0,0,0,0,0,0,1,0,0,0,1
1,4507027,1,8.00,A,A,1,0,0,0,1,0,0,0,0,0,0,1,0,0,0,0
1,4507410,1,2.00,A,A,1,0,0,0,1,0,0,0,0,0,0,1,0,0,0,0
1,4507285,1,6.00,A,A,1,0,0,0,1,0,0,0,0,0,0,1,0,0,0,0
1,4507363,1,2.00,A,A,1,0,0,0,1,0,0,0,0,0,0,1,0,0,0,0
1,4507503,1,2.00,A,A,1,0,0,0,1,0,0,0,0,0,0,1,0,0,0,0
1,4506665,1,4.00,A,A,1,0,1,0,0,0,0,0,0,0,0,1,0,0,0,1
1,4507333,1,4.00,A,A,1,0,0,0,1,0,0,0,0,0,0,1,0,0,0,0
1,4507565,1,4.00,A,A,1,0,0,0,1,0,0,0,0,0,0,1,0,0,0,0
1,4506138,2,4.00,A,A,1,0,1,0,0,0,0,0,0,0,0,1,0,0,0,1
1,4507626,1,2.00,A,A,1,0,0,0,1,0,0,0,0,0,0,1,0,0,0,0
1,4507373,1,4.00,A,A,1,0,0,1,0,0,0,0,0,0,0,1,0,0,0,1
1,4506867,1,4.00,A,A,1,0,1,0,0,0,0,0,0,0,0,1,0,0,0,1
1,4507180,1,4.00,A,A,1,0,0,0,0,1,0,0,0,0,0,1,0,0,0,1
1,4507010,1,8.00,A,A,1,0,1,0,0,0,0,0,0,0,0,1,0,0,0,1
1,4507127,1,6.00,A,A,1,0,1,0,0,0,0,0,0,0,0,1,0,0,0,1
1,4507349,1,8.00,A,A,1,0,0,1,0,0,0,0,0,0,0,1,0,0,0,1
1,4507325,1,2.00,A,A,1,0,0,1,0,0,0,0,0,0,0,1,0,0,0,1
1,4506950,1,6.00,A,A,1,0,1,0,0,0,0,0,0,0,0,1,0,0,0,1
1,4506481,1,3.00,A,A,1,0,1,0,0,0,0,0,0,0,0,1,0,0,0,1
1,4505957,1,2.00,A,A,1,1,0,0,0,0,0,0,0,0,0,1,0,0,0,1
1,4507581,1,4.00,A,A,1,0,0,0,1,0,0,0,0,0,0,1,0,0,0,0
1,4506419,1,8.00,A,A,1,0,1,0,0,0,0,0,0,0,0,1,0,0,0,1
1,4507239,1,8.00,A,A,1,0,0,1,0,0,0,0,0,0,0,1,0,0,0,1
1,4506888,1,4.00,A,A,1,0,1,0,0,0,0,0,0,0,0,1,0,0,0,1
1,4506692,1,8.00,A,A,1,0,1,0,0,0,0,0,0,0,0,1,0,0,0,1
1,4507137,1,4.00,A,A,1,0,0,1,0,0,0,0,0,0,0,1,0,0,0,1
1,4506846,1,2.00,A,A,1,0,0,1,0,0,0,0,0,0,0,1,0,0,0,1
1,4507021,1,3.00,A,A,1,0,0,1,0,0,0,0,0,0,0,1,0,0,0,1
1,4507219,1,4.00,A,A,1,0,0,1,0,0,0,0,0,0,0,1,0,0,0,1
1,4506104,1,6.00,A,A,1,0,1,0,0,0,0,0,0,0,0,1,0,0,0,1
1,4506440,1,4.00,A,A,1,0,1,0,0,0,0,0,0,0,0,1,0,0,0,1
1,4506593,1,6.00,A,A,1,0,1,0,0,0,0,0,0,0,0,1,0,0,0,1
1,4506534,1,4.00,A,A,1,0,1,0,0,0,0,0,0,0,0,1,0,0,0,1
1,4507335,2,12.00,A,A,1,0,0,0,1,0,0,0,0,0,0,1,0,0,0,0
1,4506990,1,6.00,A,A,1,0,0,1,0,0,0,0,0,0,0,1,0,0,0,1
1,4506312,1,6.00,A,A,1,0,1,0,0,0,0,0,0,0,0,1,0,0,0,1
1,4507589,1,2.00,A,A,1,0,0,0,0,1,0,0,0,0,0,1,0,0,0,1
1,4507582,1,4.00,A,A,1,0,0,0,1,0,0,0,0,0,0,1,0,0,0,0
1,4506778,1,2.00,A,A,1,0,1,0,0,0,0,0,0,0,0,1,0,0,0,1
1,4506746,1,2.00,A,A,1,0,1,0,0,0,0,0,0,0,0,1,0,0,0,1
1,4507382,1,6.00,A,A,1,0,0,0,1,0,0,0,0,0,0,1,0,0,0,0
1,4507163,1,6.00,A,A,1,0,0,1,0,0,0,0,0,0,0,1,0,0,0,1
1,4507087,1,8.00,A,A,1,0,0,0,1,0,0,0,0,0,0,1,0,0,0,0
1,4506473,1,4.00,A,A,1,0,1,0,0,0,0,0,0,0,0,1,0,0,0,1
1,4506968,1,4.00,A,A,1,0,0,0,1,0,0,0,0,0,0,1,0,0,0,0
1,4507117,1,8.00,A,A,1,0,0,0,1,0,0,0,0,0,0,1,0,0,0,0
1,4507602,1,2.00,A,A,1,0,0,0,1,0,0,0,0,0,0,1,0,0,0,0
1,4507421,1,2.00,A,A,1,0,0,1,0,0,0,0,0,0,0,1,0,0,0,1
1,4506755,1,10.00,A,A,1,0,1,0,0,0,0,0,0,0,0,1,0,0,0,1
1,4507405,1,6.00,A,A,1,0,0,0,1,0,0,0,0,0,0,1,0,0,0,0
1,4506361,1,6.00,A,A,1,1,0,0,0,0,0,0,0,0,0,1,0,0,0,1
1,4506922,1,2.00,A,A,1,0,1,0,0,0,0,0,0,0,0,1,0,0,0,1
1,4507200,1,6.00,A,A,1,0,0,0,1,0,0,0,0,0,0,1,0,0,0,0
1,4506869,1,2.00,A,A,1,0,1,0,0,0,0,0,0,0,0,1,0,0,0,1
1,4507385,1,4.00,O,O,1,0,0,0,1,0,0,0,0,0,0,1,0,0,0,0
1,4507029,1,2.00,O,O,1,0,0,0,1,0,0,0,0,0,0,1,0,0,0,0
1,4507648,1,2.00,O,O,1,0,0,0,1,0,0,0,0,0,0,1,0,0,0,0
1,4507291,1,3.00,E,O,1,0,1,0,0,0,0,0,0,0,0,1,0,0,0,1
1,4506912,1,2.00,O,O,1,0,0,0,1,0,0,0,0,0,0,1,0,0,0,0
1,4507001,1,6.00,O,O,1,0,0,0,1,0,0,0,0,0,0,1,0,0,0,0
1,4507284,1,6.00,O,O,1,0,0,0,1,0,0,0,0,0,0,1,0,0,0,0
1,4507280,1,2.00,O,O,1,0,0,0,1,0,0,0,0,0,0,1,0,0,0,0
1,4506940,1,4.00,O,O,1,0,0,0,1,0,0,0,0,0,0,1,0,0,0,0
1,4507409,1,4.00,O,O,1,0,0,0,1,0,0,0,0,0,0,1,0,0,0,0
1,4507583,1,4.00,O,O,1,0,0,0,1,0,0,0,0,0,0,1,0,0,0,0
1,4507204,1,2.00,O,O,1,0,0,0,1,0,0,0,0,0,0,1,0,0,0,0
1,4507524,1,2.00,O,O,1,0,0,0,1,0,0,0,0,0,0,1,0,0,0,0
1,4507148,1,6.00,O,O,1,0,0,0,1,0,0,0,0,0,0,1,0,0,0,0
1,4507004,1,2.00,O,O,1,0,0,0,1,0,0,0,0,0,0,1,0,0,0,0
1,4507003,1,4.00,O,O,1,0,0,0,1,0,0,0,0,0,0,1,0,0,0,0
1,4507360,1,4.00,O,O,1,0,0,0,1,0,0,0,0,0,0,1,0,0,0,0
1,4506970,1,2.00,O,O,1,0,0,0,1,0,0,0,0,0,0,1,0,0,0,0
1,4507314,1,4.00,O,O,1,0,0,0,1,0,0,0,0,0,0,1,0,0,0,0
1,4506969,1,3.00,O,O,1,0,0,0,1,0,0,0,0,0,0,1,0,0,0,0
1,4505884,1,10.00,E,O,1,1,0,0,0,0,0,0,0,0,0,1,0,0,0,1
1,4506817,1,8.00,E,O,1,0,0,1,0,0,0,0,0,0,0,1,0,0,0,1
1,4507657,1,2.00,O,O,1,0,0,0,0,1,0,0,0,0,0,1,0,0,0,1
1,4506505,1,8.00,E,O,1,0,1,0,0,0,0,0,0,0,0,1,0,0,0,1
1,4507506,1,2.00,E,O,1,0,0,0,0,1,0,0,0,0,0,1,0,0,0,1
1,4506865,1,2.00,O,O,1,0,1,0,0,0,0,0,0,0,0,1,0,0,0,1
1,4506918,1,6.00,O,O,1,0,1,0,0,0,0,0,0,0,0,1,0,0,0,1
1,4506076,1,6.00,O,O,1,0,1,0,0,0,0,0,0,0,0,1,0,0,0,1
1,4506660,1,2.00,O,O,1,0,1,0,0,0,0,0,0,0,0,1,0,0,0,1
1,4507400,1,2.00,O,O,1,0,0,1,0,0,0,0,0,0,0,1,0,0,0,1
1,4506885,1,6.00,O,O,1,0,1,0,0,0,0,0,0,0,0,1,0,0,0,1
1,4507211,1,2.00,O,O,1,0,1,0,0,0,0,0,0,0,0,1,0,0,0,1
1,4507184,1,4.00,E,O,1,0,1,0,0,0,0,0,0,0,0,1,0,0,0,1
1,4507610,1,4.00,E,O,1,0,0,0,0,1,0,0,0,0,0,1,0,0,0,1
1,4507568,1,4.00,E,O,1,0,0,0,0,1,0,0,0,0,0,1,0,0,0,1
1,4505950,1,3.00,O,O,1,0,1,0,0,0,0,0,0,0,0,1,0,0,0,1
1,4507490,1,4.00,O,O,1,0,0,1,0,0,0,0,0,0,0,1,0,0,0,1
1,4506015,1,2.00,E,O,1,0,1,0,0,0,0,0,0,0,0,1,0,0,0,1
1,4506815,1,2.00,E,O,1,0,1,0,0,0,0,0,0,0,0,1,0,0,0,1
1,4507552,1,4.00,O,O,1,0,0,1,0,0,0,0,0,0,0,1,0,0,0,1
1,4507423,1,2.00,E,O,1,0,0,1,0,0,0,0,0,0,0,1,0,0,0,1
1,4506833,1,8.00,E,O,1,0,1,0,0,0,0,0,0,0,0,1,0,0,0,1
1,4506541,1,4.00,E,O,1,0,1,0,0,0,0,0,0,0,0,1,0,0,0,1
1,4506849,1,8.00,E,O,1,0,0,1,0,0,0,0,0,0,0,1,0,0,0,1
1,4506848,1,6.00,E,O,1,0,0,1,0,0,0,0,0,0,0,1,0,0,0,1
1,4506194,1,4.00,O,O,1,0,1,0,0,0,0,0,0,0,0,1,0,0,0,1
1,4506767,1,4.00,O,O,1,1,0,0,0,0,0,0,0,0,0,1,0,0,0,1
1,4506249,1,2.00,O,O,1,0,1,0,0,0,0,0,0,0,0,1,0,0,0,1
1,4507398,1,2.00,E,O,1,0,0,1,0,0,0,0,0,0,0,1,0,0,0,1
1,4507596,1,4.00,O,O,1,0,0,1,0,0,0,0,0,0,0,1,0,0,0,1
1,4507492,1,4.00,E,O,1,0,0,1,0,0,0,0,0,0,0,1,0,0,0,1
1,4506624,1,2.00,O,O,1,0,1,0,0,0,0,0,0,0,0,1,0,0,0,1
1,4506475,1,2.00,E,O,1,0,1,0,0,0,0,0,0,0,0,1,0,0,0,1
1,4507513,1,4.00,O,O,1,0,0,1,0,0,0,0,0,0,0,1,0,0,0,1
1,4506810,1,2.00,E,O,1,0,1,0,0,0,0,0,0,0,0,1,0,0,0,1
1,4507125,1,3.00,E,O,1,0,0,0,0,1,0,0,0,0,0,1,0,0,0,1
1,4507271,1,4.00,O,O,1,0,0,1,0,0,0,0,0,0,0,1,0,0,0,1
1,4506255,1,3.00,E,O,1,0,1,0,0,0,0,0,0,0,0,1,0,0,0,1
1,4505882,1,2.00,4,1,1,1,0,0,0,0,0,0,0,0,0,1,0,0,0,1
1,4507353,1,6.00,4,1,1,0,0,1,0,0,0,0,0,0,0,1,0,0,0,1
1,4507613,1,2.00,4,1,1,0,0,1,0,0,0,0,0,0,0,1,0,0,0,1
1,4506334,1,2.00,4,1,1,1,0,0,0,0,0,0,0,0,0,1,0,0,0,1
1,4507616,1,4.00,A,A,1,0,0,0,1,0,0,0,0,0,0,0,1,0,0,1
1,4505318,1,4.00,A,A,1,1,0,0,0,0,0,0,0,0,0,0,1,0,0,1
1,4507222,1,2.00,A,A,1,0,0,0,1,0,0,0,0,0,0,0,1,0,0,1
1,4507451,1,4.00,A,A,1,0,0,0,1,0,0,0,0,0,0,0,1,0,0,1
1,4507169,1,2.00,A,A,1,0,0,0,1,0,0,0,0,0,0,0,1,0,0,1
1,4507277,1,2.00,A,A,1,0,0,0,1,0,0,0,0,0,0,0,1,0,0,1
1,4507541,1,4.00,A,A,1,0,0,0,1,0,0,0,0,0,0,0,1,0,0,1
1,4507109,1,8.00,A,A,1,0,0,1,0,0,0,0,0,0,0,0,1,0,0,1
1,4507406,1,2.00,A,A,1,0,0,0,1,0,0,0,0,0,0,0,1,0,0,1
1,4507512,1,4.00,A,A,1,0,0,1,0,0,0,0,0,0,0,0,1,0,0,1
1,4506038,1,8.00,A,A,1,0,1,0,0,0,0,0,0,0,0,0,1,0,0,1
1,4506684,1,6.00,A,A,1,0,1,0,0,0,0,0,0,0,0,0,1,0,0,1
1,4505949,1,3.00,A,A,1,0,1,0,0,0,0,0,0,0,0,0,1,0,0,1
1,4507612,1,3.00,A,A,1,0,0,1,0,0,0,0,0,0,0,0,1,0,0,1
1,4506009,1,3.00,A,A,1,0,1,0,0,0,0,0,0,0,0,0,1,0,0,1
1,4507108,1,4.00,A,A,1,0,0,1,0,0,0,0,0,0,0,0,1,0,0,1
1,4506989,1,2.00,A,A,1,0,0,1,0,0,0,0,0,0,0,0,1,0,0,1
1,4507561,1,4.00,A,A,1,0,0,0,1,0,0,0,0,0,0,0,1,0,0,1
1,4507281,1,2.00,A,A,1,0,0,0,1,0,0,0,0,0,0,0,1,0,0,1
1,4506870,1,2.00,A,A,1,0,1,0,0,0,0,0,0,0,0,0,1,0,0,1
1,4506999,1,6.00,A,A,1,0,0,0,1,0,0,0,0,0,0,0,1,0,0,1
1,4506931,1,2.00,A,A,1,0,0,1,0,0,0,0,0,0,0,0,1,0,0,1
1,4507144,1,6.00,A,A,1,0,0,0,1,0,0,0,0,0,0,0,1,0,0,1
1,4507366,1,4.00,A,A,1,0,0,0,0,1,0,0,0,0,0,0,1,0,0,0
1,4506393,1,2.00,A,A,1,1,0,0,0,0,0,0,0,0,0,0,1,0,0,1
1,4506410,1,6.00,A,A,1,0,1,0,0,0,0,0,0,0,0,0,1,0,0,1
1,4506084,1,2.00,A,A,1,1,0,0,0,0,0,0,0,0,0,0,1,0,0,1
1,4507013,1,4.00,A,A,1,0,1,0,0,0,0,0,0,0,0,0,1,0,0,1
1,4507246,1,3.00,A,A,1,0,0,1,0,0,0,0,0,0,0,0,1,0,0,1
1,4507156,1,2.00,A,A,1,0,1,0,0,0,0,0,0,0,0,0,1,0,0,1
1,4506224,1,2.00,A,A,1,0,1,0,0,0,0,0,0,0,0,0,1,0,0,1
1,4507292,1,18.00,A,A,1,0,1,0,0,0,0,0,0,0,0,0,1,0,0,1
1,4506055,1,8.00,A,A,1,0,0,1,0,0,0,0,0,0,0,0,1,0,0,1
1,4507359,1,4.00,A,A,1,0,0,0,1,0,0,0,0,0,0,0,1,0,0,1
1,4506923,1,2.00,A,A,1,0,1,0,0,0,0,0,0,0,0,0,1,0,0,1
1,4506788,1,2.00,A,A,1,0,1,0,0,0,0,0,0,0,0,0,1,0,0,1
1,4507288,1,4.00,A,A,1,0,0,0,0,1,0,0,0,0,0,0,1,0,0,0
1,4506859,1,8.00,A,A,1,0,1,0,0,0,0,0,0,0,0,0,1,0,0,1
1,4507445,1,2.00,A,A,1,0,0,1,0,0,0,0,0,0,0,0,1,0,0,1
1,4507028,1,4.00,A,A,1,0,0,0,1,0,0,0,0,0,0,0,1,0,0,1
1,4506952,1,8.00,A,A,1,0,1,0,0,0,0,0,0,0,0,0,1,0,0,1
1,4507351,1,4.00,A,A,1,0,0,1,0,0,0,0,0,0,0,0,1,0,0,1
1,4506960,1,3.00,A,A,1,0,0,1,0,0,0,0,0,0,0,0,1,0,0,1
1,4507300,1,3.00,A,A,1,0,0,1,0,0,0,0,0,0,0,0,1,0,0,1
1,4507397,1,4.00,A,A,1,0,0,1,0,0,0,0,0,0,0,0,1,0,0,1
1,4507218,1,3.00,A,A,1,0,0,1,0,0,0,0,0,0,0,0,1,0,0,1
1,4507273,1,4.00,A,A,1,0,0,1,0,0,0,0,0,0,0,0,1,0,0,1
1,4507020,1,4.00,A,A,1,0,0,1,0,0,0,0,0,0,0,0,1,0,0,1
1,4506877,1,4.00,A,A,1,0,0,1,0,0,0,0,0,0,0,0,1,0,0,1
1,4507048,1,4.00,A,A,1,0,0,1,0,0,0,0,0,0,0,0,1,0,0,1
1,4507573,1,2.00,A,A,1,0,0,1,0,0,0,0,0,0,0,0,1,0,0,1
1,4507191,1,2.00,A,A,1,0,0,1,0,0,0,0,0,0,0,0,1,0,0,1
1,4507344,2,8.00,A,A,1,0,0,0,0,1,0,0,0,0,0,0,1,0,0,0
1,4507594,1,4.00,A,A,1,0,0,1,0,0,0,0,0,0,0,0,1,0,0,1
1,4507006,1,2.00,A,A,1,0,0,0,0,1,0,0,0,0,0,0,1,0,0,0
1,4507491,1,3.00,A,A,1,0,0,1,0,0,0,0,0,0,0,0,1,0,0,1
1,4507256,1,2.00,A,A,1,0,0,0,1,0,0,0,0,0,0,0,1,0,0,1
1,4506941,1,4.00,A,A,1,0,0,0,1,0,0,0,0,0,0,0,1,0,0,1
1,4505982,1,2.00,A,A,1,0,1,0,0,0,0,0,0,0,0,0,1,0,0,1
1,4506816,1,6.00,A,A,1,0,1,0,0,0,0,0,0,0,0,0,1,0,0,1
1,4507151,1,2.00,A,A,1,0,0,0,0,1,0,0,0,0,0,0,1,0,0,0
1,4507469,2,16.00,A,A,1,0,0,1,0,0,0,0,0,0,0,0,1,0,0,1
1,4507316,1,2.00,A,A,1,0,0,0,0,1,0,0,0,0,0,0,1,0,0,0
1,4507088,1,6.00,A,A,1,0,0,0,1,0,0,0,0,0,0,0,1,0,0,1
1,4506039,1,2.00,A,A,1,0,1,0,0,0,0,0,0,0,0,0,1,0,0,1
1,4507227,1,8.00,A,A,1,0,0,0,1,0,0,0,0,0,0,0,1,0,0,1
1,4507533,1,2.00,A,A,1,0,0,1,0,0,0,0,0,0,0,0,1,0,0,1
1,4507173,1,2.00,A,A,1,0,0,0,1,0,0,0,0,0,0,0,1,0,0,1
1,4507420,1,6.00,A,A,1,0,0,1,0,0,0,0,0,0,0,0,1,0,0,1
1,4506900,1,4.00,A,A,1,0,0,1,0,0,0,0,0,0,0,0,1,0,0,1
1,4507642,1,2.00,A,A,1,0,0,0,1,0,0,0,0,0,0,0,1,0,0,1
1,4506073,1,2.00,A,A,1,0,1,0,0,0,0,0,0,0,0,0,1,0,0,1
1,4507511,1,3.00,A,A,1,0,0,1,0,0,0,0,0,0,0,0,1,0,0,1
1,4507118,1,2.00,A,A,1,0,0,0,1,0,0,0,0,0,0,0,1,0,0,1
1,4507500,1,3.00,A,A,1,0,0,0,1,0,0,0,0,0,0,0,1,0,0,1
1,4507430,1,3.00,A,A,1,0,0,0,1,0,0,0,0,0,0,0,1,0,0,1
1,4507309,1,4.00,A,A,1,0,0,0,1,0,0,0,0,0,0,0,1,0,0,1
1,4507477,1,4.00,A,A,1,0,0,0,1,0,0,0,0,0,0,0,1,0,0,1
1,4507521,1,3.00,A,A,1,0,0,0,1,0,0,0,0,0,0,0,1,0,0,1
1,4507632,1,2.00,A,A,1,0,0,0,1,0,0,0,0,0,0,0,1,0,0,1
1,4507553,1,6.00,A,A,1,0,0,1,0,0,0,0,0,0,0,0,1,0,0,1
1,4506899,1,6.00,A,A,1,0,0,1,0,0,0,0,0,0,0,0,1,0,0,1
1,4506484,1,4.00,A,A,1,1,0,0,0,0,0,0,0,0,0,0,1,0,0,1
1,4506878,1,4.00,A,A,1,0,0,1,0,0,0,0,0,0,0,0,1,0,0,1
1,4507622,1,2.00,A,A,1,0,0,0,1,0,0,0,0,0,0,0,1,0,0,1
1,4506134,1,2.00,A,A,1,0,1,0,0,0,0,0,0,0,0,0,1,0,0,1
1,4506285,1,2.00,A,A,1,0,1,0,0,0,0,0,0,0,0,0,1,0,0,1
1,4507383,1,3.00,A,A,1,0,0,0,1,0,0,0,0,0,0,0,1,0,0,1
1,4507058,1,4.00,A,A,1,0,0,0,1,0,0,0,0,0,0,0,1,0,0,1
1,4506347,1,2.00,A,A,1,0,1,0,0,0,0,0,0,0,0,0,1,0,0,1
1,4507192,1,8.00,A,A,1,0,0,1,0,0,0,0,0,0,0,0,1,0,0,1
1,4507574,1,4.00,A,A,1,0,0,1,0,0,0,0,0,0,0,0,1,0,0,1
1,4507446,1,2.00,A,A,1,0,0,1,0,0,0,0,0,0,0,0,1,0,0,1
1,4506322,1,2.00,A,A,1,0,1,0,0,0,0,0,0,0,0,0,1,0,0,1
1,4507057,1,8.00,A,A,1,0,0,0,1,0,0,0,0,0,0,0,1,0,0,1
1,4506535,1,8.00,A,A,1,0,1,0,0,0,0,0,0,0,0,0,1,0,0,1
1,4507247,1,2.00,A,A,1,0,0,1,0,0,0,0,0,0,0,0,1,0,0,1
1,4506932,1,8.00,A,A,1,0,0,1,0,0,0,0,0,0,0,0,1,0,0,1
1,4507079,1,2.00,A,A,1,0,0,1,0,0,0,0,0,0,0,0,1,0,0,1
1,4506225,1,2.00,A,A,1,0,1,0,0,0,0,0,0,0,0,0,1,0,0,1
1,4507164,1,6.00,A,A,1,0,0,1,0,0,0,0,0,0,0,0,1,0,0,1
1,4506635,1,4.00,A,A,1,0,1,0,0,0,0,0,0,0,0,0,1,0,0,1
1,4507520,1,2.00,A,A,1,0,0,0,1,0,0,0,0,0,0,0,1,0,0,1
1,4506609,1,10.00,A,A,1,1,0,0,0,0,0,0,0,0,0,0,1,0,0,1
1,4506727,1,2.00,A,A,1,0,1,0,0,0,0,0,0,0,0,0,1,0,0,1
2,4505728,1,8.00,A,A,4,1,1,1,0,1,0,0,1,1,1,0,1,0,0,0
2,4505320,1,4.00,A,A,5,1,1,1,1,1,0,0,1,1,1,1,1,0,0,0
2,4506207,1,4.00,A,A,3,1,0,1,0,1,0,0,1,0,1,0,1,0,0,0
2,4506203,1,6.00,A,A,5,1,1,1,1,1,0,0,1,1,1,1,1,0,0,0
2,4505519,1,6.00,A,A,5,1,1,1,1,1,0,0,1,1,1,1,1,0,0,0
2,4505446,1,10.00,A,A,3,1,0,1,0,1,0,0,1,0,1,0,1,0,0,0
2,4506298,1,10.00,A,A,3,1,0,1,1,0,0,0,1,0,1,1,0,0,0,0
2,4505930,1,8.00,A,A,3,1,0,1,0,1,0,0,1,0,1,0,1,0,0,0
2,4505926,1,4.00,A,A,3,1,0,1,0,1,0,0,1,0,1,0,1,0,0,0
2,4506521,1,8.00,A,A,3,1,0,1,0,1,0,0,1,0,1,0,1,0,0,0
2,4506176,1,6.00,A,A,2,1,0,1,0,0,0,0,1,0,1,0,0,0,0,0
2,4505906,1,3.00,A,A,3,1,0,1,0,1,0,0,1,0,1,0,1,0,0,0
2,4505256,1,8.00,A,A,5,1,1,1,1,1,0,0,1,1,1,1,1,0,0,0
2,4506395,2,16.00,A,A,2,1,0,0,1,0,0,0,1,0,0,1,0,0,0,0
2,4506020,1,8.00,A,A,5,1,1,1,1,1,0,0,1,1,1,1,1,0,0,0
2,4505877,1,8.00,A,A,5,1,1,1,1,1,0,0,1,1,1,1,1,0,0,0
2,4505797,1,8.00,A,A,3,1,0,1,0,1,0,0,1,0,1,0,1,0,0,0
2,4505773,1,8.00,A,A,3,1,0,1,0,1,0,0,1,0,1,0,1,0,0,0
2,4505613,1,6.00,A,A,3,1,0,1,0,1,0,0,1,0,1,0,1,0,0,0
2,4505572,2,8.00,A,A,3,1,0,1,0,1,0,0,1,0,1,0,1,0,0,0
2,4505994,1,8.00,A,A,3,1,0,1,0,1,0,0,1,0,1,0,1,0,0,0
2,4506391,1,8.00,A,A,3,1,0,1,0,1,0,0,1,0,1,0,1,0,0,0
2,4506363,1,8.00,A,A,3,1,0,1,0,1,0,0,1,0,1,0,1,0,0,0
2,4506297,1,8.00,A,A,3,1,0,1,0,1,0,0,1,0,1,0,1,0,0,0
2,4506208,6,48.00,A,A,3,1,0,1,0,1,0,0,1,0,1,0,1,0,0,0
2,4506144,1,8.00,A,A,5,1,1,1,1,1,0,0,1,1,1,1,1,0,0,0
2,4505874,1,10.00,A,A,3,1,0,1,0,1,0,0,1,0,1,0,1,0,0,0
2,4505597,1,4.00,A,A,3,1,0,1,0,1,0,0,1,0,1,0,1,0,0,0
2,4505362,4,16.00,A,A,5,1,1,1,1,1,0,0,1,1,1,1,1,0,0,0
2,4506114,1,4.00,A,A,3,1,0,1,0,1,0,0,1,0,1,0,1,0,0,0
2,4505598,1,6.00,A,A,3,1,0,1,0,1,0,0,1,0,1,0,1,0,0,0
2,4505729,1,4.00,A,A,3,1,0,1,0,1,0,0,1,0,1,0,1,0,0,0
2,4505338,1,6.00,A,A,3,1,0,1,0,1,0,0,1,0,1,0,1,0,0,0
2,4506050,1,8.00,A,A,4,1,1,0,1,1,0,0,1,1,0,1,1,0,0,0
2,4506369,1,6.00,A,A,3,1,0,1,0,1,0,0,1,0,1,0,1,0,0,0
2,4505883,1,2.00,A,A,3,1,0,1,0,1,0,0,1,0,1,0,1,0,0,0
2,4505404,1,10.00,A,A,5,1,1,1,1,1,0,0,1,1,1,1,1,0,0,0
2,4506739,1,8.00,A,A,3,1,0,1,0,1,0,0,1,0,1,0,1,0,0,0
2,4505543,2,8.00,A,A,5,1,1,1,1,1,0,0,1,1,1,1,1,0,0,0
2,4505303,1,8.00,A,A,5,1,1,1,1,1,0,0,1,1,1,1,1,0,0,0
2,4505837,2,8.00,A,A,5,1,1,1,1,1,0,0,1,1,1,1,1,0,0,0
2,4505336,2,16.00,A,A,3,1,0,1,0,1,0,0,1,0,1,0,1,0,0,0
2,4505302,1,4.00,A,A,3,1,0,1,0,1,0,0,1,0,1,0,1,0,0,0
2,4505224,1,2.00,A,A,3,1,0,1,0,1,0,0,1,0,1,0,1,0,0,0
2,4506117,2,12.00,A,A,3,1,0,1,0,1,0,0,1,0,1,0,1,0,0,0
2,4506299,1,10.00,A,A,3,1,0,1,0,1,0,0,1,0,1,0,1,0,0,0
2,4505319,1,8.00,A,A,5,1,1,1,1,1,0,0,1,1,1,1,1,0,0,0
2,4506057,1,8.00,A,A,3,1,0,1,0,1,0,0,1,0,1,0,1,0,0,0
2,4506736,1,8.00,A,A,3,1,1,0,0,1,0,0,1,1,0,0,1,0,0,0
2,4506703,2,12.00,A,A,3,1,0,1,0,1,0,0,1,0,1,0,1,0,0,0
2,4506580,1,10.00,A,A,4,1,0,1,1,1,0,0,1,0,1,1,1,0,0,0
2,4505768,1,6.00,A,A,3,1,0,1,0,1,0,0,1,0,1,0,1,0,0,0
2,4505642,1,6.00,A,A,2,1,0,0,0,1,0,0,1,0,0,0,1,0,0,0
2,4505612,2,16.00,A,A,3,1,0,1,0,1,0,0,1,0,1,0,1,0,0,0
2,4505544,1,8.00,A,A,3,1,0,1,0,1,0,0,1,0,1,0,1,0,0,0
2,4505864,2,16.00,A,A,5,1,1,1,1,1,0,0,1,1,1,1,1,0,0,0
2,4506115,1,4.00,A,A,3,1,0,1,0,1,0,0,1,0,1,0,1,0,0,0
2,4505665,1,8.00,A,A,3,1,0,1,0,1,0,0,1,0,1,0,1,0,0,0
2,4506611,1,8.00,A,A,2,1,0,1,0,0,0,0,1,0,1,0,0,0,0,0
2,4506451,1,4.00,A,A,3,1,0,1,0,1,0,0,1,0,1,0,1,0,0,0
2,4506420,1,8.00,A,A,5,1,1,1,1,1,0,0,1,1,1,1,1,0,0,0
2,4506177,1,8.00,A,A,3,1,0,1,0,1,0,0,1,0,1,0,1,0,0,0
2,4506581,1,4.00,A,A,3,1,0,1,0,1,0,0,1,0,1,0,1,0,0,0
2,4505911,1,3.00,A,A,3,1,0,1,0,1,0,0,1,0,1,0,1,0,0,0
2,4505540,2,16.00,A,A,5,1,1,1,1,1,0,0,1,1,1,1,1,0,0,0
2,4506614,1,8.00,A,A,3,1,0,1,0,1,0,0,1,0,1,0,1,0,0,0
2,4506330,1,8.00,A,A,5,1,1,1,1,1,0,0,1,1,1,1,1,0,0,0
2,4506328,1,8.00,A,A,3,1,0,1,0,1,0,0,1,0,1,0,1,0,0,0
2,4506242,1,8.00,A,A,5,1,1,1,1,1,0,0,1,1,1,1,1,0,0,0
2,4506054,1,24.00,A,A,5,1,1,1,1,1,0,0,1,1,1,1,1,0,0,0
2,4505935,1,18.00,A,A,3,1,0,1,0,1,0,0,1,0,1,0,1,0,0,0
2,4505817,1,2.00,A,A,3,1,0,1,1,0,0,0,1,0,1,1,0,0,0,0
2,4505463,1,10.00,A,A,5,1,1,1,1,1,0,0,1,1,1,1,1,0,0,0
2,4505340,1,8.00,A,A,3,1,0,1,0,1,0,0,1,0,1,0,1,0,0,0
2,4505425,1,3.00,A,A,3,1,0,1,0,1,0,0,1,0,1,0,1,0,0,0
2,4505465,2,20.00,A,A,5,1,1,1,1,1,0,0,1,1,1,1,1,0,0,0
2,4506018,1,4.00,A,A,3,1,0,1,0,1,0,0,1,0,1,0,1,0,0,0
2,4505857,2,8.00,A,A,1,1,0,0,0,0,0,0,1,0,0,0,0,0,0,0
2,4506483,2,16.00,A,A,5,1,1,1,1,1,0,0,1,1,1,1,1,0,0,0
2,4505879,1,4.00,A,A,3,1,1,1,0,0,0,0,1,1,1,0,0,0,0,0
2,4506116,1,3.00,A,A,3,1,0,1,0,1,0,0,1,0,1,0,1,0,0,0
2,4506059,1,8.00,A,A,3,1,0,1,0,1,0,0,1,0,1,0,1,0,0,0
2,4506329,1,2.00,A,A,3,1,0,1,0,1,0,0,1,0,1,0,1,0,0,0
2,4506111,1,8.00,A,A,3,1,0,1,0,1,0,0,1,0,1,0,1,0,0,0
2,4505539,1,4.00,A,A,3,1,0,1,0,1,0,0,1,0,1,0,1,0,0,0
2,4505796,1,8.00,A,A,3,1,0,1,0,1,0,0,1,0,1,0,1,0,0,0
2,4506429,2,16.00,A,A,3,1,0,1,0,1,0,0,1,0,1,0,1,0,0,0
2,4506148,2,20.00,A,A,5,1,1,1,1,1,0,0,1,1,1,1,1,0,0,0
2,4506456,2,16.00,A,A,3,1,0,1,0,1,0,0,1,0,1,0,1,0,0,0
2,4505595,1,10.00,A,A,3,1,0,1,0,1,0,0,1,0,1,0,1,0,0,0
2,4505494,1,6.00,A,A,3,1,0,1,0,1,0,0,1,0,1,0,1,0,0,0
2,4505298,1,8.00,A,A,3,1,0,1,0,1,0,0,1,0,1,0,1,0,0,0
2,4506147,1,4.00,A,A,3,1,0,1,0,1,0,0,1,0,1,0,1,0,0,0
2,4505252,1,8.00,A,A,3,1,0,1,0,1,0,0,1,0,1,0,1,0,0,0
2,4505902,3,24.00,A,A,3,1,0,1,0,1,0,0,1,0,1,0,1,0,0,0
2,4506019,1,10.00,A,A,3,1,0,1,0,1,0,0,1,0,1,0,1,0,0,0
2,4505704,1,8.00,A,A,3,1,0,1,1,0,0,0,1,0,1,1,0,0,0,0
2,4505813,21,84.00,A,A,4,1,0,1,1,1,0,0,1,0,1,1,1,0,0,0
2,4506668,1,8.00,A,A,5,1,1,1,1,1,0,0,1,1,1,1,1,0,0,0
2,4506241,3,24.00,A,A,5,1,1,1,1,1,0,0,1,1,1,1,1,0,0,0
2,4506268,1,6.00,A,A,3,1,0,1,0,1,0,0,1,0,1,0,1,0,0,0
2,4505799,2,8.00,A,A,4,1,1,1,0,1,0,0,1,1,1,0,1,0,0,0
2,4505816,1,8.00,A,A,3,1,0,1,0,1,0,0,1,0,1,0,1,0,0,0
2,4505562,1,8.00,A,A,3,1,0,1,0,1,0,0,1,0,1,0,1,0,0,0
2,4505541,1,4.00,A,A,5,1,1,1,1,1,0,0,1,1,1,1,1,0,0,0
2,4505932,1,4.00,A,A,4,1,1,0,1,1,0,0,1,1,0,1,1,0,0,0
2,4505955,1,4.00,A,A,4,1,1,1,0,1,0,0,1,1,1,0,1,0,0,0
2,4505835,1,4.00,A,A,3,1,0,1,0,1,0,0,1,0,1,0,1,0,0,0
2,4505819,1,4.00,A,A,3,1,0,1,0,1,0,0,1,0,1,0,1,0,0,0
2,4506234,1,8.00,A,A,5,1,1,1,1,1,0,0,1,1,1,1,1,0,0,0
2,4505846,2,20.00,A,A,5,1,1,1,1,1,0,0,1,1,1,1,1,0,0,0
2,4506143,1,6.00,A,A,3,1,0,1,0,1,0,0,1,0,1,0,1,0,0,0
2,4505491,2,16.00,A,A,3,1,0,1,0,1,0,0,1,0,1,0,1,0,0,0
2,4505517,1,8.00,A,A,3,1,0,1,0,1,0,0,1,0,1,0,1,0,0,0
2,4505229,12,24.00,A,A,3,1,0,1,0,1,0,0,1,0,1,0,1,0,0,0
2,4506300,1,3.00,A,A,3,1,0,1,0,1,0,0,1,0,1,0,1,0,0,0
2,4506455,1,6.00,A,A,3,1,0,1,0,1,0,0,1,0,1,0,1,0,0,0
2,4506397,1,4.00,A,A,3,1,0,1,0,1,0,0,1,0,1,0,1,0,0,0
2,4505495,1,6.00,A,A,5,1,1,1,1,1,0,0,1,1,1,1,1,0,0,0
2,4505402,1,4.00,A,A,3,1,0,1,0,1,0,0,1,0,1,0,1,0,0,0
2,4506702,15,120.00,A,A,3,1,0,1,0,1,0,0,1,0,1,0,1,0,0,0
2,4505343,1,8.00,A,A,3,1,0,1,0,1,0,0,1,0,1,0,1,0,0,0
2,4505798,1,10.00,A,A,5,1,1,1,1,1,0,0,1,1,1,1,1,0,0,0
2,4506550,4,32.00,A,A,4,1,1,0,1,1,0,0,1,1,0,1,1,0,0,0
2,4505839,1,6.00,A,A,3,1,0,1,0,1,0,0,1,0,1,0,1,0,0,0
2,4505365,1,6.00,A,A,5,1,1,1,1,1,0,0,1,1,1,1,1,0,0,0
2,4505471,1,8.00,A,A,3,1,0,1,0,1,0,0,1,0,1,0,1,0,0,0
2,4505206,4,32.00,A,A,5,1,1,1,1,1,0,0,1,1,1,1,1,0,0,0
2,4505898,1,8.00,A,A,3,1,0,1,0,1,0,0,1,0,1,0,1,0,0,0
2,4505277,2,16.00,A,A,3,1,0,1,0,1,0,0,1,0,1,0,1,0,0,0
2,4505253,1,8.00,A,A,3,1,0,1,0,1,0,0,1,0,1,0,1,0,0,0
2,4506396,10,60.00,A,A,2,1,0,0,1,0,0,0,1,0,0,1,0,0,0,0
2,4505913,3,6.00,A,A,3,1,0,1,0,1,0,0,1,0,1,0,1,0,0,0
2,4505422,1,10.00,A,A,5,1,1,1,1,1,0,0,1,1,1,1,1,0,0,0
2,4506793,3,6.00,A,A,3,1,0,1,0,1,0,0,1,0,1,0,1,0,0,0
2,4505426,1,4.00,A,A,4,1,0,1,1,1,0,0,1,0,1,1,1,0,0,0
2,4506029,1,8.00,A,A,5,1,1,1,1,1,0,0,1,1,1,1,1,0,0,0
2,4506336,1,8.00,A,A,3,1,0,1,0,1,0,0,1,0,1,0,1,0,0,0
2,4505279,1,8.00,A,A,3,1,0,1,0,1,0,0,1,0,1,0,1,0,0,0
2,4506270,1,2.00,A,A,3,1,0,1,0,1,0,0,1,0,1,0,1,0,0,0
2,4506120,1,8.00,A,A,3,1,0,1,0,1,0,0,1,0,1,0,1,0,0,0
2,4506737,3,18.00,A,A,3,1,0,1,0,1,0,0,1,0,1,0,1,0,0,0
2,4506333,1,4.00,A,A,3,1,0,1,0,1,0,0,1,0,1,0,1,0,0,0
2,4505280,1,4.00,A,A,5,1,1,1,1,1,0,0,1,1,1,1,1,0,0,0
2,4505903,1,8.00,A,A,2,1,0,1,0,0,0,0,1,0,1,0,0,0,0,0
2,4505890,2,16.00,A,A,5,1,1,1,1,1,0,0,1,1,1,1,1,0,0,0
2,4505523,1,18.00,A,A,3,1,0,1,0,1,0,0,1,0,1,0,1,0,0,0
2,4506119,1,4.00,A,A,3,1,0,1,0,1,0,0,1,0,1,0,1,0,0,0
2,4505386,1,8.00,A,A,3,1,0,1,0,1,0,0,1,0,1,0,1,0,0,0
2,4505341,1,6.00,A,A,3,1,0,1,0,1,0,0,1,0,1,0,1,0,0,0
2,4505734,6,48.00,A,A,4,1,1,0,1,1,0,0,1,1,0,1,1,0,0,0
2,4505388,1,10.00,A,A,5,1,1,1,1,1,0,0,1,1,1,1,1,0,0,0
2,4506545,1,6.00,A,A,3,1,0,1,0,1,0,0,1,0,1,0,1,0,0,0
2,4506517,1,10.00,A,A,3,1,0,1,0,1,0,0,1,0,1,0,1,0,0,0
2,4505633,1,8.00,A,A,3,1,0,1,0,1,0,0,1,0,1,0,1,0,0,0
2,4505616,1,8.00,A,A,5,1,1,1,1,1,0,0,1,1,1,1,1,0,0,0
2,4505596,1,8.00,A,A,5,1,1,1,1,1,0,0,1,1,1,1,1,0,0,0
2,4505910,15,60.00,A,A,5,1,1,1,1,1,0,0,1,1,1,1,1,0,0,0
2,4505493,1,8.00,A,A,3,1,0,1,0,1,0,0,1,0,1,0,1,0,0,0
2,4506797,1,8.00,A,A,3,1,0,1,0,1,0,0,1,0,1,0,1,0,0,0
2,4505928,1,6.00,A,A,3,1,0,1,0,1,0,0,1,0,1,0,1,0,0,0
2,4506426,1,8.00,A,A,3,1,0,1,0,1,0,0,1,0,1,0,1,0,0,0
2,4505688,1,8.00,A,A,5,1,1,1,1,1,0,0,1,1,1,1,1,0,0,0
2,4505406,5,10.00,A,A,5,1,1,1,1,1,0,0,1,1,1,1,1,0,0,0
2,4505571,7,56.00,A,A,3,1,0,1,0,1,0,0,1,0,1,0,1,0,0,0
2,4506110,2,16.00,A,A,3,1,0,1,0,1,0,0,1,0,1,0,1,0,0,0
2,4505858,2,8.00,A,A,5,1,1,1,1,1,0,0,1,1,1,1,1,0,0,0
2,4505775,1,4.00,A,A,3,1,0,1,0,1,0,0,1,0,1,0,1,0,0,0
2,4505472,1,8.00,A,A,3,1,0,1,0,1,0,0,1,0,1,0,1,0,0,0
2,4505709,1,10.00,A,A,3,1,0,1,0,1,0,0,1,0,1,0,1,0,0,0
2,4505497,2,20.00,A,A,5,1,1,1,1,1,0,0,1,1,1,1,1,0,0,0
2,4505641,1,4.00,A,A,5,1,1,1,1,1,0,0,1,1,1,1,1,0,0,0
2,4505420,1,3.00,A,A,3,1,0,1,0,1,0,0,1,0,1,0,1,0,0,0
2,4505659,1,6.00,A,A,3,1,0,1,0,1,0,0,1,0,1,0,1,0,0,0
2,4506516,1,8.00,A,A,5,1,1,1,1,1,0,0,1,1,1,1,1,0,0,0
2,4505297,1,4.00,A,A,3,1,0,1,0,1,0,0,1,0,1,0,1,0,0,0
2,4505498,1,8.00,A,A,5,1,1,1,1,1,0,0,1,1,1,1,1,0,0,0
2,4506269,2,16.00,A,A,3,1,0,1,0,1,0,0,1,0,1,0,1,0,0,0
2,4505925,1,8.00,A,A,3,1,0,1,0,1,0,0,1,0,1,0,1,0,0,0
2,4506454,2,16.00,A,A,3,1,0,1,0,1,0,0,1,0,1,0,1,0,0,0
2,4506182,1,10.00,A,A,5,1,1,1,1,1,0,0,1,1,1,1,1,0,0,0
2,4506639,1,3.00,A,A,3,1,0,1,0,1,0,0,1,0,1,0,1,0,0,0
2,4505424,1,8.00,A,A,3,1,0,1,0,1,0,0,1,0,1,0,1,0,0,0
2,4505515,1,8.00,A,A,3,1,0,1,0,1,0,0,1,0,1,0,1,0,0,0
2,4505255,1,8.00,A,A,3,1,0,1,0,1,0,0,1,0,1,0,1,0,0,0
2,4505684,1,8.00,A,A,5,1,1,1,1,1,0,0,1,1,1,1,1,0,0,0
2,4505451,2,16.00,A,A,5,1,1,1,1,1,0,0,1,1,1,1,1,0,0,0
2,4505886,1,10.00,A,A,3,1,0,1,0,1,0,0,1,0,1,0,1,0,0,0
2,4505820,1,8.00,A,A,3,1,1,0,1,0,0,0,1,1,0,1,0,0,0,0
2,4505711,2,20.00,A,A,5,1,1,1,1,1,0,0,1,1,1,1,1,0,0,0
2,4505888,1,8.00,A,A,3,1,0,1,0,1,0,0,1,0,1,0,1,0,0,0
2,4506048,1,8.00,A,A,3,1,0,1,0,1,0,0,1,0,1,0,1,0,0,0
2,4505496,1,8.00,A,A,3,1,0,1,0,1,0,0,1,0,1,0,1,0,0,0
2,4505614,2,16.00,A,A,3,1,0,1,0,1,0,0,1,0,1,0,1,0,0,0
2,4505685,1,4.00,A,A,3,1,0,1,0,1,0,0,1,0,1,0,1,0,0,0
2,4505640,1,10.00,A,A,3,1,0,1,0,1,0,0,1,0,1,0,1,0,0,0
2,4505793,1,10.00,A,A,5,1,1,1,1,1,0,0,1,1,1,1,1,0,0,0
2,4505878,1,8.00,A,A,3,1,0,1,0,1,0,0,1,0,1,0,1,0,0,0
2,4506091,2,16.00,A,A,3,1,0,1,0,1,0,0,1,0,1,0,1,0,0,0
2,4505359,1,8.00,A,A,5,1,1,1,1,1,0,0,1,1,1,1,1,0,0,0
2,4505997,1,6.00,A,A,3,1,0,1,0,1,0,0,1,0,1,0,1,0,0,0
2,4506240,1,8.00,A,A,3,1,0,1,0,1,0,0,1,0,1,0,1,0,0,0
2,4505536,1,8.00,A,A,3,1,0,1,0,1,0,0,1,0,1,0,1,0,0,0
2,4506212,1,8.00,A,A,5,1,1,1,1,1,0,0,1,1,1,1,1,0,0,0
2,4505431,1,6.00,A,A,3,1,0,1,0,1,0,0,1,0,1,0,1,0,0,0
2,4505986,8,24.00,A,A,4,1,1,0,1,1,0,0,1,1,0,1,1,0,0,0
2,4506700,1,4.00,A,A,5,1,1,1,1,1,0,0,1,1,1,1,1,0,0,0
2,4505772,1,10.00,A,A,3,1,0,0,1,1,0,0,1,0,0,1,1,0,0,0
2,4505245,1,4.00,A,A,3,1,0,1,0,1,0,0,1,0,1,0,1,0,0,0
2,4506638,4,24.00,A,A,3,1,0,1,0,1,0,0,1,0,1,0,1,0,0,0
2,4506669,1,4.00,A,A,3,1,0,1,0,1,0,0,1,0,1,0,1,0,0,0
2,4506701,1,8.00,A,A,3,1,0,1,0,1,0,0,1,0,1,0,1,0,0,0
2,4506485,4,16.00,A,A,3,1,0,1,0,1,0,0,1,0,1,0,1,0,0,0
2,4506235,1,6.00,A,A,5,1,1,1,1,1,0,0,1,1,1,1,1,0,0,0
2,4506236,2,16.00,A,A,3,1,0,1,0,1,0,0,1,0,1,0,1,0,0,0
2,4505516,1,3.00,A,A,3,1,0,1,0,1,0,0,1,0,1,0,1,0,0,0
2,4506327,2,8.00,A,A,5,1,1,1,1,1,0,0,1,1,1,1,1,0,0,0
2,4505841,1,3.00,A,A,4,1,1,0,1,1,0,0,1,1,0,1,1,0,0,0
2,4505639,1,6.00,A,A,3,1,0,1,0,1,0,0,1,0,1,0,1,0,0,0
2,4505205,1,8.00,A,A,5,1,1,1,1,1,0,0,1,1,1,1,1,0,0,0
2,4506175,1,8.00,A,A,3,1,0,1,0,1,0,0,1,0,1,0,1,0,0,0
2,4505873,2,8.00,A,A,3,1,0,1,0,1,0,0,1,0,1,0,1,0,0,0
2,4505812,1,8.00,A,A,4,1,0,1,1,1,0,0,1,0,1,1,1,0,0,0
2,4505959,4,32.00,A,A,5,1,1,1,1,1,0,0,1,1,1,1,1,0,0,0
2,4505405,1,8.00,A,A,3,1,0,1,0,1,0,0,1,0,1,0,1,0,0,0
2,4505730,2,16.00,A,A,2,1,0,0,1,0,0,0,1,0,0,1,0,0,0,0
2,4505246,1,8.00,A,A,2,1,0,0,1,0,0,0,1,0,0,1,0,0,0,0
2,4506488,1,8.00,A,A,3,1,0,1,0,1,0,0,1,0,1,0,1,0,0,0
2,4505227,2,16.00,A,A,3,1,0,1,0,1,0,0,1,0,1,0,1,0,0,0
2,4506332,1,8.00,A,A,4,1,1,0,1,1,0,0,1,1,0,1,1,0,0,0
2,4506053,1,8.00,A,A,3,1,0,1,0,1,0,0,1,0,1,0,1,0,0,0
2,4505202,1,4.00,A,A,3,1,0,1,0,1,0,0,1,0,1,0,1,0,0,0
2,4505845,1,8.00,A,A,5,1,1,1,1,1,0,0,1,1,1,1,1,0,0,0
2,4506461,1,8.00,A,A,5,1,1,1,1,1,0,0,1,1,1,1,1,0,0,0
2,4506118,20,160.00,A,A,5,1,1,1,1,1,0,0,1,1,1,1,1,0,0,0
2,4505859,1,8.00,A,A,3,1,0,1,0,1,0,0,1,0,1,0,1,0,0,0
2,4506519,1,6.00,A,A,3,1,0,1,0,1,0,0,1,0,1,0,1,0,0,0
2,4505568,1,8.00,A,A,5,1,1,1,1,1,0,0,1,1,1,1,1,0,0,0
2,4506359,1,10.00,A,A,3,1,0,1,0,1,0,0,1,0,1,0,1,0,0,0
2,4505609,4,16.00,A,A,5,1,1,1,1,1,0,0,1,1,1,1,1,0,0,0
2,4505876,7,56.00,A,A,3,1,0,1,0,1,0,0,1,0,1,0,1,0,0,0
2,4505838,1,8.00,A,A,5,1,1,1,1,1,0,0,1,1,1,1,1,0,0,0
2,4505383,3,30.00,A,A,5,1,1,1,1,1,0,0,1,1,1,1,1,0,0,0
2,4506738,4,16.00,A,A,3,1,0,1,0,1,0,0,1,0,1,0,1,0,0,0
2,4506798,7,56.00,A,A,3,1,0,1,0,1,0,0,1,0,1,0,1,0,0,0
2,4506360,2,12.00,A,A,3,1,0,1,0,1,0,0,1,0,1,0,1,0,0,0
2,4505854,1,6.00,A,A,5,1,1,1,1,1,0,0,1,1,1,1,1,0,0,0
2,4506238,1,6.00,A,A,5,1,1,1,1,1,0,0,1,1,1,1,1,0,0,0
2,4506079,1,8.00,A,A,4,1,1,0,1,1,0,0,1,1,0,1,1,0,0,0
2,4505909,1,10.00,A,A,5,1,1,1,1,1,0,0,1,1,1,1,1,0,0,0
2,4505300,1,8.00,A,A,3,1,0,1,0,1,0,0,1,0,1,0,1,0,0,0
2,4505991,1,6.00,A,A,5,1,1,1,1,1,0,0,1,1,1,1,1,0,0,0
2,4505448,1,3.00,A,A,3,1,0,1,0,1,0,0,1,0,1,0,1,0,0,0
2,4505363,3,9.00,A,A,3,1,0,1,0,1,0,0,1,0,1,0,1,0,0,0
2,4505660,2,16.00,A,A,3,1,0,1,0,1,0,0,1,0,1,0,1,0,0,0
2,4506548,1,10.00,A,A,3,1,0,1,0,1,0,0,1,0,1,0,1,0,0,0
2,4506612,1,4.00,A,A,3,1,0,1,0,1,0,0,1,0,1,0,1,0,0,0
2,4505276,1,8.00,A,A,3,1,0,1,0,1,0,0,1,0,1,0,1,0,0,0
2,4505518,1,6.00,A,A,3,1,0,1,0,1,0,0,1,0,1,0,1,0,0,0
2,4505323,1,4.00,A,A,3,1,0,1,0,1,0,0,1,0,1,0,1,0,0,0
2,4505564,1,8.00,A,A,3,1,0,1,0,1,0,0,1,0,1,0,1,0,0,0
2,4506088,5,30.00,A,A,3,1,0,1,0,1,0,0,1,0,1,0,1,0,0,0
2,4506180,4,32.00,A,A,3,1,0,1,0,1,0,0,1,0,1,0,1,0,0,0
2,4506301,1,8.00,A,A,3,1,0,1,0,1,0,0,1,0,1,0,1,0,0,0
2,4506303,2,16.00,A,A,5,1,1,1,1,1,0,0,1,1,1,1,1,0,0,0
2,4506085,1,8.00,A,A,2,1,0,0,1,0,0,0,1,0,0,1,0,0,0,0
2,4506305,2,16.00,A,A,3,1,0,1,0,1,0,0,1,0,1,0,1,0,0,0
2,4506544,1,3.00,A,A,3,1,0,1,0,1,0,0,1,0,1,0,1,0,0,0
2,4506607,1,8.00,A,A,3,1,0,1,0,1,0,0,1,0,1,0,1,0,0,0
2,4505663,3,24.00,A,A,3,1,0,1,0,1,0,0,1,0,1,0,1,0,0,0
2,4505254,1,10.00,A,A,5,1,1,1,1,1,0,0,1,1,1,1,1,0,0,0
2,4506113,1,4.00,A,A,2,1,0,0,1,0,0,0,1,0,0,1,0,0,0,0
2,4505968,1,6.00,A,A,3,1,0,1,0,1,0,0,1,0,1,0,1,0,0,0
2,4506087,10,80.00,A,A,3,1,0,1,0,1,0,0,1,0,1,0,1,0,0,0
2,4506150,1,3.00,A,A,3,1,0,1,0,1,0,0,1,0,1,0,1,0,0,0
2,4506239,1,8.00,A,A,5,1,1,1,1,1,0,0,1,1,1,1,1,0,0,0
2,4506641,1,6.00,A,A,3,1,0,1,0,1,0,0,1,0,1,0,1,0,0,0
2,4505274,2,16.00,A,A,5,1,1,1,1,1,0,0,1,1,1,1,1,0,0,0
2,4505792,1,3.00,A,A,3,1,0,1,0,1,0,0,1,0,1,0,1,0,0,0
2,4505870,1,6.00,A,A,3,1,0,1,0,1,0,0,1,0,1,0,1,0,0,0
2,4505938,2,16.00,A,A,5,1,1,1,1,1,0,0,1,1,1,1,1,0,0,0
2,4505969,4,24.00,A,A,4,1,0,1,1,1,0,0,1,0,1,1,1,0,0,0
2,4505638,1,4.00,A,A,3,1,0,1,0,1,0,0,1,0,1,0,1,0,0,0
2,4505988,1,6.00,A,A,5,1,1,1,1,1,0,0,1,1,1,1,1,0,0,0
2,4506304,5,20.00,A,A,3,1,0,1,0,1,0,0,1,0,1,0,1,0,0,0
2,4506082,2,16.00,A,A,3,1,0,1,0,1,0,0,1,0,1,0,1,0,0,0
2,4506575,1,8.00,A,A,5,1,1,1,1,1,0,0,1,1,1,1,1,0,0,0
2,4506080,1,8.00,A,A,3,1,1,0,1,0,0,0,1,1,0,1,0,0,0,0
2,4506302,18,72.00,A,A,3,1,0,1,0,1,0,0,1,0,1,0,1,0,0,0
2,4506610,10,80.00,A,A,3,1,0,1,0,1,0,0,1,0,1,0,1,0,0,0
2,4505681,1,8.00,A,A,3,1,0,1,0,1,0,0,1,0,1,0,1,0,0,0
2,4506399,2,8.00,A,A,5,1,1,1,1,1,0,0,1,1,1,1,1,0,0,0
2,4505989,1,8.00,A,A,5,1,1,1,1,1,0,0,1,1,1,1,1,0,0,0
2,4506577,2,8.00,A,A,3,1,0,1,0,1,0,0,1,0,1,0,1,0,0,0
2,4506762,1,8.00,A,A,3,1,0,1,0,1,0,0,1,0,1,0,1,0,0,0
2,4506141,1,10.00,A,A,5,1,1,1,1,1,0,0,1,1,1,1,1,0,0,0
2,4506022,1,8.00,A,A,3,1,0,1,0,1,0,0,1,0,1,0,1,0,0,0
2,4505966,13,52.00,A,A,5,1,1,1,1,1,0,0,1,1,1,1,1,0,0,0
2,4505590,1,6.00,A,A,3,1,0,1,0,1,0,0,1,0,1,0,1,0,0,0
2,4506583,18,144.00,A,A,3,1,0,1,0,1,0,0,1,0,1,0,1,0,0,0
2,4506089,1,6.00,A,A,3,1,0,1,0,1,0,0,1,0,1,0,1,0,0,0
2,4505378,1,6.00,A,A,4,1,1,0,1,1,0,0,1,1,0,1,1,0,0,0
2,4505712,1,8.00,A,A,2,1,0,0,1,0,0,0,1,0,0,1,0,0,0,0
2,4506179,1,8.00,A,A,3,1,0,1,0,1,0,0,1,0,1,0,1,0,0,0
2,4506549,1,6.00,A,A,3,1,0,1,0,1,0,0,1,0,1,0,1,0,0,0
2,4505615,1,8.00,A,A,5,1,1,1,1,1,0,0,1,1,1,1,1,0,0,0
2,4505367,2,16.00,A,A,5,1,1,1,1,1,0,0,1,1,1,1,1,0,0,0
2,4505844,1,8.00,A,A,3,1,0,1,0,1,0,0,1,0,1,0,1,0,0,0
2,4505662,2,16.00,A,A,5,1,1,1,1,1,0,0,1,1,1,1,1,0,0,0
2,4505542,1,6.00,A,A,3,1,0,1,0,1,0,0,1,0,1,0,1,0,0,0
2,4505993,1,8.00,A,A,3,1,0,1,0,1,0,0,1,0,1,0,1,0,0,0
2,4505566,1,4.00,A,A,5,1,1,1,1,1,0,0,1,1,1,1,1,0,0,0
2,4506205,1,3.00,A,A,3,1,0,1,0,1,0,0,1,0,1,0,1,0,0,0
2,4505361,1,10.00,A,A,4,1,0,1,1,1,0,0,1,0,1,1,1,0,0,0
2,4505521,1,8.00,A,A,3,1,0,1,0,1,0,0,1,0,1,0,1,0,0,0
2,4505565,1,4.00,A,A,3,1,0,1,0,1,0,0,1,0,1,0,1,0,0,0
2,4505800,1,8.00,A,A,3,1,0,1,0,1,0,0,1,0,1,0,1,0,0,0
2,4505904,2,16.00,A,A,3,1,0,1,0,1,0,0,1,0,1,0,1,0,0,0
2,4505931,11,88.00,A,A,3,1,0,1,0,1,0,0,1,0,1,0,1,0,0,0
2,4506021,1,8.00,A,A,5,1,1,1,1,1,0,0,1,1,1,1,1,0,0,0
2,4506174,1,6.00,A,A,3,1,0,1,0,1,0,0,1,0,1,0,1,0,0,0
2,4506265,1,8.00,A,A,5,1,1,1,1,1,0,0,1,1,1,1,1,0,0,0
2,4506486,2,12.00,A,A,5,1,1,1,1,1,0,0,1,1,1,1,1,0,0,0
2,4506673,1,10.00,A,A,5,1,1,1,1,1,0,0,1,1,1,1,1,0,0,0
2,4506704,1,8.00,A,A,4,1,0,1,1,1,0,0,1,0,1,1,1,0,0,0
2,4505591,1,6.00,A,A,3,1,0,1,0,1,0,0,1,0,1,0,1,0,0,0
2,4506394,1,4.00,A,A,3,1,0,1,0,1,0,0,1,0,1,0,1,0,0,0
2,4506482,2,16.00,A,A,3,1,0,1,0,1,0,0,1,0,1,0,1,0,0,0
2,4505450,1,10.00,A,A,3,1,0,1,0,1,0,0,1,0,1,0,1,0,0,0
2,4505453,1,8.00,A,A,3,1,0,1,0,1,0,0,1,0,1,0,1,0,0,0
2,4505961,1,4.00,A,A,3,1,0,1,0,1,0,0,1,0,1,0,1,0,0,0
2,4506267,1,6.00,A,A,3,1,0,1,0,1,0,0,1,0,1,0,1,0,0,0
2,4506699,1,8.00,A,A,3,1,0,1,0,1,0,0,1,0,1,0,1,0,0,0
2,4506428,1,8.00,A,A,3,1,0,1,0,1,0,0,1,0,1,0,1,0,0,0
2,4505228,1,4.00,A,A,3,1,0,1,0,1,0,0,1,0,1,0,1,0,0,0
2,4505403,1,8.00,A,A,3,1,0,1,0,1,0,0,1,0,1,0,1,0,0,0
2,4505299,1,4.00,A,A,3,1,0,1,0,1,0,0,1,0,1,0,1,0,0,0
2,4505593,1,2.00,A,A,3,1,0,1,0,1,0,0,1,0,1,0,1,0,0,0
2,4505842,3,24.00,A,A,4,1,0,1,1,1,0,0,1,0,1,1,1,0,0,0
2,4506204,1,4.00,A,A,3,1,0,1,0,1,0,0,1,0,1,0,1,0,0,0
2,4505251,1,6.00,A,A,3,1,0,1,0,1,0,0,1,0,1,0,1,0,0,0
2,4505777,1,8.00,A,A,5,1,1,1,1,1,0,0,1,1,1,1,1,0,0,0
2,4506547,1,8.00,A,A,3,1,0,1,0,1,0,0,1,0,1,0,1,0,0,0
2,4505296,1,3.00,A,A,3,1,0,1,0,1,0,0,1,0,1,0,1,0,0,0
2,4505875,2,12.00,A,A,3,1,0,1,0,1,0,0,1,0,1,0,1,0,0,0
2,4506027,1,6.00,A,A,4,1,0,1,1,1,0,0,1,0,1,1,1,0,0,0
2,4506209,1,6.00,A,A,3,1,0,1,0,1,0,0,1,0,1,0,1,0,0,0
2,4506734,1,6.00,A,A,3,1,0,1,0,1,0,0,1,0,1,0,1,0,0,0
2,4505821,1,8.00,A,A,3,1,0,0,1,1,0,0,1,0,0,1,1,0,0,0
2,4505791,1,8.00,A,A,5,1,1,1,1,1,0,0,1,1,1,1,1,0,0,0
2,4506173,1,4.00,A,A,4,1,1,1,1,0,0,0,1,1,1,1,0,0,0,0
2,4506637,1,8.00,A,A,5,1,1,1,1,1,0,0,1,1,1,1,1,0,0,0
2,4506206,1,8.00,A,A,3,1,0,1,1,0,0,0,1,0,1,1,0,0,0,0
2,4506487,6,24.00,A,A,5,1,1,1,1,1,0,0,1,1,1,1,1,0,0,0
2,4505822,1,6.00,A,A,5,1,1,1,1,1,0,0,1,1,1,1,1,0,0,0
2,4506520,1,10.00,A,A,3,1,0,1,0,1,0,0,1,0,1,0,1,0,0,0
2,4505726,1,3.00,A,A,3,1,0,1,0,1,0,0,1,0,1,0,1,0,0,0
2,4505469,1,8.00,A,A,3,1,1,0,1,0,0,0,1,1,0,1,0,0,0,0
2,4505301,1,8.00,A,A,2,1,0,0,1,0,0,0,1,0,0,1,0,0,0,0
2,4506049,1,6.00,A,A,2,1,0,0,1,0,0,0,1,0,0,1,0,0,0,0
2,4506362,1,3.00,A,A,3,1,0,1,0,1,0,0,1,0,1,0,1,0,0,0
2,4505208,1,8.00,A,A,3,1,0,1,0,1,0,0,1,0,1,0,1,0,0,0
2,4506425,5,40.00,A,A,3,1,0,1,0,1,0,0,1,0,1,0,1,0,0,0
2,4505384,1,6.00,A,A,4,1,0,1,1,1,0,0,1,0,1,1,1,0,0,0
2,4505407,1,8.00,A,A,5,1,1,1,1,1,0,0,1,1,1,1,1,0,0,0
2,4505987,1,8.00,A,A,3,1,0,1,0,1,0,0,1,0,1,0,1,0,0,0
2,4506025,1,8.00,A,A,3,1,0,1,0,1,0,0,1,0,1,0,1,0,0,0
2,4506335,1,6.00,A,A,3,1,0,1,0,1,0,0,1,0,1,0,1,0,0,0
2,4506423,1,10.00,A,A,5,1,1,1,1,1,0,0,1,1,1,1,1,0,0,0
2,4506459,1,8.00,A,A,2,1,0,0,1,0,0,0,1,0,0,1,0,0,0,0
2,4506733,1,8.00,A,A,2,1,0,0,1,0,0,0,1,0,0,1,0,0,0,0
2,4506608,1,10.00,A,A,5,1,1,1,1,1,0,0,1,1,1,1,1,0,0,0
2,4505561,2,16.00,A,A,4,1,1,1,0,1,0,0,1,1,1,0,1,0,0,0
2,4506731,1,10.00,A,A,4,1,0,1,1,1,0,0,1,0,1,1,1,0,0,0
2,4505965,2,16.00,A,A,4,1,0,1,1,1,0,0,1,0,1,1,1,0,0,0
2,4506086,1,8.00,A,A,4,1,0,1,1,1,0,0,1,0,1,1,1,0,0,0
2,4506056,1,8.00,A,A,4,1,0,1,1,1,0,0,1,0,1,1,1,0,0,0
2,4505278,1,8.00,A,A,4,1,1,0,1,1,0,0,1,0,1,1,1,0,0,1
2,4505872,8,32.00,A,A,4,1,0,1,1,1,0,0,1,1,1,0,1,0,0,1
2,4505683,1,6.00,A,A,4,1,0,1,1,1,0,0,1,1,1,0,1,0,0,1
2,4505776,1,10.00,A,A,4,1,1,0,1,1,0,0,1,0,1,1,1,0,0,1
2,4505880,2,24.00,A,A,4,1,1,1,0,1,0,0,1,1,1,0,1,0,0,0
2,4505563,2,16.00,A,A,4,1,1,1,0,1,0,0,1,1,1,0,1,0,0,0
2,4505293,1,4.00,A,A,4,1,0,1,1,1,0,0,1,1,1,0,1,0,0,1
2,4505467,1,4.00,A,A,4,1,1,0,1,1,0,0,1,1,1,0,1,0,0,1
2,4506643,1,8.00,A,A,4,1,1,0,1,1,0,0,1,0,1,1,1,0,0,1
2,4505400,1,6.00,A,A,4,1,1,0,1,1,0,0,1,1,1,0,1,0,0,1
2,4505470,1,8.00,A,A,4,1,0,1,1,1,0,0,1,0,1,1,1,0,0,0
2,4505427,1,8.00,A,A,4,1,1,0,1,1,0,0,1,0,1,1,1,0,0,1
2,4505514,1,8.00,A,A,4,1,1,0,1,1,0,0,1,1,0,1,1,0,0,0
2,4505916,1,4.00,A,A,4,1,0,1,1,1,0,0,1,0,1,1,1,0,0,0
2,4505708,1,3.00,A,A,4,1,0,1,1,1,0,0,1,1,1,0,1,0,0,1
2,4506274,2,16.00,A,A,4,1,1,1,0,1,0,0,1,0,1,1,1,0,0,1
2,4506421,1,4.00,A,A,4,1,1,0,1,1,0,0,1,0,1,1,1,0,0,1
2,4505958,1,6.00,A,A,4,1,1,1,0,1,0,0,1,1,1,0,1,0,0,0
2,4505795,1,2.00,A,A,4,1,0,1,1,1,0,0,1,1,1,1,0,0,0,1
2,4505860,1,4.00,A,A,4,1,1,1,0,1,0,0,1,1,1,1,0,0,0,1
2,4505661,1,8.00,A,A,2,0,1,0,1,0,0,0,1,0,0,1,0,0,0,1
2,4506756,1,6.00,A,A,2,0,1,0,0,1,0,0,1,0,0,1,0,0,0,1
2,4505862,1,6.00,A,A,2,1,0,0,1,0,0,0,1,0,0,1,0,0,0,0
2,4506017,1,10.00,A,A,2,1,0,0,0,1,0,0,1,0,0,1,0,0,0,1
2,4506509,1,6.00,A,A,2,0,1,0,0,1,0,0,1,0,0,1,0,0,0,1
2,4506796,1,8.00,A,A,2,1,0,0,0,1,0,0,1,0,0,0,1,0,0,0
2,4505771,2,8.00,A,A,2,1,0,0,1,0,0,0,1,0,0,1,0,0,0,0
2,4505915,1,6.00,A,A,2,1,0,0,0,1,0,0,1,0,0,0,1,0,0,0
2,4505270,1,2.00,A,A,2,1,0,0,0,1,0,0,1,0,0,0,1,0,0,0
2,4506805,1,8.00,A,A,2,0,1,0,0,1,0,0,1,0,0,1,0,0,0,1
2,4506133,1,8.00,A,A,2,0,1,0,0,1,0,0,1,0,0,1,0,0,0,1
2,4506592,1,8.00,A,A,2,0,1,0,0,1,0,0,1,0,0,1,0,0,0,1
2,4506164,1,8.00,A,A,2,0,1,0,0,1,0,0,1,0,0,1,0,0,0,1
2,4506828,1,6.00,A,A,2,0,1,0,0,1,0,0,1,0,0,1,0,0,0,1
2,4505885,1,6.00,A,A,2,1,0,0,1,0,0,0,1,0,0,1,0,0,0,0
2,4506103,1,2.00,A,A,2,0,1,0,0,1,0,0,1,0,0,1,0,0,0,1
2,4506237,1,8.00,A,A,2,1,0,0,1,0,0,0,1,0,0,1,0,0,0,0
2,4505912,1,8.00,A,A,2,1,0,0,1,0,0,0,1,0,0,1,0,0,0,0
2,4507266,1,6.00,A,A,2,0,1,0,0,1,0,0,1,0,0,1,0,0,0,1
2,4505934,1,6.00,A,A,2,1,0,0,1,0,0,0,1,0,0,1,0,0,0,0
2,4506562,1,2.00,A,A,2,0,1,0,0,1,0,0,1,0,0,1,0,0,0,1
2,4506500,1,2.00,A,A,2,0,1,0,0,1,0,0,1,0,0,1,0,0,0,1
2,4506368,1,4.00,A,A,2,1,0,0,1,0,0,0,1,0,0,1,0,0,0,0
2,4506501,1,4.00,A,A,2,0,1,0,0,1,0,0,1,0,0,1,0,0,0,1
2,4506145,1,4.00,A,A,2,1,0,0,1,0,0,0,1,0,0,1,0,0,0,0
2,4506982,1,2.00,A,A,2,0,1,0,0,1,0,0,1,0,0,1,0,0,0,1
2,4506449,1,4.00,A,A,2,0,1,0,1,0,0,0,1,0,0,1,0,0,0,1
2,4507101,2,4.00,A,A,2,0,1,0,1,0,0,0,1,0,0,1,0,0,0,1
2,4505981,1,2.00,A,A,2,0,1,0,0,1,0,0,1,0,0,1,0,0,0,1
2,4506602,1,2.00,A,A,2,0,1,0,0,1,0,0,1,0,0,1,0,0,0,1
2,4507319,3,6.00,A,A,2,0,1,0,0,1,0,0,1,0,0,1,0,0,0,1
2,4506578,1,4.00,A,A,2,1,0,0,1,0,0,0,1,0,0,1,0,0,0,0
2,4506010,1,4.00,A,A,2,0,1,0,0,1,0,0,1,0,0,1,0,0,0,1
2,4506090,1,8.00,A,A,2,1,0,0,1,0,0,0,1,0,0,1,0,0,0,0
2,4506165,1,8.00,A,A,2,0,1,0,0,1,0,0,1,0,0,1,0,0,0,1
2,4506695,1,4.00,A,A,2,0,1,0,1,0,0,0,1,0,0,1,0,0,0,1
2,4506331,1,4.00,A,A,2,1,0,0,1,0,0,0,1,0,0,1,0,0,0,0
2,4505964,1,6.00,A,A,2,1,0,0,1,0,0,0,1,0,0,1,0,0,0,0
2,4506510,4,8.00,A,A,2,0,1,0,0,1,0,0,1,0,0,1,0,0,0,1
2,4506685,1,8.00,A,A,2,0,1,0,0,1,0,0,1,0,0,1,0,0,0,1
2,4506576,1,10.00,A,A,2,1,0,0,1,0,0,0,1,0,0,1,0,0,0,0
2,4506411,1,4.00,A,A,2,0,1,0,0,1,0,0,1,0,0,1,0,0,0,1
2,4505933,1,4.00,A,A,2,1,0,0,1,0,0,0,1,0,0,1,0,0,0,0
2,4506667,1,8.00,A,A,2,0,1,0,0,1,0,0,1,0,0,1,0,0,0,1
2,4506380,1,8.00,A,A,2,0,1,0,0,1,0,0,1,0,0,1,0,0,0,1
2,4506563,1,8.00,A,A,2,0,1,0,0,1,0,0,1,0,0,1,0,0,0,1
2,4506919,1,8.00,A,A,2,0,1,0,0,1,0,0,1,0,0,1,0,0,0,1
2,4506318,1,6.00,A,A,2,0,1,0,0,1,0,0,1,0,0,1,0,0,0,1
2,4506792,1,6.00,A,A,2,1,0,0,1,0,0,0,1,0,0,1,0,0,0,0
2,4506523,1,6.00,A,A,2,1,0,0,1,0,0,0,1,0,0,1,0,0,0,0
2,4506761,1,4.00,A,A,2,1,0,0,1,0,0,0,1,0,0,1,0,0,0,0
2,4506524,1,4.00,A,A,2,1,0,0,1,0,0,0,1,0,0,1,0,0,0,0
2,4506569,1,8.00,A,A,2,0,1,0,0,1,0,0,1,0,0,1,0,0,0,1
2,4506860,1,2.00,A,A,2,0,1,0,0,1,0,0,1,0,0,1,0,0,0,1
2,4506625,1,8.00,A,A,2,0,1,0,0,1,0,0,1,0,0,1,0,0,0,1
2,4506424,1,8.00,A,A,2,1,0,0,1,0,0,0,1,0,0,1,0,0,0,0
2,4506507,1,8.00,A,A,2,0,1,0,0,1,0,0,1,0,0,1,0,0,0,1
2,4506286,1,10.00,A,A,2,0,1,0,0,1,0,0,1,0,0,1,0,0,0,1
2,4506656,1,6.00,A,A,2,0,1,0,0,1,0,0,1,0,0,1,0,0,0,1
2,4505225,2,16.00,A,A,2,1,0,0,0,1,0,0,1,0,0,0,1,0,0,0
2,4506392,1,12.00,A,A,2,1,0,0,1,0,0,0,1,0,0,1,0,0,0,0
2,4506260,1,8.00,A,A,2,0,1,0,0,1,0,0,1,0,0,1,0,0,0,1
2,4505727,1,3.00,A,A,2,1,0,0,0,1,0,0,1,0,0,0,1,0,0,0
2,4505990,1,8.00,A,A,2,1,0,0,1,0,0,0,1,0,0,1,0,0,0,0
2,4506891,1,8.00,A,A,2,0,1,0,1,0,0,0,1,0,0,1,0,0,0,1
2,4506422,1,6.00,A,A,2,1,0,0,1,0,0,0,1,0,0,1,0,0,0,0
2,4506060,1,8.00,A,A,2,1,0,0,1,0,0,0,1,0,0,1,0,0,0,0
2,4505962,1,8.00,A,A,2,1,0,0,1,0,0,0,1,0,0,1,0,0,0,0
2,4507238,1,2.00,A,A,2,0,1,0,0,1,0,0,1,0,0,1,0,0,0,1
2,4506572,1,8.00,A,A,2,0,1,0,0,1,0,0,1,0,0,1,0,0,0,1
2,4506028,1,4.00,A,A,2,1,0,0,1,0,0,0,1,0,0,1,0,0,0,0
2,4506233,1,8.00,A,A,2,0,1,0,0,1,0,0,1,0,0,1,0,0,0,1
2,4507009,1,8.00,A,A,2,0,1,0,0,1,0,0,1,0,0,1,0,0,0,1
2,4505917,6,24.00,A,A,2,1,0,0,1,0,0,0,1,0,0,1,0,0,0,0
2,4506663,1,8.00,A,A,2,0,1,0,0,1,0,0,1,0,0,1,0,0,0,1
2,4506644,1,2.00,A,A,2,1,0,0,1,0,0,0,1,0,0,1,0,0,0,0
2,4505815,1,8.00,A,A,2,1,0,0,0,1,0,0,1,0,0,0,1,0,0,0
2,4506446,1,10.00,A,A,2,0,1,0,0,1,0,0,1,0,0,1,0,0,0,1
2,4506546,1,8.00,A,A,2,1,0,0,1,0,0,0,1,0,0,1,0,0,0,0
2,4506784,1,8.00,A,A,2,0,1,0,0,1,0,0,1,0,0,1,0,0,0,1
2,4506745,1,2.00,A,A,2,0,1,0,0,1,0,0,1,0,0,1,0,0,0,1
2,4506518,1,6.00,A,A,2,1,0,0,1,0,0,0,1,0,0,1,0,0,0,0
2,4506599,1,6.00,A,A,2,0,1,0,0,1,0,0,1,0,0,1,0,0,0,1
2,4506195,1,8.00,A,A,2,0,1,0,0,1,0,0,1,0,0,1,0,0,0,1
2,4506978,1,4.00,A,A,2,0,1,0,0,1,0,0,1,0,0,1,0,0,0,1
2,4506292,1,8.00,A,A,2,0,1,0,0,1,0,0,1,0,0,1,0,0,0,1
2,4506640,1,8.00,A,A,2,1,0,0,1,0,0,0,1,0,0,1,0,0,0,0
2,4506613,1,2.00,A,A,2,1,0,0,0,1,0,0,1,0,0,1,0,0,0,1
2,4506201,2,12.00,A,A,2,0,1,0,0,1,0,0,1,0,0,1,0,0,0,1
2,4506763,1,8.00,A,A,2,1,0,0,1,0,0,0,1,0,0,1,0,0,0,0
2,4506170,1,8.00,A,A,2,0,1,0,0,1,0,0,1,0,0,1,0,0,0,1
2,4506835,1,6.00,A,A,2,0,1,0,0,1,0,0,1,0,0,1,0,0,0,1
2,4506722,1,8.00,A,A,2,0,1,0,0,1,0,0,1,0,0,1,0,0,0,1
2,4506457,1,6.00,A,A,2,1,0,0,1,0,0,0,1,0,0,1,0,0,0,0
2,4505889,1,2.00,A,A,2,1,0,0,1,0,0,0,1,0,0,1,0,0,0,0
2,4506886,1,3.00,A,A,2,0,1,0,0,1,0,0,1,0,0,1,0,0,0,1
2,4506460,1,3.00,A,A,2,1,0,0,1,0,0,0,1,0,0,1,0,0,0,0
2,4505996,1,6.00,A,A,2,1,0,0,1,0,0,0,1,0,0,1,0,0,0,0
2,4506200,2,16.00,A,A,2,0,1,0,0,1,0,0,1,0,0,1,0,0,0,1
2,4506366,1,6.00,A,A,2,1,0,0,1,0,0,0,1,0,0,1,0,0,0,0
2,4506364,1,8.00,A,A,2,1,0,0,0,1,0,0,1,0,0,1,0,0,0,1
2,4506365,1,8.00,A,A,2,1,0,0,1,0,0,0,1,0,0,1,0,0,0,0
2,4506478,1,8.00,A,A,2,0,1,0,0,1,0,0,1,0,0,1,0,0,0,1
2,4506811,1,6.00,A,A,2,0,1,0,0,1,0,0,1,0,0,1,0,0,0,1
2,4506832,1,4.00,A,A,2,0,1,0,0,1,0,0,1,0,0,1,0,0,0,1
2,4506794,1,8.00,A,A,2,1,0,0,0,1,0,0,1,0,0,1,0,0,0,1
2,4506839,1,4.00,A,A,2,0,1,0,0,1,0,0,1,0,0,1,0,0,0,1
2,4506358,2,6.00,A,A,2,1,0,0,1,0,0,0,1,0,0,1,0,0,0,0
2,4506272,2,16.00,A,A,2,1,0,0,0,1,0,0,1,0,0,1,0,0,0,1
2,4506181,1,6.00,A,A,2,1,0,0,1,0,0,0,1,0,0,1,0,0,0,0
2,4505995,1,8.00,A,A,2,1,0,0,1,0,0,0,1,0,0,1,0,0,0,0
2,4506211,1,3.00,A,A,2,1,0,0,1,0,0,0,1,0,0,1,0,0,0,0
2,4506735,1,8.00,A,A,2,1,0,0,1,0,0,0,1,0,0,1,0,0,0,0
2,4505967,1,4.00,A,A,2,1,0,0,1,0,0,0,1,0,0,1,0,0,0,0
2,4506863,1,6.00,A,A,2,0,1,0,0,1,0,0,1,0,0,1,0,0,0,1
2,4506795,2,12.00,A,A,2,1,0,0,0,1,0,0,1,0,0,1,0,0,0,1
2,4506472,1,8.00,A,A,2,0,1,0,0,1,0,0,1,0,0,1,0,0,0,1
2,4507071,1,6.00,A,A,2,0,1,0,0,1,0,0,1,0,0,1,0,0,0,1
2,4506838,1,6.00,A,A,2,0,1,0,1,0,0,0,1,0,0,1,0,0,0,1
2,4506642,1,3.00,A,A,2,1,0,0,1,0,0,0,1,0,0,1,0,0,0,0
2,4507155,1,8.00,A,A,2,0,1,0,0,1,0,0,1,0,0,1,0,0,0,1
2,4506568,1,6.00,A,A,2,0,1,0,0,1,0,0,1,0,0,1,0,0,0,1
2,4506389,1,8.00,A,A,2,1,0,0,1,0,0,0,1,0,0,1,0,0,0,0
2,4506294,1,8.00,A,A,2,0,1,0,0,1,0,0,1,0,0,1,0,0,0,1
2,4506112,1,3.00,A,A,2,1,0,0,1,0,0,0,1,0,0,1,0,0,0,0
2,4505666,1,8.00,A,A,2,1,0,0,1,0,0,0,1,0,0,1,0,0,0,0
2,4506690,1,4.00,A,A,2,0,1,0,1,0,0,0,1,0,0,1,0,0,0,1
2,4507040,1,8.00,A,A,2,0,1,0,0,1,0,0,1,0,0,1,0,0,0,1
2,4505887,1,8.00,A,A,2,1,0,0,1,0,0,0,1,0,0,1,0,0,0,0
2,4506780,1,8.00,A,A,2,0,1,0,0,1,0,0,1,0,0,1,0,0,0,1
2,4506427,1,8.00,A,A,2,1,0,0,0,1,0,0,1,0,0,1,0,0,0,1
2,4506058,1,2.00,A,A,2,1,0,0,1,0,0,0,1,0,0,1,0,0,0,0
2,4506041,1,8.00,A,A,2,0,1,0,0,1,0,0,1,0,0,1,0,0,0,1
2,4506367,1,6.00,A,A,2,1,0,0,0,1,0,0,1,0,0,1,0,0,0,1
2,4506458,1,8.00,A,A,2,1,0,0,1,0,0,0,1,0,0,1,0,0,0,0
2,4505569,1,8.00,A,A,2,1,0,0,0,1,0,0,1,0,0,1,0,0,0,1
2,4506149,1,6.00,A,A,2,1,0,0,1,0,0,0,1,0,0,1,0,0,0,0
2,4506868,1,8.00,A,A,2,0,1,0,1,0,0,0,1,0,0,1,0,0,0,1
2,4507011,1,8.00,A,A,2,0,1,0,0,1,0,0,1,0,0,1,0,0,0,1
2,4506052,1,2.00,A,A,2,1,0,0,1,0,0,0,1,0,0,1,0,0,0,0
2,4506594,1,4.00,A,A,2,0,1,0,0,1,0,0,1,0,0,1,0,0,0,1
2,4506718,1,4.00,A,A,2,0,1,0,0,1,0,0,1,0,0,1,0,0,0,1
2,4505861,1,8.00,A,A,2,1,0,0,1,0,0,0,1,0,0,1,0,0,0,0
2,4507183,1,4.00,A,A,2,0,1,0,0,1,0,0,1,0,0,1,0,0,0,1
2,4505908,1,4.00,A,A,2,1,0,0,1,0,0,0,1,0,0,1,0,0,0,0
2,4506688,1,6.00,A,A,2,0,1,0,0,1,0,0,1,0,0,1,0,0,0,1
2,4505840,1,4.00,A,A,2,1,0,0,1,0,0,0,1,0,0,1,0,0,0,0
2,4505881,1,8.00,A,A,2,1,0,0,1,0,0,0,1,0,0,1,0,0,0,0
2,4506026,1,8.00,A,A,2,1,0,0,1,0,0,0,1,0,0,1,0,0,0,0
2,4506231,1,8.00,A,A,2,0,1,0,0,1,0,0,1,0,0,1,0,0,0,1
2,4506662,2,16.00,A,A,2,0,1,0,1,0,0,0,1,0,0,1,0,0,0,1
2,4506075,1,4.00,A,A,2,0,1,0,0,1,0,0,1,0,0,1,0,0,0,1
2,4506151,1,8.00,A,A,2,1,0,0,0,1,0,0,1,0,0,1,0,0,0,1
2,4506514,1,6.00,A,A,2,1,0,0,1,0,0,0,1,0,0,1,0,0,0,0
2,4506384,1,8.00,A,A,2,0,1,0,0,1,0,0,1,0,0,1,0,0,0,1
2,4506606,1,4.00,A,A,2,1,0,0,1,0,0,0,1,0,0,1,0,0,0,0
2,4506271,1,8.00,A,A,2,1,0,0,0,1,0,0,1,0,0,1,0,0,0,1
2,4506480,1,3.00,A,A,2,0,1,0,0,1,0,0,1,0,0,1,0,0,0,1
2,4506887,2,16.00,A,A,2,0,1,0,1,0,0,0,1,0,0,1,0,0,0,1
2,4505473,1,8.00,A,A,2,1,0,0,1,0,0,0,1,0,0,1,0,0,0,0
2,4506452,1,2.00,A,A,2,1,0,0,1,0,0,0,1,0,0,1,0,0,0,0
2,4506694,1,8.00,A,A,2,0,1,0,0,1,0,0,1,0,0,1,0,0,0,1
2,4506387,1,8.00,A,A,2,0,1,0,0,1,0,0,1,0,0,1,0,0,0,1
2,4506864,1,8.00,A,A,2,0,1,0,0,1,0,0,1,0,0,1,0,0,0,1
2,4505430,1,4.00,A,A,2,1,0,0,1,0,0,0,1,0,0,1,0,0,0,0
2,4507039,1,4.00,A,A,2,0,1,0,0,1,0,0,1,0,0,1,0,0,0,1
2,4506732,2,8.00,A,A,2,1,0,0,0,1,0,0,1,0,0,1,0,0,0,1
2,4506319,1,6.00,A,A,2,0,1,0,0,1,0,0,1,0,0,1,0,0,0,1
2,4505452,1,4.00,A,A,2,1,0,0,1,0,0,0,1,0,0,1,0,0,0,0
2,4506951,1,6.00,A,A,2,0,1,0,0,1,0,0,1,0,0,1,0,0,0,1
2,4506083,1,8.00,A,A,2,0,1,0,1,0,0,0,1,0,0,1,0,0,0,1
2,4505960,1,2.00,A,A,2,1,0,0,1,0,0,0,1,0,0,1,0,0,0,0
2,4505570,1,2.00,A,A,2,1,0,0,1,0,0,0,1,0,0,1,0,0,0,0
2,4505387,1,6.00,A,A,2,1,0,0,1,0,0,0,1,0,0,1,0,0,0,0
2,4506250,1,8.00,A,A,2,0,1,0,0,1,0,0,1,0,0,1,0,0,0,1
2,4506146,1,6.00,A,A,2,1,0,1,0,0,0,0,1,0,0,1,0,0,0,1
2,4505567,1,6.00,A,A,2,1,0,0,1,0,0,0,1,0,0,1,0,0,0,0
2,4505366,1,6.00,A,A,2,1,0,0,1,0,0,0,1,0,0,1,0,0,0,0
2,4506543,1,4.00,A,A,2,0,1,0,0,1,0,0,1,0,0,1,0,0,0,1
2,4506752,1,8.00,A,A,2,0,1,0,1,0,0,0,1,0,0,1,0,0,0,1
2,4506293,1,6.00,A,A,2,0,1,0,0,1,0,0,1,0,0,1,0,0,0,1
2,4506751,1,2.00,A,A,2,0,1,0,0,1,0,0,1,0,0,1,0,0,0,1
2,4506390,1,4.00,A,A,2,1,0,0,1,0,0,0,1,0,0,1,0,0,0,0
2,4506747,1,6.00,A,A,2,0,1,0,0,1,0,0,1,0,0,1,0,0,0,1
2,4505914,1,8.00,A,A,2,1,0,0,1,0,0,0,1,0,0,1,0,0,0,0
2,4507185,1,8.00,A,A,2,0,1,0,0,1,0,0,1,0,0,1,0,0,0,1
2,4506477,1,6.00,A,A,2,0,1,0,0,1,0,0,1,0,0,1,0,0,0,1
2,4507293,1,3.00,A,A,2,0,1,0,0,1,0,0,1,0,0,1,0,0,0,1
2,4505937,1,8.00,A,A,2,1,0,0,1,0,0,0,1,0,0,1,0,0,0,0
2,4506202,1,8.00,A,A,2,0,1,0,0,1,0,0,1,0,0,1,0,0,0,1
2,4507098,1,6.00,A,A,2,0,1,0,0,1,0,0,1,0,0,1,0,0,0,1
2,4506258,1,8.00,A,A,2,0,1,0,0,1,0,0,1,0,0,1,0,0,0,1
2,4506349,1,8.00,A,A,2,0,1,0,0,1,0,0,1,0,0,1,0,0,0,1
2,4506508,1,6.00,A,A,2,0,1,0,0,1,0,0,1,0,0,1,0,0,0,1
2,4506600,1,6.00,A,A,2,0,1,0,1,0,0,0,1,0,0,1,0,0,0,1
2,4506633,1,4.00,A,A,2,0,1,0,0,1,0,0,1,0,0,1,0,0,0,1
2,4506634,1,6.00,A,A,2,0,1,0,0,1,0,0,1,0,0,1,0,0,0,1
2,4506385,1,6.00,A,A,2,0,1,0,0,1,0,0,1,0,0,1,0,0,0,1
2,4506323,1,8.00,A,A,2,0,1,0,0,1,0,0,1,0,0,1,0,0,0,1
2,4506980,1,4.00,A,A,2,0,1,0,0,1,0,0,1,0,0,1,0,0,0,1
2,4506357,1,8.00,A,A,2,0,1,0,0,1,0,0,1,0,0,1,0,0,0,1
2,4506513,1,4.00,A,A,2,1,0,0,1,0,0,0,1,0,0,1,0,0,0,0
2,4506597,1,8.00,A,A,2,0,1,0,0,1,0,0,1,0,0,1,0,0,0,1
2,4506447,1,8.00,A,A,2,0,1,0,0,1,0,0,1,0,0,1,0,0,0,1
2,4506051,1,8.00,A,A,2,1,0,0,1,0,0,0,1,0,0,1,0,0,0,0
2,4506443,2,16.00,A,A,2,0,1,0,0,1,0,0,1,0,0,1,0,0,0,1
2,4506785,1,8.00,A,A,2,0,1,0,0,1,0,0,1,0,0,1,0,0,0,1
2,4506836,1,6.00,A,A,2,0,1,0,0,1,0,0,1,0,0,1,0,0,0,1
2,4506169,1,6.00,A,A,2,0,1,0,0,1,0,0,1,0,0,1,0,0,0,1
2,4506266,1,8.00,A,A,2,1,0,0,1,0,0,0,1,0,0,1,0,0,0,0
2,4507136,1,2.00,A,A,2,0,0,1,0,1,0,0,1,0,0,1,0,0,0,1
2,4505929,1,6.00,A,A,2,1,0,0,1,0,0,0,1,0,0,1,0,0,0,0
2,4506725,1,6.00,A,A,2,0,1,0,1,0,0,0,1,0,0,1,0,0,0,1
2,4507221,1,2.00,A,A,2,0,0,1,0,1,0,0,1,0,0,1,0,0,0,1
2,4505322,1,10.00,A,A,2,1,0,0,0,1,0,0,1,0,0,1,0,0,0,1
2,4506567,1,3.00,A,A,2,0,1,0,0,1,0,0,1,0,0,1,0,0,0,1
2,4506564,2,16.00,A,A,2,0,1,0,1,0,0,0,0,1,0,0,1,0,0,1
2,4506417,1,8.00,A,A,3,0,1,1,0,1,0,0,0,1,1,0,1,0,0,0
2,4506072,1,8.00,A,A,2,0,1,0,1,0,0,0,0,1,0,1,0,0,0,0
2,4506190,1,2.00,A,A,2,0,1,0,1,0,0,0,0,1,0,1,0,0,0,0
2,4507130,1,2.00,A,A,4,0,1,1,1,1,0,0,0,1,1,1,1,0,0,0
2,4506273,1,8.00,A,A,3,0,1,1,1,0,0,0,0,1,1,1,0,0,0,0
2,4506105,1,10.00,A,A,3,0,1,0,1,1,0,0,0,1,0,1,1,0,0,0
2,4506448,1,8.00,A,A,2,0,1,0,1,0,0,0,0,1,0,1,0,0,0,0
2,4506504,1,2.00,A,A,3,0,1,1,0,1,0,0,0,1,1,0,1,0,0,0
2,4506672,2,16.00,A,A,3,0,1,0,1,1,0,0,0,1,0,1,1,0,0,0
2,4507265,1,8.00,A,A,3,0,1,1,0,1,0,0,0,1,1,0,1,0,0,0
2,4506716,1,4.00,A,A,2,0,1,0,1,0,0,0,0,1,0,1,0,0,0,0
2,4506538,2,16.00,A,A,2,0,1,0,1,0,0,0,0,1,0,1,0,0,0,0
2,4506281,1,8.00,A,A,2,0,1,0,1,0,0,0,0,1,0,1,0,0,0,0
2,4506439,1,6.00,A,A,2,0,1,0,1,0,0,0,0,1,0,1,0,0,0,0
2,4506764,1,8.00,A,A,4,1,0,1,1,1,0,0,0,1,1,1,1,0,0,1
2,4505843,2,16.00,A,A,4,1,0,1,1,1,0,0,0,1,1,1,1,0,0,1
2,4505226,1,6.00,A,A,2,1,0,0,1,0,0,0,0,1,0,0,1,0,0,1
2,4505492,1,8.00,A,A,2,0,1,0,1,0,0,0,0,1,0,0,1,0,0,1
2,4506671,1,8.00,A,A,2,1,0,1,0,0,0,0,0,1,0,0,1,0,0,1
2,4505871,1,8.00,A,A,2,1,0,0,1,0,0,0,0,1,0,0,1,0,0,1
2,4506712,1,4.00,A,A,2,0,1,0,0,1,0,0,0,1,0,0,1,0,0,0
2,4505445,2,12.00,A,A,2,1,0,0,1,0,0,0,0,1,0,0,1,0,0,1
2,4505856,1,8.00,A,A,2,1,0,0,1,0,0,0,0,1,0,0,1,0,0,1
2,4506376,1,8.00,A,A,2,0,1,0,0,1,0,0,0,1,0,0,1,0,0,0
2,4506068,1,4.00,A,A,2,0,1,0,0,1,0,0,0,1,0,0,1,0,0,0
2,4505945,1,2.00,A,A,2,0,1,0,0,1,0,0,0,1,0,0,1,0,0,0
2,4506245,1,2.00,A,A,2,0,1,0,0,1,0,0,0,1,0,0,1,0,0,0
2,4505790,1,2.00,A,A,2,1,0,0,1,0,0,0,0,1,0,0,1,0,0,1
2,4505444,1,4.00,A,A,2,1,0,0,1,0,0,0,0,1,0,0,1,0,0,1
2,4506774,1,2.00,A,A,2,0,1,0,0,1,0,0,0,1,0,0,1,0,0,0
2,4505490,1,6.00,A,A,2,1,0,0,1,0,0,0,0,1,0,0,1,0,0,1
2,4506309,1,4.00,A,A,2,0,1,0,0,1,0,0,0,1,0,0,1,0,0,0
2,4506532,1,8.00,A,A,2,0,1,0,0,1,0,0,0,1,0,0,1,0,0,0
2,4506464,1,8.00,A,A,2,0,1,0,0,1,0,0,0,1,0,0,1,0,0,0
2,4506340,1,6.00,A,A,2,0,1,0,0,1,0,0,0,1,0,0,1,0,0,0
2,4506585,1,8.00,A,A,2,0,1,0,0,1,0,0,0,1,0,0,1,0,0,0
2,4505399,1,8.00,A,A,2,1,0,0,1,0,0,0,0,1,0,0,1,0,0,1
2,4505705,1,8.00,A,A,2,1,0,0,0,1,0,0,0,1,0,0,1,0,0,1
2,4505979,1,8.00,A,A,2,0,1,0,0,1,0,0,0,1,0,0,1,0,0,0
2,4505380,1,3.00,A,A,2,1,0,0,1,0,0,0,0,1,0,0,1,0,0,1
2,4505560,1,3.00,A,A,2,1,0,0,0,1,0,0,0,1,0,0,1,0,0,1
2,4505897,1,8.00,A,A,2,1,0,0,0,1,0,0,0,1,0,0,1,0,0,1
2,4505513,1,8.00,A,A,2,1,0,0,0,1,0,0,0,1,0,0,1,0,0,1
2,4505946,1,8.00,A,A,2,0,1,0,0,1,0,0,0,1,0,0,1,0,0,0
2,4506775,1,4.00,A,A,2,0,1,0,0,1,0,0,0,1,0,0,1,0,0,0
2,4505635,1,18.00,A,A,2,1,0,0,1,0,0,0,0,1,0,0,1,0,0,1
2,4505464,2,8.00,A,A,2,1,0,0,1,0,0,0,0,1,0,0,1,0,0,1
2,4505271,1,8.00,A,A,2,1,0,0,1,0,0,0,0,1,0,0,1,0,0,1
2,4506378,1,6.00,A,A,2,0,1,0,0,1,0,0,0,1,0,0,1,0,0,0
2,4505247,2,16.00,A,A,2,1,0,0,0,1,0,0,0,1,0,0,1,0,0,1
2,4506162,1,8.00,A,A,2,0,1,0,0,1,0,0,0,1,0,0,1,0,0,0
2,4505947,2,8.00,A,A,2,0,1,0,0,1,0,0,0,1,0,0,1,0,0,0
2,4506498,1,8.00,A,A,2,0,1,0,0,1,0,0,0,1,0,0,1,0,0,0
2,4506246,1,6.00,A,A,2,0,1,0,0,1,0,0,0,1,0,0,1,0,0,0
2,4506559,1,18.00,A,A,2,0,1,0,0,1,0,0,0,1,0,0,1,0,0,0
2,4505706,1,6.00,A,A,2,1,0,0,1,0,0,0,0,1,0,0,1,0,0,1
2,4506622,1,8.00,A,A,2,0,1,0,0,1,0,0,0,1,0,0,1,0,0,0
2,4506742,1,8.00,A,A,2,0,1,0,0,1,0,0,0,1,0,0,1,0,0,0
2,4506497,1,6.00,A,A,2,0,1,0,0,1,0,0,0,1,0,0,1,0,0,0
2,4506655,1,4.00,A,A,2,0,1,0,0,1,0,0,0,1,0,0,1,0,0,0
2,4506873,1,2.00,A,A,2,0,0,1,0,1,0,0,0,1,0,0,1,0,0,1
2,4505339,1,4.00,A,A,2,1,0,0,0,1,0,0,0,1,0,0,1,0,0,1
2,4505948,1,8.00,A,A,2,0,1,0,0,1,0,0,0,1,0,0,1,0,0,0
2,4506436,2,8.00,A,A,2,0,1,0,0,1,0,0,0,1,0,0,1,0,0,0
2,4506531,1,10.00,A,A,2,0,1,0,0,1,0,0,0,1,0,0,1,0,0,0
2,4506223,1,6.00,A,A,2,0,1,0,0,1,0,0,0,1,0,0,1,0,0,0
2,4506804,1,8.00,A,A,2,0,1,0,1,0,0,0,0,1,0,0,1,0,0,1
2,4505707,1,8.00,A,A,2,1,0,0,0,1,0,0,0,1,0,0,1,0,0,1
2,4505447,1,4.00,A,A,2,1,0,0,1,0,0,0,0,1,0,0,1,0,0,1
2,4506820,1,8.00,A,A,2,0,0,1,0,1,0,0,0,1,0,0,1,0,0,1
2,4505321,1,4.00,A,A,2,1,0,1,0,0,0,0,0,1,0,0,1,0,0,1
2,4506803,1,8.00,A,A,2,0,1,0,0,1,0,0,0,1,0,0,1,0,0,0
2,4505637,1,8.00,A,A,2,1,0,1,0,0,0,0,0,1,0,0,1,0,0,1
2,4505636,1,4.00,A,A,2,1,0,1,0,0,0,0,0,1,0,0,1,0,0,1
2,4506802,1,4.00,A,A,2,0,1,0,0,1,0,0,0,1,0,0,1,0,0,0
2,4506827,1,4.00,A,A,2,0,1,0,0,1,0,0,0,1,0,0,1,0,0,0
2,4505814,3,24.00,A,A,2,1,0,1,0,0,0,0,0,1,0,0,1,0,0,1
2,4506284,1,4.00,A,A,2,0,1,0,0,1,0,0,0,1,0,0,1,0,0,0
2,4506247,1,8.00,A,A,2,0,1,0,0,1,0,0,0,1,0,0,1,0,0,0
2,4506346,1,4.00,A,A,2,0,1,0,0,1,0,0,0,1,0,0,1,0,0,0
2,4506282,1,6.00,A,A,2,0,1,0,0,1,0,0,0,1,0,0,1,0,0,0
2,4506408,1,8.00,A,A,2,0,1,0,0,1,0,0,0,1,0,0,1,0,0,0
2,4506533,1,4.00,A,A,2,0,1,0,0,1,0,0,0,1,0,0,1,0,0,0
2,4506776,1,8.00,A,A,2,0,1,0,1,0,0,0,0,1,0,0,1,0,0,1
2,4505381,1,8.00,A,A,2,1,0,1,0,0,0,0,0,1,0,0,1,0,0,1
2,4505382,1,6.00,A,A,2,1,0,1,0,0,0,0,0,1,0,0,1,0,0,1
2,4505324,1,6.00,A,A,2,1,0,0,0,1,0,0,0,1,0,0,1,0,0,1
2,4505953,1,8.00,A,A,2,0,1,0,0,1,0,0,0,1,0,0,1,0,0,0
2,4506129,1,4.00,A,A,2,0,1,0,0,1,0,0,0,1,0,0,1,0,0,0
2,4506099,1,6.00,A,A,2,0,1,0,0,1,0,0,0,1,0,0,1,0,0,0
2,4505733,1,8.00,A,A,2,1,0,0,1,0,0,0,0,1,0,0,1,0,0,1
2,4505421,1,8.00,A,A,2,1,0,0,1,0,0,0,0,1,0,0,1,0,0,1
2,4506627,1,4.00,A,A,2,0,1,0,0,1,0,0,0,1,0,0,1,0,0,0
2,4506252,1,6.00,A,A,2,0,1,0,0,1,0,0,0,1,0,0,1,0,0,0
2,4506351,1,8.00,A,A,2,0,1,0,0,1,0,0,0,1,0,0,1,0,0,0
2,4506476,1,3.00,A,A,2,0,1,0,0,1,0,0,0,1,0,0,1,0,0,0
2,4506503,1,8.00,A,A,2,0,1,0,0,1,0,0,0,1,0,0,1,0,0,0
2,4506383,1,8.00,A,A,2,0,1,0,0,1,0,0,0,1,0,0,1,0,0,0
2,4506565,1,4.00,A,A,2,0,1,0,0,1,0,0,0,1,0,0,1,0,0,0
2,4505207,1,2.00,A,A,2,1,0,0,0,1,0,0,0,1,0,0,1,0,0,1
2,4506199,1,4.00,A,A,2,0,1,0,0,1,0,0,0,1,0,0,1,0,0,0
2,4506198,1,6.00,A,A,2,0,1,0,0,1,0,0,0,1,0,0,1,0,0,0
2,4505686,1,6.00,A,A,2,1,0,0,1,0,0,0,0,1,0,0,1,0,0,1
2,4506042,1,8.00,A,A,2,0,1,0,1,0,0,0,0,1,0,1,0,0,0,0
2,4505250,1,6.00,A,A,2,1,0,0,1,0,0,0,0,1,0,0,1,0,0,1
2,4505984,1,4.00,A,A,2,0,1,0,0,1,0,0,0,1,0,0,1,0,0,0
2,4505980,2,16.00,A,A,2,0,1,0,1,0,0,0,0,1,0,1,0,0,0,0
2,4506442,1,8.00,A,A,2,0,1,0,0,1,0,0,0,1,0,0,1,0,0,0
2,4506315,1,2.00,A,A,2,0,1,0,0,1,0,0,0,1,0,0,1,0,0,0
2,4506168,1,8.00,A,A,2,0,1,0,0,1,0,0,0,1,0,0,1,0,0,0
2,4505275,1,6.00,A,A,2,1,0,0,0,1,0,0,0,1,0,0,1,0,0,1
2,4506137,1,8.00,A,A,2,0,1,0,0,1,0,0,0,1,0,0,1,0,0,0
2,4506687,1,6.00,A,A,2,0,1,0,0,1,0,0,0,1,0,0,1,0,0,0
2,4505894,1,8.00,A,A,2,0,1,0,1,0,0,0,0,1,0,1,0,0,0,0
2,4506749,2,12.00,A,A,2,0,1,0,0,1,0,0,0,1,0,0,1,0,0,0
2,4506435,1,8.00,A,A,2,0,1,0,1,0,0,0,0,1,0,1,0,0,0,0
2,4505818,1,8.00,A,A,2,1,0,0,1,0,0,0,0,1,0,0,1,0,0,1
2,4506157,1,3.00,A,A,2,0,1,0,0,1,0,0,0,1,0,0,1,0,0,0
2,4505794,1,10.00,A,A,2,1,0,0,1,0,0,0,0,1,0,0,1,0,0,1
2,4506032,1,2.00,A,A,2,0,1,0,0,1,0,0,0,1,0,0,1,0,0,0
2,4505687,1,4.00,A,A,2,1,0,0,1,0,0,0,0,1,0,0,1,0,0,1
2,4505774,2,16.00,A,A,2,1,0,1,0,0,0,0,0,1,0,0,1,0,0,1
2,4506342,1,3.00,A,A,2,0,1,0,0,1,0,0,0,1,0,0,1,0,0,0
2,4506218,1,6.00,A,A,2,0,1,0,0,1,0,0,0,1,0,0,1,0,0,0
2,4506529,1,8.00,A,A,2,0,1,0,0,1,0,0,0,1,0,0,1,0,0,0
2,4505710,1,8.00,A,A,2,1,0,0,1,0,0,0,0,1,0,0,1,0,0,1
2,4505664,1,8.00,A,A,2,1,0,0,0,1,0,0,0,1,0,0,1,0,0,1
2,4506773,1,6.00,A,A,2,0,1,0,0,1,0,0,0,1,0,0,1,0,0,0
2,4505907,1,8.00,A,A,2,1,0,0,1,0,0,0,0,1,0,0,1,0,0,1
2,4506679,1,4.00,A,A,2,0,1,0,0,1,0,0,0,1,0,0,1,0,0,0
2,4505836,1,4.00,A,A,2,1,0,0,0,1,0,0,0,1,0,0,1,0,0,1
2,4506407,1,4.00,A,A,2,0,1,0,1,0,0,0,0,1,0,0,1,0,0,1
2,4505230,1,6.00,A,A,2,1,0,0,1,0,0,0,0,1,0,0,1,0,0,1
2,4505731,1,3.00,A,A,2,1,0,0,1,0,0,0,0,1,0,0,1,0,0,1
2,4506307,1,4.00,A,A,2,0,1,0,1,0,0,0,0,1,0,1,0,0,0,0
2,4507212,1,6.00,A,A,2,0,1,0,0,1,0,0,0,1,0,0,1,0,0,0
2,4507213,2,4.00,A,A,2,0,1,0,0,1,0,0,0,1,0,0,1,0,0,0
2,4505732,1,6.00,A,A,2,1,0,0,1,0,0,0,0,1,0,0,1,0,0,1
2,4506670,1,8.00,A,A,2,1,0,0,0,1,0,0,0,1,0,0,1,0,0,1
2,4505905,1,4.00,A,A,2,1,0,0,0,1,0,0,0,1,0,0,1,0,0,1
2,4505927,3,24.00,A,A,2,1,0,0,1,0,0,0,0,1,0,0,1,0,0,1
2,4506001,1,8.00,A,A,2,0,1,0,0,1,0,0,0,1,0,0,1,0,0,0
2,4505951,1,4.00,A,A,2,0,1,0,0,1,0,0,0,1,0,0,1,0,0,0
2,4505474,1,4.00,A,A,2,1,0,0,1,0,0,0,0,1,0,0,1,0,0,1
2,4505992,1,6.00,A,A,2,1,0,1,0,0,0,0,0,1,0,0,1,0,0,1
2,4506782,1,4.00,A,A,2,0,1,0,0,1,0,0,0,1,0,0,1,0,0,0
2,4505294,1,4.00,A,A,2,1,0,0,0,1,0,0,0,1,0,0,1,0,0,1
2,4506296,1,10.00,A,A,2,1,0,0,1,0,0,0,0,1,0,0,1,0,0,1
2,4506178,1,8.00,A,A,2,1,0,0,0,1,0,0,0,1,0,0,1,0,0,1
2,4506740,1,8.00,A,A,2,0,1,0,0,1,0,0,0,1,0,0,1,0,0,0
2,4506023,1,8.00,A,A,2,1,0,0,0,1,0,0,0,1,0,0,1,0,0,1
2,4505963,1,8.00,A,A,2,1,0,0,0,1,0,0,0,1,0,0,1,0,0,1
2,4506313,1,4.00,A,A,2,0,1,0,0,1,0,0,0,1,0,0,1,0,0,0
2,4506861,1,8.00,A,A,2,0,1,0,0,1,0,0,0,1,0,0,1,0,0,0
2,4506571,1,6.00,A,A,2,0,1,0,0,1,0,0,0,1,0,0,1,0,0,0
2,4506800,1,4.00,A,A,2,0,1,0,0,1,0,0,0,1,0,0,1,0,0,0
2,4505865,1,6.00,A,A,2,1,0,0,1,0,0,0,0,1,0,0,1,0,0,1
2,4506453,1,6.00,A,A,2,1,0,0,1,0,0,0,0,1,0,0,1,0,0,1
2,4507042,2,12.00,A,A,2,0,1,0,0,1,0,0,0,1,0,0,1,0,0,0
2,4505429,1,4.00,A,A,2,1,0,0,1,0,0,0,0,1,0,0,1,0,0,1
2,4505203,1,8.00,A,A,2,1,0,0,0,1,0,0,0,1,0,0,1,0,0,1
2,4506024,1,6.00,A,A,2,1,0,1,0,0,0,0,0,1,0,0,1,0,0,1
2,4506730,1,6.00,A,A,2,1,0,0,0,1,0,0,0,1,0,0,1,0,0,1
2,4505983,1,8.00,A,A,2,0,1,0,0,1,0,0,0,1,0,0,1,0,0,0
2,4506494,1,4.00,A,A,2,0,1,0,0,1,0,0,0,1,0,0,1,0,0,0
2,4505924,1,8.00,A,A,2,1,0,0,1,0,0,0,0,1,0,0,1,0,0,1
2,4506515,1,10.00,A,A,2,1,0,0,1,0,0,0,0,1,0,0,1,0,0,1
2,4506172,1,10.00,A,A,2,1,0,0,1,0,0,0,0,1,0,0,1,0,0,1
2,4505454,1,6.00,A,A,2,1,0,0,1,0,0,0,0,1,0,0,1,0,0,1
2,4505522,1,8.00,A,A,2,1,0,0,0,1,0,0,0,1,0,0,1,0,0,1
2,4506807,1,6.00,A,A,2,0,1,0,1,0,0,0,0,1,0,0,1,0,0,1
2,4506601,1,2.00,A,A,2,0,1,0,1,0,0,0,0,1,0,1,0,0,0,0
2,4506036,1,6.00,A,A,2,0,1,0,1,0,0,0,0,1,0,1,0,0,0,0
2,4505940,1,2.00,A,A,1,0,1,0,0,0,0,0,0,1,0,0,0,0,0,0
2,4506401,1,2.00,A,A,1,0,1,0,0,0,0,0,0,1,0,0,0,0,0,0
2,4506214,1,2.00,A,A,1,0,1,0,0,0,0,0,0,1,0,0,0,0,0,0
2,4506769,1,6.00,A,A,1,0,1,0,0,0,0,0,0,1,0,0,0,0,0,0
2,4505939,1,4.00,A,A,1,0,1,0,0,0,0,0,0,1,0,0,0,0,0,0
2,4506553,1,8.00,A,A,1,0,1,0,0,0,0,0,0,1,0,0,0,0,0,0
2,4506552,2,16.00,A,A,1,0,1,0,0,0,0,0,0,1,0,0,0,0,0,0
2,4506184,1,4.00,A,A,1,0,1,0,0,0,0,0,0,1,0,0,0,0,0,0
2,4505999,1,8.00,A,A,1,0,1,0,0,0,0,0,0,1,0,0,0,0,0,0
2,4506462,1,3.00,A,A,1,0,1,0,0,0,0,0,0,1,0,0,0,0,0,0
2,4505891,1,4.00,A,A,1,0,1,0,0,0,0,0,0,1,0,0,0,0,0,0
2,4506276,1,8.00,A,A,1,0,1,0,0,0,0,0,0,1,0,0,0,0,0,0
2,4506339,4,32.00,A,A,1,0,1,0,0,0,0,0,0,1,0,0,0,0,0,0
2,4506092,1,4.00,A,A,1,0,1,0,0,0,0,0,0,1,0,0,0,0,0,0
2,4506400,1,4.00,A,A,1,0,1,0,0,0,0,0,0,1,0,0,0,0,0,0
2,4507538,1,8.00,A,A,1,0,0,0,1,0,0,0,0,1,0,0,0,0,0,1
2,4507558,1,4.00,A,A,1,0,0,0,1,0,0,0,0,1,0,0,0,0,0,1
2,4506645,1,4.00,A,A,1,0,1,0,0,0,0,0,0,1,0,0,0,0,0,0
2,4506030,1,6.00,A,A,1,0,1,0,0,0,0,0,0,1,0,0,0,0,0,0
2,4506031,2,16.00,A,A,1,0,1,0,0,0,0,0,0,1,0,0,0,0,0,0
2,4506708,1,4.00,A,A,1,0,1,0,0,0,0,0,0,1,0,0,0,0,0,0
2,4506554,1,4.00,A,A,1,0,1,0,0,0,0,0,0,1,0,0,0,0,0,0
2,4506215,1,8.00,A,A,1,0,1,0,0,0,0,0,0,1,0,0,0,0,0,0
2,4506213,1,6.00,A,A,1,0,1,0,0,0,0,0,0,1,0,0,0,0,0,0
2,4506647,1,8.00,A,A,1,0,1,0,0,0,0,0,0,1,0,0,0,0,0,0
2,4505972,1,2.00,A,A,1,0,1,0,0,0,0,0,0,1,0,0,0,0,0,0
2,4506122,1,4.00,A,A,1,0,1,0,0,0,0,0,0,1,0,0,0,0,0,0
2,4507356,1,4.00,A,A,1,0,0,0,1,0,0,0,0,1,0,0,0,0,0,1
2,4506512,1,3.00,A,A,1,0,0,1,0,0,0,0,0,1,0,0,0,0,0,1
2,4506790,1,6.00,A,A,1,0,0,1,0,0,0,0,0,1,0,0,0,0,0,1
2,4506370,1,4.00,A,A,1,0,1,0,0,0,0,0,0,1,0,0,0,0,0,0
2,4506768,1,4.00,A,A,1,0,1,0,0,0,0,0,0,1,0,0,0,0,0,0
2,4507278,1,8.00,A,A,1,0,0,0,1,0,0,0,0,1,0,0,0,0,0,1
2,4507252,1,8.00,A,A,1,0,0,0,1,0,0,0,0,1,0,0,0,0,0,1
2,4507378,1,2.00,A,A,1,0,0,0,1,0,0,0,0,1,0,0,0,0,0,1
2,4506697,1,2.00,A,A,1,0,0,1,0,0,0,0,0,1,0,0,0,0,0,1
2,4506337,2,16.00,A,A,1,0,1,0,0,0,0,0,0,1,0,0,0,0,0,0
2,4506121,1,8.00,A,A,1,0,1,0,0,0,0,0,0,1,0,0,0,0,0,0
2,4505725,1,4.00,A,A,1,1,0,0,0,0,0,0,0,1,0,0,0,0,0,1
2,4505317,1,6.00,A,A,1,1,0,0,0,0,0,0,0,1,0,0,0,0,0,1
2,4507305,1,4.00,A,A,1,0,0,0,1,0,0,0,0,1,0,0,0,0,0,1
2,4506061,1,6.00,A,A,1,0,1,0,0,0,0,0,0,1,0,0,0,0,0,0
2,4506183,1,4.00,A,A,1,0,1,0,0,0,0,0,0,1,0,0,0,0,0,0
2,4506489,1,4.00,A,A,1,0,1,0,0,0,0,0,0,1,0,0,0,0,0,0
2,4506450,1,4.00,A,A,1,0,0,1,0,0,0,0,0,1,0,0,0,0,0,1
2,4507102,1,4.00,A,A,1,0,0,1,0,0,0,0,0,1,0,0,0,0,0,1
2,4506603,1,4.00,A,A,1,0,0,1,0,0,0,0,0,1,0,0,0,0,0,1
2,4506729,1,4.00,A,A,1,0,0,1,0,0,0,0,0,1,0,0,0,0,0,1
2,4506262,1,2.00,A,A,1,0,0,1,0,0,0,0,0,1,0,0,0,0,0,1
2,4507391,1,2.00,A,A,1,0,0,1,0,0,0,0,0,1,0,0,0,0,0,1
2,4507331,1,3.00,A,A,1,0,0,0,1,0,0,0,0,1,0,0,0,0,0,1
2,4507402,1,3.00,A,A,1,0,0,0,1,0,0,0,0,1,0,0,0,0,0,1
2,4506617,1,4.00,A,A,1,0,1,0,0,0,0,0,0,1,0,0,0,0,0,0
2,4507053,1,2.00,A,A,1,0,0,0,1,0,0,0,0,1,0,0,0,0,0,1
2,4507015,1,2.00,A,A,1,0,0,1,0,0,0,0,0,1,0,0,0,0,0,1
2,4507158,1,4.00,A,A,1,0,0,1,0,0,0,0,0,1,0,0,0,0,0,1
2,4506872,1,2.00,A,A,1,0,0,1,0,0,0,0,0,1,0,0,0,0,0,1
2,4507345,1,2.00,A,A,1,0,0,1,0,0,0,0,0,1,0,0,0,0,0,1
2,4506128,1,2.00,A,A,1,0,1,0,0,0,0,0,0,1,0,0,0,0,0,0
2,4505893,1,8.00,A,A,1,0,1,0,0,0,0,0,0,1,0,0,0,0,0,0
2,4507617,1,2.00,A,A,1,0,0,0,1,0,0,0,0,1,0,0,0,0,0,1
2,4505682,1,6.00,A,A,1,1,0,0,0,0,0,0,0,1,0,0,0,0,0,1
2,4506558,1,2.00,A,A,1,0,1,0,0,0,0,0,0,1,0,0,0,0,0,0
2,4506406,1,4.00,A,A,1,0,1,0,0,0,0,0,0,1,0,0,0,0,0,0
2,4507516,1,2.00,A,A,1,0,0,0,1,0,0,0,0,1,0,0,0,0,0,1
2,4506064,1,8.00,A,A,1,0,1,0,0,0,0,0,0,1,0,0,0,0,0,0
2,4506651,1,2.00,A,A,1,0,1,0,0,0,0,0,0,1,0,0,0,0,0,0
2,4507287,1,3.00,A,A,1,0,0,0,0,1,0,0,0,1,0,0,0,0,0,1
2,4507341,1,8.00,A,A,1,0,0,0,0,1,0,0,0,1,0,0,0,0,0,1
2,4507073,1,2.00,A,A,1,0,0,1,0,0,0,0,0,1,0,0,0,0,0,1
2,4506964,1,2.00,A,A,1,0,0,0,1,0,0,0,0,1,0,0,0,0,0,1
2,4505512,1,2.00,A,A,1,1,0,0,0,0,0,0,0,1,0,0,0,0,0,1
2,4506094,1,2.00,A,A,1,0,1,0,0,0,0,0,0,1,0,0,0,0,0,0
2,4507401,1,6.00,A,A,1,0,0,0,1,0,0,0,0,1,0,0,0,0,0,1
2,4506994,1,4.00,A,A,1,0,0,0,1,0,0,0,0,1,0,0,0,0,0,1
2,4506124,1,6.00,A,A,1,0,1,0,0,0,0,0,0,1,0,0,0,0,0,0
2,4506159,1,2.00,A,A,1,0,1,0,0,0,0,0,0,1,0,0,0,0,0,0
2,4507598,1,2.00,A,A,1,0,0,0,1,0,0,0,0,1,0,0,0,0,0,1
2,4506186,1,3.00,A,A,1,0,1,0,0,0,0,0,0,1,0,0,0,0,0,0
2,4507251,1,2.00,A,A,1,0,0,0,1,0,0,0,0,1,0,0,0,0,0,1
2,4507304,1,6.00,A,A,1,0,0,0,1,0,0,0,0,1,0,0,0,0,0,1
2,4506824,1,8.00,A,A,1,0,1,0,0,0,0,0,0,1,0,0,0,0,0,0
2,4507168,1,6.00,A,A,1,0,0,0,1,0,0,0,0,1,0,0,0,0,0,1
2,4506530,1,2.00,A,A,1,0,1,0,0,0,0,0,0,1,0,0,0,0,0,0
2,4506819,1,4.00,A,A,1,0,0,1,0,0,0,0,0,1,0,0,0,0,0,1
2,4506801,1,2.00,A,A,1,0,1,0,0,0,0,0,0,1,0,0,0,0,0,0
2,4505976,1,3.00,A,A,1,0,1,0,0,0,0,0,0,1,0,0,0,0,0,0
2,4506325,1,3.00,A,A,1,0,0,1,0,0,0,0,0,1,0,0,0,0,0,1
2,4507268,1,4.00,A,A,1,0,0,1,0,0,0,0,0,1,0,0,0,0,0,1
2,4507320,1,2.00,A,A,1,0,0,1,0,0,0,0,0,1,0,0,0,0,0,1
2,4505941,1,2.00,A,A,1,0,1,0,0,0,0,0,0,1,0,0,0,0,0,0
2,4506574,1,4.00,A,A,1,0,0,1,0,0,0,0,0,1,0,0,0,0,0,1
2,4507240,1,2.00,A,A,1,0,0,1,0,0,0,0,0,1,0,0,0,0,0,1
2,4506343,1,2.00,A,A,1,0,1,0,0,0,0,0,0,1,0,0,0,0,0,0
2,4506856,1,2.00,A,A,1,0,1,0,0,0,0,0,0,1,0,0,0,0,0,0
2,4506893,1,8.00,A,A,1,0,0,1,0,0,0,0,0,1,0,0,0,0,0,1
2,4507294,1,8.00,A,A,1,0,0,1,0,0,0,0,0,1,0,0,0,0,0,1
2,4506757,1,2.00,A,A,1,0,0,1,0,0,0,0,0,1,0,0,0,0,0,1
2,4507425,1,2.00,A,A,1,0,0,0,1,0,0,0,0,1,0,0,0,0,0,1
2,4506984,1,2.00,A,A,1,0,0,1,0,0,0,0,0,1,0,0,0,0,0,1
2,4506840,1,4.00,A,A,1,0,0,1,0,0,0,0,0,1,0,0,0,0,0,1
2,4505920,1,4.00,A,A,1,0,1,0,0,0,0,0,0,1,0,0,0,0,0,0
2,4506324,1,8.00,A,A,1,0,0,1,0,0,0,0,0,1,0,0,0,0,0,1
2,4506221,1,2.00,A,A,1,0,1,0,0,0,0,0,0,1,0,0,0,0,0,0
2,4507330,1,6.00,A,A,1,0,0,0,1,0,0,0,0,1,0,0,0,0,0,1
2,4506854,1,2.00,A,A,1,0,1,0,0,0,0,0,0,1,0,0,0,0,0,0
2,4506006,1,6.00,A,A,1,0,1,0,0,0,0,0,0,1,0,0,0,0,0,0
2,4506925,1,4.00,A,A,1,0,0,1,0,0,0,0,0,1,0,0,0,0,0,1
2,4507267,1,6.00,A,A,1,0,0,1,0,0,0,0,0,1,0,0,0,0,0,1
2,4506219,1,8.00,A,A,1,0,1,0,0,0,0,0,0,1,0,0,0,0,0,0
2,4507464,1,6.00,A,A,1,0,0,1,0,0,0,0,0,1,0,0,0,0,0,1
2,4506191,1,2.00,A,A,1,0,1,0,0,0,0,0,0,1,0,0,0,0,0,0
2,4506161,1,8.00,A,A,1,0,1,0,0,0,0,0,0,1,0,0,0,0,0,0
2,4506653,1,4.00,A,A,1,0,1,0,0,0,0,0,0,1,0,0,0,0,0,0
2,4506818,1,4.00,A,A,1,0,0,1,0,0,0,0,0,1,0,0,0,0,0,1
2,4506680,1,2.00,A,A,1,0,1,0,0,0,0,0,0,1,0,0,0,0,0,0
2,4506155,1,4.00,A,A,1,0,1,0,0,0,0,0,0,1,0,0,0,0,0,0
2,4506604,1,6.00,A,A,1,0,0,1,0,0,0,0,0,1,0,0,0,0,0,1
2,4507171,1,8.00,A,A,1,0,0,0,1,0,0,0,0,1,0,0,0,0,0,1
2,4506904,1,8.00,A,A,1,0,0,0,1,0,0,0,0,1,0,0,0,0,0,1
2,4507113,2,8.00,A,A,1,0,0,0,1,0,0,0,0,1,0,0,0,0,0,1
2,4506130,1,2.00,A,A,1,0,1,0,0,0,0,0,0,1,0,0,0,0,0,0
2,4506283,1,6.00,A,A,1,0,1,0,0,0,0,0,0,1,0,0,0,0,0,0
2,4506470,1,8.00,A,A,1,0,1,0,0,0,0,0,0,1,0,0,0,0,0,0
2,4506826,1,2.00,A,A,1,0,1,0,0,0,0,0,0,1,0,0,0,0,0,0
2,4506345,1,10.00,A,A,1,0,1,0,0,0,0,0,0,1,0,0,0,0,0,0
2,4505449,3,24.00,A,A,1,1,0,0,0,0,0,0,0,1,0,0,0,0,0,1
2,4506100,1,2.00,A,A,1,0,1,0,0,0,0,0,0,1,0,0,0,0,0,0
2,4507074,1,6.00,A,A,1,0,0,1,0,0,0,0,0,1,0,0,0,0,0,1
2,4506714,1,6.00,A,A,1,0,1,0,0,0,0,0,0,1,0,0,0,0,0,0
2,4506852,1,4.00,A,A,1,0,0,0,1,0,0,0,0,1,0,0,0,0,0,1
2,4507044,1,4.00,A,A,1,0,0,1,0,0,0,0,0,1,0,0,0,0,0,1
2,4507497,1,8.00,A,A,1,0,0,0,1,0,0,0,0,1,0,0,0,0,0,1
2,4507332,1,3.00,A,A,1,0,0,0,1,0,0,0,0,1,0,0,0,0,0,1
2,4507370,1,2.00,A,A,1,0,0,1,0,0,0,0,0,1,0,0,0,0,0,1
2,4506437,1,2.00,A,A,1,0,1,0,0,0,0,0,0,1,0,0,0,0,0,0
2,4505273,1,8.00,A,A,1,1,0,0,0,0,0,0,0,1,0,0,0,0,0,1
2,4507115,1,4.00,A,A,1,0,0,0,1,0,0,0,0,1,0,0,0,0,0,1
2,4507085,1,4.00,A,A,1,0,0,0,1,0,0,0,0,1,0,0,0,0,0,1
2,4506590,1,2.00,A,A,1,0,1,0,0,0,0,0,0,1,0,0,0,0,0,0
2,4507016,1,6.00,A,A,1,0,0,1,0,0,0,0,0,1,0,0,0,0,0,1
2,4507559,1,2.00,A,A,1,0,0,0,1,0,0,0,0,1,0,0,0,0,0,1
2,4506758,1,8.00,A,A,1,0,0,1,0,0,0,0,0,1,0,0,0,0,0,1
2,4507346,1,6.00,A,A,1,0,0,1,0,0,0,0,0,1,0,0,0,0,0,1
2,4506791,1,4.00,A,A,1,0,0,1,0,0,0,0,0,1,0,0,0,0,0,1
2,4507392,1,6.00,A,A,1,0,0,1,0,0,0,0,0,1,0,0,0,0,0,1
2,4506985,1,6.00,A,A,1,0,0,1,0,0,0,0,0,1,0,0,0,0,0,1
2,4506654,1,8.00,A,A,1,0,1,0,0,0,0,0,0,1,0,0,0,0,0,0
2,4506841,1,4.00,A,A,1,0,0,1,0,0,0,0,0,1,0,0,0,0,0,1
2,4506192,1,8.00,A,A,1,0,1,0,0,0,0,0,0,1,0,0,0,0,0,0
2,4507295,1,6.00,A,A,1,0,0,1,0,0,0,0,0,1,0,0,0,0,0,1
2,4506070,1,2.00,A,A,1,0,1,0,0,0,0,0,0,1,0,0,0,0,0,0
2,4507539,1,3.00,A,A,1,0,0,0,1,0,0,0,0,1,0,0,0,0,0,1
2,4507198,1,8.00,A,A,1,0,0,0,1,0,0,0,0,1,0,0,0,0,0,1
2,4507441,1,6.00,A,A,1,0,0,1,0,0,0,0,0,1,0,0,0,0,0,1
2,4506997,1,4.00,A,A,1,0,0,0,1,0,0,0,0,1,0,0,0,0,0,1
2,4506926,1,4.00,A,A,1,0,0,1,0,0,0,0,0,1,0,0,0,0,0,1
2,4506743,1,4.00,A,A,1,0,1,0,0,0,0,0,0,1,0,0,0,0,0,0
2,4507104,1,4.00,A,A,1,0,0,1,0,0,0,0,0,1,0,0,0,0,0,1
2,4507132,1,3.00,A,A,1,0,0,1,0,0,0,0,0,1,0,0,0,0,0,1
2,4507187,1,6.00,A,A,1,0,0,1,0,0,0,0,0,1,0,0,0,0,0,1
2,4507269,1,6.00,A,A,1,0,0,1,0,0,0,0,0,1,0,0,0,0,0,1
2,4506858,1,2.00,A,A,1,0,1,0,0,0,0,0,0,1,0,0,0,0,0,0
2,4506591,1,8.00,A,A,1,0,1,0,0,0,0,0,0,1,0,0,0,0,0,0
2,4506326,1,4.00,A,A,1,0,0,1,0,0,0,0,0,1,0,0,0,0,0,1
2,4507214,2,6.00,A,A,1,0,0,1,0,0,0,0,0,1,0,0,0,0,0,1
2,4505901,1,6.00,A,A,1,1,0,0,0,0,0,0,0,1,0,0,0,0,0,1
2,4506605,1,8.00,A,A,1,0,0,1,0,0,0,0,0,1,0,0,0,0,0,1
2,4506956,1,8.00,A,A,1,0,0,1,0,0,0,0,0,1,0,0,0,0,0,1
2,4505592,1,2.00,A,A,1,1,0,0,0,0,0,0,0,1,0,0,0,0,0,1
2,4506561,1,4.00,A,A,1,0,1,0,0,0,0,0,0,1,0,0,0,0,0,0
2,4506193,1,8.00,A,A,1,0,1,0,0,0,0,0,0,1,0,0,0,0,0,0
2,4506071,1,4.00,A,A,1,0,1,0,0,0,0,0,0,1,0,0,0,0,0,0
2,4507159,1,2.00,A,A,1,0,0,1,0,0,0,0,0,1,0,0,0,0,0,1
2,4507580,1,4.00,A,A,1,0,0,0,1,0,0,0,0,1,0,0,0,0,0,1
2,4506744,1,4.00,A,A,1,0,1,0,0,0,0,0,0,1,0,0,0,0,0,0
2,4506938,1,6.00,A,A,1,0,0,0,1,0,0,0,0,1,0,0,0,0,0,1
2,4507357,1,2.00,A,A,1,0,0,0,1,0,0,0,0,1,0,0,0,0,0,1
2,4507279,1,8.00,A,A,1,0,0,0,1,0,0,0,0,1,0,0,0,0,0,1
2,4507428,1,8.00,A,A,1,0,0,0,1,0,0,0,0,1,0,0,0,0,0,1
2,4506438,1,2.00,A,A,1,0,1,0,0,0,0,0,0,1,0,0,0,0,0,0
2,4507322,1,6.00,A,A,1,0,0,1,0,0,0,0,0,1,0,0,0,0,0,1
2,4506907,1,2.00,A,A,1,0,0,0,1,0,0,0,0,1,0,0,0,0,0,1
2,4507170,1,2.00,A,A,1,0,0,0,1,0,0,0,0,1,0,0,0,0,0,1
2,4506623,1,4.00,A,A,1,0,1,0,0,0,0,0,0,1,0,0,0,0,0,0
2,4507242,1,6.00,A,A,1,0,0,1,0,0,0,0,0,1,0,0,0,0,0,1
2,4506927,1,6.00,A,A,1,0,0,1,0,0,0,0,0,1,0,0,0,0,0,1
2,4506496,1,8.00,A,A,1,0,1,0,0,0,0,0,0,1,0,0,0,0,0,0
2,4505204,1,3.00,A,A,1,1,0,0,0,0,0,0,0,1,0,0,0,0,0,1
2,4506163,1,2.00,A,A,1,0,1,0,0,0,0,0,0,1,0,0,0,0,0,0
2,4506037,1,6.00,A,A,1,0,1,0,0,0,0,0,0,1,0,0,0,0,0,0
2,4506263,1,8.00,A,A,1,0,0,1,0,0,0,0,0,1,0,0,0,0,0,1
2,4506955,1,4.00,A,A,1,0,0,1,0,0,0,0,0,1,0,0,0,0,0,1
2,4506499,1,3.00,A,A,1,0,1,0,0,0,0,0,0,1,0,0,0,0,0,0
2,4506008,1,8.00,A,A,1,0,1,0,0,0,0,0,0,1,0,0,0,0,0,0
2,4506409,1,3.00,A,A,1,0,1,0,0,0,0,0,0,1,0,0,0,0,0,0
2,4506379,1,2.00,A,A,1,0,1,0,0,0,0,0,0,1,0,0,0,0,0,0
2,4505385,1,8.00,A,A,1,1,0,0,0,0,0,0,0,1,0,0,0,0,0,1
2,4506857,1,2.00,A,A,1,0,1,0,0,0,0,0,0,1,0,0,0,0,0,0
2,4505466,2,12.00,A,A,1,1,0,0,0,0,0,0,0,1,0,0,0,0,0,1
2,4506957,1,8.00,A,A,1,0,0,1,0,0,0,0,0,1,0,0,0,0,0,1
2,4507142,1,8.00,A,A,1,0,0,0,1,0,0,0,0,1,0,0,0,0,0,1
2,4506966,1,6.00,A,A,1,0,0,0,1,0,0,0,0,1,0,0,0,0,0,1
2,4507530,1,4.00,A,A,1,0,0,1,0,0,0,0,0,1,0,0,0,0,0,1
2,4507188,1,8.00,A,A,1,0,0,1,0,0,0,0,0,1,0,0,0,0,0,1
2,4507416,1,4.00,A,A,1,0,0,1,0,0,0,0,0,1,0,0,0,0,0,1
2,4506007,1,4.00,A,A,1,0,1,0,0,0,0,0,0,1,0,0,0,0,0,0
2,4507403,1,6.00,A,A,1,0,0,0,1,0,0,0,0,1,0,0,0,0,0,1
2,4506715,1,4.00,A,A,1,0,1,0,0,0,0,0,0,1,0,0,0,0,0,0
2,4506683,1,2.00,A,A,1,0,1,0,0,0,0,0,0,1,0,0,0,0,0,0
2,4507380,1,2.00,A,A,1,0,0,0,1,0,0,0,0,1,0,0,0,0,0,1
2,4506895,1,4.00,A,A,1,0,0,1,0,0,0,0,0,1,0,0,0,0,0,1
2,4507224,1,8.00,A,A,1,0,0,0,1,0,0,0,0,1,0,0,0,0,0,1
2,4507215,1,4.00,A,A,1,0,0,1,0,0,0,0,0,1,0,0,0,0,0,1
2,4506012,1,4.00,A,A,1,0,1,0,0,0,0,0,0,1,0,0,0,0,0,0
2,4506167,1,2.00,A,A,1,0,1,0,0,0,0,0,0,1,0,0,0,0,0,0
2,4507131,1,4.00,A,A,1,0,0,1,0,0,0,0,0,1,0,0,0,0,0,1
2,4506222,1,6.00,A,A,1,0,1,0,0,0,0,0,0,1,0,0,0,0,0,0
2,4506808,1,2.00,A,A,1,0,1,0,0,0,0,0,0,1,0,0,0,0,0,0
2,4507508,1,2.00,A,A,1,0,0,1,0,0,0,0,0,1,0,0,0,0,0,1
2,4505295,1,4.00,A,A,1,1,0,0,0,0,0,0,0,1,0,0,0,0,0,1
2,4507103,1,4.00,A,A,1,0,0,1,0,0,0,0,0,1,0,0,0,0,0,1
2,4507026,1,4.00,A,A,1,0,0,0,1,0,0,0,0,1,0,0,0,0,0,1
2,4507413,1,2.00,A,A,1,0,0,0,0,1,0,0,0,1,0,0,0,0,0,1
2,4507297,1,8.00,A,A,1,0,0,1,0,0,0,0,0,1,0,0,0,0,0,1
2,4507579,1,6.00,A,A,1,0,0,0,1,0,0,0,0,1,0,0,0,0,0,1
2,4507427,1,4.00,A,A,1,0,0,0,1,0,0,0,0,1,0,0,0,0,0,1
2,4506987,1,4.00,A,A,1,0,0,1,0,0,0,0,0,1,0,0,0,0,0,1
2,4506986,1,3.00,A,A,1,0,0,1,0,0,0,0,0,1,0,0,0,0,0,1
2,4506874,1,4.00,A,A,1,0,0,1,0,0,0,0,0,1,0,0,0,0,0,1
2,4507466,1,2.00,A,A,1,0,0,1,0,0,0,0,0,1,0,0,0,0,0,1
2,4507488,1,2.00,A,A,1,0,0,1,0,0,0,0,0,1,0,0,0,0,0,1
2,4507324,1,3.00,A,A,1,0,0,1,0,0,0,0,0,1,0,0,0,0,0,1
2,4506897,1,2.00,A,A,1,0,0,1,0,0,0,0,0,1,0,0,0,0,0,1
2,4507599,2,12.00,A,A,1,0,0,0,1,0,0,0,0,1,0,0,0,0,0,1
2,4507600,1,6.00,A,A,1,0,0,0,1,0,0,0,0,1,0,0,0,0,0,1
2,4506228,1,8.00,A,A,1,0,1,0,0,0,0,0,0,1,0,0,0,0,0,0
2,4507076,1,6.00,A,A,1,0,0,1,0,0,0,0,0,1,0,0,0,0,0,1
2,4507161,1,2.00,A,A,1,0,0,1,0,0,0,0,0,1,0,0,0,0,0,1
2,4507321,1,2.00,A,A,1,0,0,1,0,0,0,0,0,1,0,0,0,0,0,1
2,4507348,1,2.00,A,A,1,0,0,1,0,0,0,0,0,1,0,0,0,0,0,1
2,4507141,1,4.00,A,A,1,0,0,0,1,0,0,0,0,1,0,0,0,0,0,1
2,4507056,1,4.00,A,A,1,0,0,0,1,0,0,0,0,1,0,0,0,0,0,1
2,4506821,1,4.00,A,A,1,0,0,1,0,0,0,0,0,1,0,0,0,0,0,1
2,4506413,1,4.00,A,A,1,0,1,0,0,0,0,0,0,1,0,0,0,0,0,0
2,4507619,1,8.00,A,A,1,0,0,0,1,0,0,0,0,1,0,0,0,0,0,1
2,4506316,1,2.00,A,A,1,0,1,0,0,0,0,0,0,1,0,0,0,0,0,0
2,4507196,1,8.00,A,A,1,0,0,0,1,0,0,0,0,1,0,0,0,0,0,1
2,4507372,1,6.00,A,A,1,0,0,1,0,0,0,0,0,1,0,0,0,0,0,1
2,4506158,1,6.00,A,A,1,0,1,0,0,0,0,0,0,1,0,0,0,0,0,0
2,4506843,1,4.00,A,A,1,0,0,1,0,0,0,0,0,1,0,0,0,0,0,1
2,4506760,1,8.00,A,A,1,0,0,1,0,0,0,0,0,1,0,0,0,0,0,1
2,4507509,1,8.00,A,A,1,0,0,1,0,0,0,0,0,1,0,0,0,0,0,1
2,4505401,1,2.00,A,A,1,1,0,0,0,0,0,0,0,1,0,0,0,0,0,1
2,4506883,1,6.00,A,A,1,0,0,0,1,0,0,0,0,1,0,0,0,0,0,1
2,4506996,1,4.00,A,A,1,0,0,0,1,0,0,0,0,1,0,0,0,0,0,1
2,4505769,1,2.00,A,A,1,1,0,0,0,0,0,0,0,1,0,0,0,0,0,1
2,4505342,1,6.00,A,A,1,1,0,0,0,0,0,0,0,1,0,0,0,0,0,1
2,4506711,1,4.00,A,A,1,0,1,0,0,0,0,0,0,1,0,0,0,0,0,0
2,4506229,1,2.00,A,A,1,0,1,0,0,0,0,0,0,1,0,0,0,0,0,0
2,4506188,1,3.00,A,A,1,0,1,0,0,0,0,0,0,1,0,0,0,0,0,0
2,4507440,1,2.00,A,A,1,0,0,1,0,0,0,0,0,1,0,0,0,0,0,1
2,4506404,1,2.00,A,A,1,0,1,0,0,0,0,0,0,1,0,0,0,0,0,0
2,4507106,1,4.00,A,A,1,0,0,1,0,0,0,0,0,1,0,0,0,0,0,1
2,4505975,1,6.00,A,A,1,0,1,0,0,0,0,0,0,1,0,0,0,0,0,0
2,4506096,1,4.00,A,A,1,0,1,0,0,0,0,0,0,1,0,0,0,0,0,0
2,4507253,1,2.00,A,A,1,0,0,0,1,0,0,0,0,1,0,0,0,0,0,1
2,4507045,1,8.00,A,A,1,0,0,1,0,0,0,0,0,1,0,0,0,0,0,1
2,4507609,1,2.00,A,A,1,0,0,0,0,1,0,0,0,1,0,0,0,0,0,1
2,4506842,1,8.00,A,A,1,0,0,1,0,0,0,0,0,1,0,0,0,0,0,1
2,4506217,1,6.00,A,A,1,0,1,0,0,0,0,0,0,1,0,0,0,0,0,0
2,4507355,1,8.00,A,A,1,0,0,0,1,0,0,0,0,1,0,0,0,0,0,1
2,4507394,1,4.00,A,A,1,0,0,1,0,0,0,0,0,1,0,0,0,0,0,1
2,4506896,1,3.00,A,A,1,0,0,1,0,0,0,0,0,1,0,0,0,0,0,1
2,4506710,2,16.00,A,A,1,0,1,0,0,0,0,0,0,1,0,0,0,0,0,0
2,4507550,1,3.00,A,A,1,0,0,1,0,0,0,0,0,1,0,0,0,0,0,1
2,4507243,1,4.00,A,A,1,0,0,1,0,0,0,0,0,1,0,0,0,0,0,1
2,4507270,1,4.00,A,A,1,0,0,1,0,0,0,0,0,1,0,0,0,0,0,1
2,4506928,1,2.00,A,A,1,0,0,1,0,0,0,0,0,1,0,0,0,0,0,1
2,4507306,1,6.00,A,A,1,0,0,0,1,0,0,0,0,1,0,0,0,0,0,1
2,4506894,1,6.00,A,A,1,0,0,1,0,0,0,0,0,1,0,0,0,0,0,1
2,4506375,1,3.00,A,A,1,0,1,0,0,0,0,0,0,1,0,0,0,0,0,0
2,4506650,1,4.00,A,A,1,0,1,0,0,0,0,0,0,1,0,0,0,0,0,0
2,4507620,1,4.00,A,A,1,0,0,0,1,0,0,0,0,1,0,0,0,0,0,1
2,4506965,1,8.00,A,A,1,0,0,0,1,0,0,0,0,1,0,0,0,0,0,1
2,4507417,1,4.00,A,A,1,0,0,1,0,0,0,0,0,1,0,0,0,0,0,1
2,4507442,1,4.00,A,A,1,0,0,1,0,0,0,0,0,1,0,0,0,0,0,1
2,4505974,1,4.00,A,A,1,0,1,0,0,0,0,0,0,1,0,0,0,0,0,0
2,4507133,1,2.00,A,A,1,0,0,1,0,0,0,0,0,1,0,0,0,0,0,1
2,4506678,1,2.00,A,A,1,0,1,0,0,0,0,0,0,1,0,0,0,0,0,0
2,4506772,1,6.00,A,A,1,0,1,0,0,0,0,0,0,1,0,0,0,0,0,0
2,4507389,1,8.00,A,A,1,0,0,0,0,1,0,0,0,1,0,0,0,0,0,1
2,4506619,1,4.00,A,A,1,0,1,0,0,0,0,0,0,1,0,0,0,0,0,0
2,4506374,1,4.00,A,A,1,0,1,0,0,0,0,0,0,1,0,0,0,0,0,0
2,4506288,2,12.00,A,A,1,0,1,0,0,0,0,0,0,1,0,0,0,0,0,0
2,4506289,1,6.00,A,A,1,0,0,0,0,1,0,0,0,1,0,0,0,0,0,1
2,4507116,1,8.00,A,A,1,0,0,0,1,0,0,0,0,1,0,0,0,0,0,1
2,4507475,1,8.00,A,A,1,0,0,0,1,0,0,0,0,1,0,0,0,0,0,1
2,4506341,1,2.00,A,A,1,0,1,0,0,0,0,0,0,1,0,0,0,0,0,0
2,4507134,1,6.00,A,A,1,0,0,1,0,0,0,0,0,1,0,0,0,0,0,1
2,4506528,1,4.00,A,A,1,0,1,0,0,0,0,0,0,1,0,0,0,0,0,0
2,4506465,1,4.00,A,A,1,0,1,0,0,0,0,0,0,1,0,0,0,0,0,0
2,4507371,1,4.00,A,A,1,0,0,1,0,0,0,0,0,1,0,0,0,0,0,1
2,4506586,1,6.00,A,A,1,0,1,0,0,0,0,0,0,1,0,0,0,0,0,0
2,4506618,1,2.00,A,A,1,0,1,0,0,0,0,0,0,1,0,0,0,0,0,0
2,4506719,1,4.00,A,A,1,0,1,0,0,0,0,0,0,1,0,0,0,0,0,0
2,4507075,1,4.00,A,A,1,0,0,1,0,0,0,0,0,1,0,0,0,0,0,1
2,4506434,1,3.00,A,A,1,0,1,0,0,0,0,0,0,1,0,0,0,0,0,0
2,4506034,1,4.00,A,A,1,0,1,0,0,0,0,0,0,1,0,0,0,0,0,0
2,4507347,1,2.00,A,A,1,0,0,1,0,0,0,0,0,1,0,0,0,0,0,1
2,4506126,1,4.00,A,A,1,0,1,0,0,0,0,0,0,1,0,0,0,0,0,0
2,4507234,1,18.00,A,A,1,0,0,0,0,1,0,0,0,1,0,0,0,0,0,1
2,4506939,1,6.00,A,A,1,0,0,0,1,0,0,0,0,1,0,0,0,0,0,1
2,4506306,1,8.00,A,A,1,0,1,0,0,0,0,0,0,1,0,0,0,0,0,0
2,4506466,1,6.00,A,A,1,0,1,0,0,0,0,0,0,1,0,0,0,0,0,0
2,4505922,1,4.00,A,A,1,0,1,0,0,0,0,0,0,1,0,0,0,0,0,0
2,4507465,1,3.00,A,A,1,0,0,1,0,0,0,0,0,1,0,0,0,0,0,1
2,4505537,1,3.00,A,A,1,1,0,0,0,0,0,0,0,1,0,0,0,0,0,1
2,4506189,1,6.00,A,A,1,0,1,0,0,0,0,0,0,1,0,0,0,0,0,0
2,4506823,1,6.00,A,A,1,0,1,0,0,0,0,0,0,1,0,0,0,0,0,0
2,4506851,1,4.00,A,A,1,0,0,0,1,0,0,0,0,1,0,0,0,0,0,1
2,4507225,1,4.00,A,A,1,0,0,0,1,0,0,0,0,1,0,0,0,0,0,1
2,4505944,1,8.00,A,A,1,0,1,0,0,0,0,0,0,1,0,0,0,0,0,0
2,4507254,1,6.00,A,A,1,0,0,0,1,0,0,0,0,1,0,0,0,0,0,1
2,4506067,1,4.00,A,A,1,0,1,0,0,0,0,0,0,1,0,0,0,0,0,0
2,4507571,1,4.00,A,A,1,0,0,1,0,0,0,0,0,1,0,0,0,0,0,1
2,4507453,1,10.00,A,A,1,0,0,0,1,0,0,0,0,1,0,0,0,0,0,1
2,4506002,1,4.00,A,A,1,0,1,0,0,0,0,0,0,1,0,0,0,0,0,0
2,4506244,1,8.00,A,A,1,0,1,0,0,0,0,0,0,1,0,0,0,0,0,0
2,4505921,1,2.00,A,A,1,0,1,0,0,0,0,0,0,1,0,0,0,0,0,0
2,4506279,1,8.00,A,A,1,0,1,0,0,0,0,0,0,1,0,0,0,0,0,0
2,4506527,1,6.00,A,A,1,0,1,0,0,0,0,0,0,1,0,0,0,0,0,0
2,4506799,1,2.00,A,A,1,0,1,0,0,0,0,0,0,1,0,0,0,0,0,0
2,4506187,1,2.00,A,A,1,0,1,0,0,0,0,0,0,1,0,0,0,0,0,0
2,4507307,1,4.00,A,A,1,0,0,0,1,0,0,0,0,1,0,0,0,0,0,1
2,4506065,1,3.00,A,A,1,0,1,0,0,0,0,0,0,1,0,0,0,0,0,0
2,4506373,1,4.00,A,A,1,0,1,0,0,0,0,0,0,1,0,0,0,0,0,0
2,4507381,1,3.00,A,A,1,0,0,0,1,0,0,0,0,1,0,0,0,0,0,1
2,4506677,1,6.00,A,A,1,0,1,0,0,0,0,0,0,1,0,0,0,0,0,0
2,4507519,1,3.00,A,A,1,0,0,0,1,0,0,0,0,1,0,0,0,0,0,1
2,4506648,1,2.00,A,A,1,0,1,0,0,0,0,0,0,1,0,0,0,0,0,0
2,4506095,1,8.00,A,A,1,0,1,0,0,0,0,0,0,1,0,0,0,0,0,0
2,4506493,2,16.00,A,A,1,0,1,0,0,0,0,0,0,1,0,0,0,0,0,0
2,4506216,1,4.00,A,A,1,0,1,0,0,0,0,0,0,1,0,0,0,0,0,0
2,4506433,1,8.00,A,A,1,0,1,0,0,0,0,0,0,1,0,0,0,0,0,0
2,4505942,1,8.00,A,A,1,0,1,0,0,0,0,0,0,1,0,0,0,0,0,0
2,4506125,1,3.00,A,A,1,0,1,0,0,0,0,0,0,1,0,0,0,0,0,0
2,4506403,1,3.00,A,A,1,0,1,0,0,0,0,0,0,1,0,0,0,0,0,0
2,4506156,1,8.00,A,A,1,0,1,0,0,0,0,0,0,1,0,0,0,0,0,0
2,4506709,1,2.00,A,A,1,0,1,0,0,0,0,0,0,1,0,0,0,0,0,0
2,4505973,1,8.00,A,A,1,0,1,0,0,0,0,0,0,1,0,0,0,0,0,0
2,4506771,1,4.00,A,A,1,0,1,0,0,0,0,0,0,1,0,0,0,0,0,0
2,4505900,1,6.00,A,A,1,1,0,0,0,0,0,0,0,1,0,0,0,0,0,1
2,4506555,1,4.00,A,A,1,0,1,0,0,0,0,0,0,1,0,0,0,0,0,0
2,4506659,2,16.00,A,A,1,0,1,0,0,0,0,0,0,1,0,0,0,0,0,0
2,4505611,1,3.00,A,A,1,1,0,0,0,0,0,0,0,1,0,0,0,0,0,1
2,4506280,1,2.00,A,A,1,0,1,0,0,0,0,0,0,1,0,0,0,0,0,0
2,4506243,1,2.00,A,A,1,0,1,0,0,0,0,0,0,1,0,0,0,0,0,0
2,4506066,1,8.00,A,A,1,0,1,0,0,0,0,0,0,1,0,0,0,0,0,0
2,4507498,1,4.00,A,A,1,0,0,0,1,0,0,0,0,1,0,0,0,0,0,1
2,4507443,1,4.00,A,A,1,0,0,1,0,0,0,0,0,1,0,0,0,0,0,1
2,4505863,1,8.00,A,A,1,1,0,0,0,0,0,0,0,1,0,0,0,0,0,1
2,4506853,1,8.00,A,A,1,0,0,0,1,0,0,0,0,1,0,0,0,0,0,1
2,4507195,1,8.00,A,A,1,0,0,0,1,0,0,0,0,1,0,0,0,0,0,1
2,4506830,1,4.00,A,A,1,0,1,0,0,0,0,0,0,1,0,0,0,0,0,0
2,4507296,1,2.00,A,A,1,0,0,1,0,0,0,0,0,1,0,0,0,0,0,1
2,4505272,1,2.00,A,A,1,1,0,0,0,0,0,0,0,1,0,0,0,0,0,1
2,4505899,1,4.00,A,A,1,1,0,0,0,0,0,0,0,1,0,0,0,0,0,1
2,4505538,1,2.00,A,A,1,1,0,0,0,0,0,0,0,1,0,0,0,0,0,1
2,4506595,1,4.00,A,A,1,0,1,0,0,0,0,0,0,1,0,0,0,0,0,0
2,4507517,1,6.00,A,A,1,0,0,0,1,0,0,0,0,1,0,0,0,0,0,1
2,4505360,1,2.00,A,A,1,1,0,0,0,0,0,0,0,1,0,0,0,0,0,1
2,4506621,1,4.00,A,A,1,0,1,0,0,0,0,0,0,1,0,0,0,0,0,0
2,4507052,1,2.00,A,A,1,0,0,0,1,0,0,0,0,1,0,0,0,0,0,1
2,4507536,1,4.00,A,A,1,0,0,0,1,0,0,0,0,1,0,0,0,0,0,1
2,4506377,1,2.00,A,A,1,0,1,0,0,0,0,0,0,1,0,0,0,0,0,0
2,4506884,1,3.00,A,A,1,0,0,0,1,0,0,0,0,1,0,0,0,0,0,1
2,4506589,1,4.00,A,A,1,0,1,0,0,0,0,0,0,1,0,0,0,0,0,0
2,4506035,1,3.00,A,A,1,0,1,0,0,0,0,0,0,1,0,0,0,0,0,0
2,4507276,1,4.00,A,A,1,0,0,0,1,0,0,0,0,1,0,0,0,0,0,1
2,4506469,1,8.00,A,A,1,0,1,0,0,0,0,0,0,1,0,0,0,0,0,0
2,4507577,1,4.00,A,A,1,0,0,0,1,0,0,0,0,1,0,0,0,0,0,1
2,4505978,1,4.00,A,A,1,0,1,0,0,0,0,0,0,1,0,0,0,0,0,0
2,4507527,1,4.00,A,A,1,0,0,0,0,1,0,0,0,1,0,0,0,0,0,1
2,4506882,1,8.00,A,A,1,0,0,0,1,0,0,0,0,1,0,0,0,0,0,1
2,4507114,1,8.00,A,A,1,0,0,0,1,0,0,0,0,1,0,0,0,0,0,1
2,4507025,1,6.00,A,A,1,0,0,0,1,0,0,0,0,1,0,0,0,0,0,1
2,4506074,1,6.00,A,A,1,0,1,0,0,0,0,0,0,1,0,0,0,0,0,0
2,4507494,1,2.00,A,A,1,0,0,0,1,0,0,0,0,1,0,0,0,0,0,1
2,4506871,1,6.00,A,A,1,0,0,1,0,0,0,0,0,1,0,0,0,0,0,1
2,4506636,1,2.00,A,A,1,0,0,1,0,0,0,0,0,1,0,0,0,0,0,1
2,4506850,1,8.00,A,A,1,0,0,0,1,0,0,0,0,1,0,0,0,0,0,1
2,4506713,1,2.00,A,A,1,0,1,0,0,0,0,0,0,1,0,0,0,0,0,0
2,4506381,1,6.00,A,A,1,0,1,0,0,0,0,0,0,1,0,0,0,0,0,0
2,4506657,1,6.00,A,A,1,0,1,0,0,0,0,0,0,1,0,0,0,0,0,0
2,4506069,1,6.00,A,A,1,0,1,0,0,0,0,0,0,1,0,0,0,0,0,0
2,4505634,1,4.00,A,A,1,1,0,0,0,0,0,0,0,1,0,0,0,0,0,1
2,4507262,1,4.00,A,A,1,0,0,0,0,1,0,0,0,1,0,0,0,0,0,1
2,4506881,1,6.00,A,A,1,0,0,0,1,0,0,0,0,1,0,0,0,0,0,1
2,4507083,1,6.00,A,A,1,0,0,0,1,0,0,0,0,1,0,0,0,0,0,1
2,4507112,1,4.00,A,A,1,0,0,0,1,0,0,0,0,1,0,0,0,0,0,1
2,4507140,1,8.00,A,A,1,0,0,0,1,0,0,0,0,1,0,0,0,0,0,1
2,4506287,1,2.00,A,A,1,0,1,0,0,0,0,0,0,1,0,0,0,0,0,0
2,4506135,2,16.00,A,A,1,0,1,0,0,0,0,0,0,1,0,0,0,0,0,0
2,4507618,2,12.00,A,A,1,0,0,0,1,0,0,0,0,1,0,0,0,0,0,1
2,4507223,2,16.00,A,A,1,0,0,0,1,0,0,0,0,1,0,0,0,0,0,1
2,4507379,2,16.00,A,A,1,0,0,0,1,0,0,0,0,1,0,0,0,0,0,1
2,4506686,1,6.00,A,A,1,0,1,0,0,0,0,0,0,1,0,0,0,0,0,0
2,4506344,1,8.00,A,A,1,0,1,0,0,0,0,0,0,1,0,0,0,0,0,0
2,4507487,1,2.00,A,A,1,0,0,1,0,0,0,0,0,1,0,0,0,0,0,1
2,4506681,1,8.00,A,A,1,0,1,0,0,0,0,0,0,1,0,0,0,0,0,0
2,4507495,1,6.00,A,A,1,0,0,0,1,0,0,0,0,1,0,0,0,0,0,1
2,4506825,1,2.00,A,A,1,0,1,0,0,0,0,0,0,1,0,0,0,0,0,0
2,4506936,1,6.00,A,A,1,0,0,0,1,0,0,0,0,1,0,0,0,0,0,1
2,4507578,1,4.00,A,A,1,0,0,0,1,0,0,0,0,1,0,0,0,0,0,1
2,4507094,1,3.00,A,A,1,0,0,0,0,1,0,0,0,1,0,0,0,0,0,1
2,4507537,1,2.00,A,A,1,0,0,0,1,0,0,0,0,1,0,0,0,0,0,1
2,4506308,1,6.00,A,A,1,0,1,0,0,0,0,0,0,1,0,0,0,0,0,0
2,4506652,1,6.00,A,A,1,0,1,0,0,0,0,0,0,1,0,0,0,0,0,0
2,4507638,1,2.00,A,A,1,0,0,0,0,1,0,0,0,1,0,0,0,0,0,1
2,4506160,1,2.00,A,A,1,0,1,0,0,0,0,0,0,1,0,0,0,0,0,0
2,4506855,1,4.00,A,A,1,0,1,0,0,0,0,0,0,1,0,0,0,0,0,0
2,4507461,1,2.00,A,A,1,0,0,0,0,1,0,0,0,1,0,0,0,0,0,1
2,4507473,1,4.00,A,A,1,0,0,0,1,0,0,0,0,1,0,0,0,0,0,1
2,4507412,1,4.00,A,A,1,0,0,0,0,1,0,0,0,1,0,0,0,0,0,1
2,4506946,1,6.00,A,A,1,0,0,0,1,0,0,0,0,1,0,0,0,0,0,1
2,4507484,1,4.00,A,A,1,0,0,0,0,1,0,0,0,1,0,0,0,0,0,1
2,4507178,1,2.00,A,A,1,0,0,0,1,0,0,0,0,1,0,0,0,0,0,1
2,4507063,1,10.00,A,A,1,0,0,0,1,0,0,0,0,1,0,0,0,0,0,1
2,4507207,1,4.00,A,A,1,0,0,0,0,1,0,0,0,1,0,0,0,0,0,1
2,4507621,1,2.00,A,A,1,0,0,0,1,0,0,0,0,1,0,0,0,0,0,1
2,4507482,1,3.00,A,A,1,0,0,0,1,0,0,0,0,1,0,0,0,0,0,1
2,4507454,1,2.00,A,A,1,0,0,0,1,0,0,0,0,1,0,0,0,0,0,1
2,4507201,1,8.00,A,A,1,0,0,0,1,0,0,0,0,1,0,0,0,0,0,1
2,4507334,1,6.00,A,A,1,0,0,0,1,0,0,0,0,1,0,0,0,0,0,1
2,4507396,1,8.00,A,A,1,0,0,1,0,0,0,0,0,1,0,0,0,0,0,1
2,4506696,1,6.00,A,A,1,0,0,1,0,0,0,0,0,1,0,0,0,0,0,1
2,4506295,1,4.00,A,A,1,0,1,0,0,0,0,0,0,1,0,0,0,0,0,0
2,4507468,1,3.00,A,A,1,0,0,1,0,0,0,0,0,1,0,0,0,0,0,1
2,4507012,1,4.00,A,A,1,0,1,0,0,0,0,0,0,1,0,0,0,0,0,0
2,4506787,1,6.00,A,A,1,0,1,0,0,0,0,0,0,1,0,0,0,0,0,0
2,4506468,1,12.00,E,E,1,0,1,0,0,0,0,0,0,1,0,0,0,0,0,0
2,4506463,1,4.00,E,E,1,0,1,0,0,0,0,0,0,1,0,0,0,0,0,0
2,4506063,1,4.00,O,E,1,0,1,0,0,0,0,0,0,1,0,0,0,0,0,1
2,4506556,1,4.00,E,E,1,0,1,0,0,0,0,0,0,1,0,0,0,0,0,0
2,4506491,1,4.00,E,E,1,0,1,0,0,0,0,0,0,1,0,0,0,0,0,0
2,4506097,1,4.00,E,E,1,0,1,0,0,0,0,0,0,1,0,0,0,0,0,0
2,4506310,1,2.00,E,E,1,0,1,0,0,0,0,0,0,1,0,0,0,0,0,0
2,4506093,1,6.00,E,E,1,0,1,0,0,0,0,0,0,1,0,0,0,0,0,0
2,4506371,1,4.00,E,E,1,0,1,0,0,0,0,0,0,1,0,0,0,0,0,0
2,4506154,1,2.00,E,E,1,0,1,0,0,0,0,0,0,1,0,0,0,0,0,0
2,4506040,1,4.00,E,E,1,0,1,0,0,0,0,0,0,1,0,0,0,0,0,0
2,4506615,1,4.00,E,E,1,0,1,0,0,0,0,0,0,1,0,0,0,0,0,0
2,4506706,1,4.00,E,E,1,0,1,0,0,0,0,0,0,1,0,0,0,0,0,0
2,4506492,1,2.00,E,E,1,0,1,0,0,0,0,0,0,1,0,0,0,0,0,0
2,4506005,1,2.00,E,E,1,0,1,0,0,0,0,0,0,1,0,0,0,0,0,0
2,4506471,1,3.00,E,E,1,0,1,0,0,0,0,0,0,1,0,0,0,0,0,0
2,4506676,1,2.00,E,E,1,0,1,0,0,0,0,0,0,1,0,0,0,0,0,0
2,4506560,1,6.00,E,E,1,0,1,0,0,0,0,0,0,1,0,0,0,0,0,0
2,4506646,1,2.00,E,E,1,0,1,0,0,0,0,0,0,1,0,0,0,0,0,0
2,4506372,1,4.00,E,E,1,0,1,0,0,0,0,0,0,1,0,0,0,0,0,0
2,4506277,1,6.00,E,E,1,0,1,0,0,0,0,0,0,1,0,0,0,0,0,0
2,4506402,1,6.00,E,E,1,0,1,0,0,0,0,0,0,1,0,0,0,0,0,0
2,4506432,1,2.00,E,E,1,0,1,0,0,0,0,0,0,1,0,0,0,0,0,0
2,4506682,1,8.00,E,E,1,0,1,0,0,0,0,0,0,1,0,0,0,0,0,0
2,4505977,1,3.00,E,E,1,0,1,0,0,0,0,0,0,1,0,0,0,0,0,0
2,4506220,1,2.00,E,E,1,0,1,0,0,0,0,0,0,1,0,0,0,0,0,0
2,4506626,1,4.00,E,E,1,0,1,0,0,0,0,0,0,1,0,0,0,0,0,0
2,4506431,1,4.00,E,E,1,0,1,0,0,0,0,0,0,1,0,0,0,0,0,0
2,4505918,1,2.00,E,E,1,0,1,0,0,0,0,0,0,1,0,0,0,0,0,0
2,4506338,1,4.00,E,E,1,0,1,0,0,0,0,0,0,1,0,0,0,0,0,0
2,4505423,2,16.00,A,A,3,0,0,1,1,1,0,0,0,0,1,1,1,0,0,0
2,4506845,1,4.00,A,A,2,0,0,1,0,1,0,0,0,0,1,0,1,0,0,0
2,4507157,1,8.00,A,A,2,0,0,1,0,1,0,0,0,0,1,0,1,0,0,0
2,4507374,1,8.00,A,A,2,0,0,1,0,1,0,0,0,0,1,0,1,0,0,0
2,4507078,1,6.00,A,A,2,0,0,1,0,1,0,0,0,0,1,0,1,0,0,0
2,4507326,1,10.00,A,A,2,0,0,1,0,1,0,0,0,0,1,0,1,0,0,0
2,4505936,1,2.00,A,A,1,1,0,0,0,0,0,0,0,0,1,0,0,0,0,1
2,4506596,1,8.00,A,A,1,0,1,0,0,0,0,0,0,0,1,0,0,0,0,1
2,4507518,1,4.00,A,A,1,0,0,0,1,0,0,0,0,0,1,0,0,0,0,1
2,4506988,1,8.00,A,A,1,0,0,1,0,0,0,0,0,0,1,0,0,0,0,0
2,4506275,1,4.00,A,A,1,0,1,0,0,0,0,0,0,0,1,0,0,0,0,1
2,4506152,1,4.00,A,A,1,0,1,0,0,0,0,0,0,0,1,0,0,0,0,1
2,4506003,1,6.00,A,A,1,0,1,0,0,0,0,0,0,0,1,0,0,0,0,1
2,4507189,1,4.00,A,A,1,0,0,1,0,0,0,0,0,0,1,0,0,0,0,0
2,4507244,1,2.00,A,A,1,0,0,1,0,0,0,0,0,0,1,0,0,0,0,0
2,4506033,1,2.00,A,A,1,0,1,0,0,0,0,0,0,0,1,0,0,0,0,1
2,4507601,1,2.00,A,A,1,0,0,0,1,0,0,0,0,0,1,0,0,0,0,1
2,4506875,1,2.00,A,A,1,0,0,1,0,0,0,0,0,0,1,0,0,0,0,0
2,4506930,2,16.00,A,A,1,0,0,1,0,0,0,0,0,0,1,0,0,0,0,0
2,4507656,1,4.00,A,A,1,0,0,0,0,1,0,0,0,0,1,0,0,0,0,1
2,4506976,1,8.00,A,A,1,0,0,0,0,1,0,0,0,0,1,0,0,0,0,1
2,4507592,1,4.00,A,A,1,0,0,1,0,0,0,0,0,0,1,0,0,0,0,0
2,4506724,1,8.00,A,A,1,0,1,0,0,0,0,0,0,0,1,0,0,0,0,1
2,4507018,1,4.00,A,A,1,0,0,1,0,0,0,0,0,0,1,0,0,0,0,0
2,4507418,1,4.00,A,A,1,0,0,1,0,0,0,0,0,0,1,0,0,0,0,0
2,4506920,1,8.00,A,A,1,0,1,0,0,0,0,0,0,0,1,0,0,0,0,1
2,4506959,1,6.00,A,A,1,0,0,1,0,0,0,0,0,0,1,0,0,0,0,0
2,4507086,1,4.00,A,A,1,0,0,0,1,0,0,0,0,0,1,0,0,0,0,1
2,4506405,1,4.00,A,A,1,0,1,0,0,0,0,0,0,0,1,0,0,0,0,1
2,4505923,1,4.00,A,A,1,0,1,0,0,0,0,0,0,0,1,0,0,0,0,1
2,4506495,1,6.00,A,A,1,0,1,0,0,0,0,0,0,0,1,0,0,0,0,1
2,4507019,1,4.00,A,A,1,0,0,1,0,0,0,0,0,0,1,0,0,0,0,0
2,4506876,1,6.00,A,A,1,0,0,1,0,0,0,0,0,0,1,0,0,0,0,0
2,4506557,1,8.00,A,A,1,0,1,0,0,0,0,0,0,0,1,0,0,0,0,1
2,4507135,1,6.00,A,A,1,0,0,1,0,0,0,0,0,0,1,0,0,0,0,0
2,4507190,1,4.00,A,A,1,0,0,1,0,0,0,0,0,0,1,0,0,0,0,0
2,4506254,1,2.00,A,A,1,0,1,0,0,0,0,0,0,0,1,0,0,0,0,1
2,4506253,1,4.00,A,A,1,0,1,0,0,0,0,0,0,0,1,0,0,0,0,1
2,4507572,1,4.00,A,A,1,0,0,1,0,0,0,0,0,0,1,0,0,0,0,0
2,4506822,1,2.00,A,A,1,0,0,1,0,0,0,0,0,0,1,0,0,0,0,0
2,4507245,1,4.00,A,A,1,0,0,1,0,0,0,0,0,0,1,0,0,0,0,0
2,4507107,1,2.00,A,A,1,0,0,1,0,0,0,0,0,0,1,0,0,0,0,0
2,4507444,1,4.00,A,A,1,0,0,1,0,0,0,0,0,0,1,0,0,0,0,0
2,4507047,1,2.00,A,A,1,0,0,1,0,0,0,0,0,0,1,0,0,0,0,0
2,4506043,1,2.00,A,A,1,0,1,0,0,0,0,0,0,0,1,0,0,0,0,1
2,4507162,1,2.00,A,A,1,0,0,1,0,0,0,0,0,0,1,0,0,0,0,0
2,4507226,1,3.00,A,A,1,0,0,0,1,0,0,0,0,0,1,0,0,0,0,1
2,4507358,1,3.00,A,A,1,0,0,0,1,0,0,0,0,0,1,0,0,0,0,1
2,4507467,1,4.00,A,A,1,0,0,1,0,0,0,0,0,0,1,0,0,0,0,0
2,4506898,1,4.00,A,A,1,0,0,1,0,0,0,0,0,0,1,0,0,0,0,0
2,4507255,1,4.00,A,A,1,0,0,0,1,0,0,0,0,0,1,0,0,0,0,1
2,4507631,1,2.00,A,A,1,0,0,0,1,0,0,0,0,0,1,0,0,0,0,1
2,4507308,1,4.00,A,A,1,0,0,0,1,0,0,0,0,0,1,0,0,0,0,1
2,4506693,1,2.00,A,A,1,0,1,0,0,0,0,0,0,0,1,0,0,0,0,1
2,4507419,1,3.00,A,A,1,0,0,1,0,0,0,0,0,0,1,0,0,0,0,0
2,4507476,1,2.00,A,A,1,0,0,0,1,0,0,0,0,0,1,0,0,0,0,1
2,4506889,1,4.00,A,A,1,0,1,0,0,0,0,0,0,0,1,0,0,0,0,1
2,4506908,1,8.00,A,A,1,0,0,0,1,0,0,0,0,0,1,0,0,0,0,1
2,4507272,1,4.00,A,A,1,0,0,1,0,0,0,0,0,0,1,0,0,0,0,0
2,4507647,1,8.00,A,A,1,0,0,0,1,0,0,0,0,0,1,0,0,0,0,1
2,4507607,1,3.00,A,A,1,0,0,0,1,0,0,0,0,0,1,0,0,0,0,1
2,4506664,1,8.00,A,A,1,0,1,0,0,0,0,0,0,0,1,0,0,0,0,1
2,4506753,1,6.00,A,A,1,0,1,0,0,0,0,0,0,0,1,0,0,0,0,1
2,4505943,1,3.00,A,A,1,0,1,0,0,0,0,0,0,0,1,0,0,0,0,1
2,4507046,1,3.00,A,A,1,0,0,1,0,0,0,0,0,0,1,0,0,0,0,0
2,4506570,1,3.00,A,A,1,0,1,0,0,0,0,0,0,0,1,0,0,0,0,1
2,4507424,1,2.00,A,A,1,0,0,1,0,0,0,0,0,0,1,0,0,0,0,0
2,4507072,1,4.00,A,A,1,0,1,0,0,0,0,0,0,0,1,0,0,0,0,1
2,4506441,1,8.00,A,A,1,0,1,0,0,0,0,0,0,0,1,0,0,0,0,1
2,4507556,1,2.00,A,A,1,0,0,0,1,0,0,0,0,0,1,0,0,0,0,1
2,4507377,1,2.00,A,A,1,0,0,0,1,0,0,0,0,0,1,0,0,0,0,1
2,4506831,1,4.00,A,A,1,0,1,0,0,0,0,0,0,0,1,0,0,0,0,1
2,4506136,1,2.00,A,A,1,0,1,0,0,0,0,0,0,0,1,0,0,0,0,1
2,4506197,1,3.00,A,A,1,0,1,0,0,0,0,0,0,0,1,0,0,0,0,1
2,4506311,1,4.00,A,A,1,0,1,0,0,0,0,0,0,0,1,0,0,0,0,1
2,4506248,1,3.00,A,A,1,0,1,0,0,0,0,0,0,0,1,0,0,0,0,1
2,4507340,1,6.00,A,A,1,0,0,0,1,0,0,0,0,0,1,0,0,0,0,1
2,4506226,1,4.00,A,A,1,0,1,0,0,0,0,0,0,0,1,0,0,0,0,1
2,4506102,1,6.00,A,A,1,0,1,0,0,0,0,0,0,0,1,0,0,0,0,1
2,4506314,1,2.00,A,A,1,0,1,0,0,0,0,0,0,0,1,0,0,0,0,1
2,4505520,1,2.00,A,A,1,1,0,0,0,0,0,0,0,0,1,0,0,0,0,1
2,4506915,1,8.00,A,A,1,0,0,0,1,0,0,0,0,0,1,0,0,0,0,1
2,4507566,1,2.00,A,A,1,0,0,0,1,0,0,0,0,0,1,0,0,0,0,1
2,4505952,1,8.00,A,A,1,0,1,0,0,0,0,0,0,0,1,0,0,0,0,1
2,4506726,1,6.00,A,A,1,0,1,0,0,0,0,0,0,0,1,0,0,0,0,1
2,4506754,1,2.00,A,A,1,0,1,0,0,0,0,0,0,0,1,0,0,0,0,1
2,4506981,1,2.00,A,A,1,0,1,0,0,0,0,0,0,0,1,0,0,0,0,1
2,4506963,1,2.00,A,A,1,0,0,1,0,0,0,0,0,0,1,0,0,0,0,0
2,4506993,1,6.00,A,A,1,0,0,1,0,0,0,0,0,0,1,0,0,0,0,0
2,4506196,1,2.00,A,A,1,0,1,0,0,0,0,0,0,0,1,0,0,0,0,1
2,4506779,1,6.00,A,A,1,0,1,0,0,0,0,0,0,0,1,0,0,0,0,1
2,4507232,1,2.00,A,A,1,0,0,0,1,0,0,0,0,0,1,0,0,0,0,1
2,4506666,1,4.00,A,A,1,0,1,0,0,0,0,0,0,0,1,0,0,0,0,1
2,4507504,1,6.00,A,A,1,0,0,0,1,0,0,0,0,0,1,0,0,0,0,1
2,4507167,1,8.00,A,A,1,0,0,1,0,0,0,0,0,0,1,0,0,0,0,0
2,4505617,1,8.00,A,A,1,1,0,0,0,0,0,0,0,0,1,0,0,0,0,1
2,4507597,1,4.00,A,A,1,0,0,1,0,0,0,0,0,0,1,0,0,0,0,0
2,4506536,1,4.00,A,A,1,0,1,0,0,0,0,0,0,0,1,0,0,0,0,1
2,4506251,1,4.00,A,A,1,0,1,0,0,0,0,0,0,0,1,0,0,0,0,1
2,4506658,1,2.00,A,A,1,0,1,0,0,0,0,0,0,0,1,0,0,0,0,1
2,4507546,1,2.00,A,A,1,0,0,0,1,0,0,0,0,0,1,0,0,0,0,1
2,4507449,1,4.00,A,A,1,0,0,1,0,0,0,0,0,0,1,0,0,0,0,0
2,4507329,1,8.00,A,A,1,0,0,0,1,0,0,0,0,0,1,0,0,0,0,1
2,4506350,1,4.00,A,A,1,0,1,0,0,0,0,0,0,0,1,0,0,0,0,1
2,4507587,1,6.00,A,A,1,0,0,0,1,0,0,0,0,0,1,0,0,0,0,1
2,4507637,1,3.00,A,A,1,0,0,0,1,0,0,0,0,0,1,0,0,0,0,1
2,4506974,1,2.00,A,A,1,0,0,0,1,0,0,0,0,0,1,0,0,0,0,1
2,4507122,1,2.00,A,A,1,0,0,0,1,0,0,0,0,0,1,0,0,0,0,1
2,4506573,1,6.00,A,A,1,0,0,1,0,0,0,0,0,0,1,0,0,0,0,0
2,4506979,1,4.00,A,A,1,0,1,0,0,0,0,0,0,0,1,0,0,0,0,1
2,4507033,1,3.00,A,A,1,0,0,0,1,0,0,0,0,0,1,0,0,0,0,1
2,4507129,1,4.00,A,A,1,0,1,0,0,0,0,0,0,0,1,0,0,0,0,1
2,4507515,1,6.00,A,A,1,0,0,0,1,0,0,0,0,0,1,0,0,0,0,1
2,4507250,1,4.00,A,A,1,0,0,0,1,0,0,0,0,0,1,0,0,0,0,1
2,4507286,1,8.00,A,A,1,0,0,0,1,0,0,0,0,0,1,0,0,0,0,1
2,4506382,1,4.00,A,A,1,0,1,0,0,0,0,0,0,0,1,0,0,0,0,1
2,4506953,1,3.00,A,A,1,0,0,1,0,0,0,0,0,0,1,0,0,0,0,0
2,4507450,1,2.00,A,A,1,0,0,0,1,0,0,0,0,0,1,0,0,0,0,1
2,4505428,1,6.00,A,A,1,1,0,0,0,0,0,0,0,0,1,0,0,0,0,1
2,4506502,1,4.00,A,A,1,0,1,0,0,0,0,0,0,0,1,0,0,0,0,1
2,4506011,1,2.00,A,A,1,0,1,0,0,0,0,0,0,0,1,0,0,0,0,1
2,4506166,1,4.00,A,A,1,0,1,0,0,0,0,0,0,0,1,0,0,0,0,1
2,4506924,1,3.00,A,A,1,0,0,1,0,0,0,0,0,0,1,0,0,0,0,0
2,4506227,1,2.00,A,A,1,0,1,0,0,0,0,0,0,0,1,0,0,0,0,1
2,4506892,1,2.00,A,A,1,0,0,1,0,0,0,0,0,0,1,0,0,0,0,0
2,4506348,2,4.00,A,A,1,0,1,0,0,0,0,0,0,0,1,0,0,0,0,1
2,4506537,1,8.00,A,A,1,0,1,0,0,0,0,0,0,0,1,0,0,0,0,1
2,4507354,1,8.00,A,A,1,0,0,0,1,0,0,0,0,0,1,0,0,0,0,1
2,4506983,1,6.00,A,A,1,0,0,1,0,0,0,0,0,0,1,0,0,0,0,0
2,4506142,1,6.00,A,A,1,1,0,0,0,0,0,0,0,0,1,0,0,0,0,1
2,4506789,1,4.00,A,A,1,0,0,1,0,0,0,0,0,0,1,0,0,0,0,0
2,4507593,1,8.00,A,A,1,0,0,1,0,0,0,0,0,0,1,0,0,0,0,0
2,4506412,1,6.00,A,A,1,0,1,0,0,0,0,0,0,0,1,0,0,0,0,1
2,4507350,1,2.00,E,E,1,0,0,1,0,0,0,0,0,0,1,0,0,0,0,0
2,4507298,1,4.00,E,E,1,0,0,1,0,0,0,0,0,0,1,0,0,0,0,0
2,4507121,1,2.00,A,A,1,0,0,0,1,0,0,0,0,0,0,1,0,0,0,0
2,4505249,3,24.00,A,A,2,0,0,0,1,1,0,0,0,0,0,1,1,0,0,0
2,4506723,1,2.00,A,A,1,0,1,0,0,0,0,0,0,0,0,1,0,0,0,1
2,4507448,1,4.00,A,A,1,0,0,1,0,0,0,0,0,0,0,1,0,0,0,1
2,4506728,1,8.00,A,A,1,0,1,0,0,0,0,0,0,0,0,1,0,0,0,1
2,4507082,1,2.00,A,A,1,0,0,0,1,0,0,0,0,0,0,1,0,0,0,0
2,4505667,1,8.00,A,A,1,1,0,0,0,0,0,0,0,0,0,1,0,0,0,1
2,4505668,2,16.00,A,A,1,0,0,0,0,1,0,0,0,0,0,1,0,0,0,1
2,4507041,1,2.00,A,A,1,0,1,0,0,0,0,0,0,0,0,1,0,0,0,1
2,4506829,1,6.00,A,A,1,0,1,0,0,0,0,0,0,0,0,1,0,0,0,1
2,4506777,1,2.00,A,A,1,0,1,0,0,0,0,0,0,0,0,1,0,0,0,1
2,4506582,1,4.00,A,A,1,1,0,0,0,0,0,0,0,0,0,1,0,0,0,1
2,4507038,1,4.00,A,A,1,0,1,0,0,0,0,0,0,0,0,1,0,0,0,1
2,4507000,1,2.00,A,A,1,0,0,0,1,0,0,0,0,0,0,1,0,0,0,0
2,4507228,1,6.00,A,A,1,0,0,0,1,0,0,0,0,0,0,1,0,0,0,0
2,4506566,1,3.00,A,A,1,0,1,0,0,0,0,0,0,0,0,1,0,0,0,1
2,4506691,1,6.00,A,A,1,0,1,0,0,0,0,0,0,0,0,1,0,0,0,1
2,4506210,1,6.00,A,A,1,1,0,0,0,0,0,0,0,0,0,1,0,0,0,1
2,4506321,1,8.00,A,A,1,0,1,0,0,0,0,0,0,0,0,1,0,0,0,1
2,4506866,1,6.00,A,A,1,0,1,0,0,0,0,0,0,0,0,1,0,0,0,1
2,4507505,1,2.00,A,A,1,0,0,0,1,0,0,0,0,0,0,1,0,0,0,0
2,4507123,1,2.00,A,A,1,0,0,0,1,0,0,0,0,0,0,1,0,0,0,0
2,4507567,1,2.00,A,A,1,0,0,0,1,0,0,0,0,0,0,1,0,0,0,0
2,4507436,1,2.00,A,A,1,0,0,0,1,0,0,0,0,0,0,1,0,0,0,0
2,4507365,1,2.00,A,A,1,0,0,0,1,0,0,0,0,0,0,1,0,0,0,0
2,4507216,1,4.00,A,A,1,0,0,1,0,0,0,0,0,0,0,1,0,0,0,1
2,4506257,1,2.00,A,A,1,0,1,0,0,0,0,0,0,0,0,1,0,0,0,1
2,4506418,1,2.00,A,A,1,0,1,0,0,0,0,0,0,0,0,1,0,0,0,1
2,4507608,1,2.00,A,A,1,0,0,0,1,0,0,0,0,0,0,1,0,0,0,0
2,4506949,1,2.00,A,A,1,0,1,0,0,0,0,0,0,0,0,1,0,0,0,1
2,4506998,1,6.00,A,A,1,0,0,0,1,0,0,0,0,0,0,1,0,0,0,0
2,4507231,1,4.00,A,A,1,0,0,0,1,0,0,0,0,0,0,1,0,0,0,0
2,4507032,1,2.00,A,A,1,0,0,0,1,0,0,0,0,0,0,1,0,0,0,0
2,4507481,1,6.00,A,A,1,0,0,0,1,0,0,0,0,0,0,1,0,0,0,0
2,4507586,1,3.00,A,A,1,0,0,0,1,0,0,0,0,0,0,1,0,0,0,0
2,4507532,1,6.00,A,A,1,0,0,1,0,0,0,0,0,0,0,1,0,0,0,1
2,4506320,1,4.00,A,A,1,0,1,0,0,0,0,0,0,0,0,1,0,0,0,1
2,4506814,1,2.00,A,A,1,0,1,0,0,0,0,0,0,0,0,1,0,0,0,1
2,4507172,1,2.00,A,A,1,0,0,0,1,0,0,0,0,0,0,1,0,0,0,0
2,4506844,1,4.00,A,A,1,0,0,1,0,0,0,0,0,0,0,1,0,0,0,1
2,4507205,1,2.00,A,A,1,0,0,0,1,0,0,0,0,0,0,1,0,0,0,0
2,4506717,1,6.00,A,A,1,0,1,0,0,0,0,0,0,0,0,1,0,0,0,1
2,4507472,1,3.00,A,A,1,0,0,0,1,0,0,0,0,0,0,1,0,0,0,0
2,4506474,1,3.00,A,A,1,0,1,0,0,0,0,0,0,0,0,1,0,0,0,1
2,4506551,3,24.00,A,A,1,0,0,1,0,0,0,0,0,0,0,1,0,0,0,1
2,4505248,2,16.00,A,A,1,1,0,0,0,0,0,0,0,0,0,1,0,0,0,1
2,4506975,1,2.00,A,A,1,0,0,0,1,0,0,0,0,0,0,1,0,0,0,0
2,4506356,1,2.00,A,A,1,0,1,0,0,0,0,0,0,0,0,1,0,0,0,1
2,4507438,1,4.00,A,A,1,0,0,0,0,1,0,0,0,0,0,1,0,0,0,1
2,4506522,1,6.00,A,A,1,1,0,0,0,0,0,0,0,0,0,1,0,0,0,1
2,4506542,1,6.00,A,A,1,0,1,0,0,0,0,0,0,0,0,1,0,0,0,1
2,4507462,1,4.00,A,A,1,0,0,0,0,1,0,0,0,0,0,1,0,0,0,1
2,4506812,1,2.00,A,A,1,0,1,0,0,0,0,0,0,0,0,1,0,0,0,1
2,4506046,1,2.00,A,A,1,0,1,0,0,0,0,0,0,0,0,1,0,0,0,1
2,4506847,1,2.00,A,A,1,0,0,1,0,0,0,0,0,0,0,1,0,0,0,1
2,4507111,1,2.00,A,A,1,0,0,1,0,0,0,0,0,0,0,1,0,0,0,1
2,4506942,1,2.00,A,A,1,0,0,0,1,0,0,0,0,0,0,1,0,0,0,0
2,4507352,1,6.00,A,A,1,0,0,1,0,0,0,0,0,0,0,1,0,0,0,1
2,4507301,1,8.00,A,A,1,0,0,1,0,0,0,0,0,0,0,1,0,0,0,1
2,4506901,1,6.00,A,A,1,0,0,1,0,0,0,0,0,0,0,1,0,0,0,1
2,4507471,1,8.00,A,A,1,0,0,1,0,0,0,0,0,0,0,1,0,0,0,1
2,4507059,1,3.00,A,A,1,0,0,0,1,0,0,0,0,0,0,1,0,0,0,0
2,4506991,1,2.00,A,A,1,0,0,1,0,0,0,0,0,0,0,1,0,0,0,1
2,4507569,1,8.00,A,A,1,0,0,0,0,1,0,0,0,0,0,1,0,0,0,1
2,4507203,1,8.00,A,A,1,0,0,0,1,0,0,0,0,0,0,1,0,0,0,0
2,4505985,1,8.00,A,A,1,0,1,0,0,0,0,0,0,0,0,1,0,0,0,1
2,4507181,1,2.00,A,A,1,0,0,0,0,1,0,0,0,0,0,1,0,0,0,1
2,4506948,1,10.00,A,A,1,0,1,0,0,0,0,0,0,0,0,1,0,0,0,1
2,4506961,2,12.00,A,A,1,0,0,1,0,0,0,0,0,0,0,1,0,0,0,1
2,4507283,1,2.00,A,A,1,0,0,0,1,0,0,0,0,0,0,1,0,0,0,0
2,4507060,1,6.00,A,A,1,0,0,0,1,0,0,0,0,0,0,1,0,0,0,0
2,4506386,1,8.00,A,A,1,0,1,0,0,0,0,0,0,0,0,1,0,0,0,1
2,4507625,1,6.00,A,A,1,0,0,0,1,0,0,0,0,0,0,1,0,0,0,0
2,4507194,1,8.00,A,A,1,0,0,1,0,0,0,0,0,0,0,1,0,0,0,1
2,4506171,1,6.00,A,A,1,0,1,0,0,0,0,0,0,0,0,1,0,0,0,1
2,4506766,1,2.00,A,A,1,1,0,0,0,0,0,0,0,0,0,1,0,0,0,1
2,4507051,1,3.00,A,A,1,0,0,1,0,0,0,0,0,0,0,1,0,0,0,1
2,4506943,1,2.00,A,A,1,0,0,0,1,0,0,0,0,0,0,1,0,0,0,0
2,4506317,1,6.00,A,A,1,0,1,0,0,0,0,0,0,0,0,1,0,0,0,1
2,4506444,1,4.00,A,A,1,0,1,0,0,0,0,0,0,0,0,1,0,0,0,1
2,4507081,1,8.00,A,A,1,0,0,1,0,0,0,0,0,0,0,1,0,0,0,1
2,4506354,1,2.00,A,A,1,0,1,0,0,0,0,0,0,0,0,1,0,0,0,1
2,4507635,1,8.00,A,A,1,0,0,0,1,0,0,0,0,0,0,1,0,0,0,0
2,4507576,1,8.00,A,A,1,0,0,1,0,0,0,0,0,0,0,1,0,0,0,1
2,4507312,1,6.00,A,A,1,0,0,0,1,0,0,0,0,0,0,1,0,0,0,0
2,4507275,1,3.00,A,A,1,0,0,1,0,0,0,0,0,0,0,1,0,0,0,1
2,4506944,1,2.00,A,A,1,0,0,0,1,0,0,0,0,0,0,1,0,0,0,0
2,4506540,1,2.00,A,A,1,0,1,0,0,0,0,0,0,0,0,1,0,0,0,1
2,4507535,1,6.00,A,A,1,0,0,1,0,0,0,0,0,0,0,1,0,0,0,1
2,4507176,1,4.00,A,A,1,0,0,0,1,0,0,0,0,0,0,1,0,0,0,0
2,4507235,1,6.00,A,A,1,0,0,0,0,1,0,0,0,0,0,1,0,0,0,1
2,4506880,1,8.00,A,A,1,0,0,1,0,0,0,0,0,0,0,1,0,0,0,1
2,4507023,1,6.00,A,A,1,0,0,1,0,0,0,0,0,0,0,1,0,0,0,1
2,4507634,1,2.00,A,A,1,0,0,0,1,0,0,0,0,0,0,1,0,0,0,0
2,4506992,1,6.00,A,A,1,0,0,1,0,0,0,0,0,0,0,1,0,0,0,1
2,4507311,1,6.00,A,A,1,0,0,0,1,0,0,0,0,0,0,1,0,0,0,0
2,4507603,1,2.00,A,A,1,0,0,0,1,0,0,0,0,0,0,1,0,0,0,0
2,4506972,1,4.00,A,A,1,0,0,0,1,0,0,0,0,0,0,1,0,0,0,0
2,4506902,1,2.00,A,A,1,0,0,1,0,0,0,0,0,0,0,1,0,0,0,1
2,4506879,1,6.00,A,A,1,0,0,1,0,0,0,0,0,0,0,1,0,0,0,1
2,4506256,1,6.00,A,A,1,0,1,0,0,0,0,0,0,0,0,1,0,0,0,1
2,4507302,1,2.00,A,A,1,0,0,1,0,0,0,0,0,0,0,1,0,0,0,1
2,4507544,1,4.00,A,A,1,0,0,0,1,0,0,0,0,0,0,1,0,0,0,0
2,4507643,1,6.00,A,A,1,0,0,0,1,0,0,0,0,0,0,1,0,0,0,0
2,4507624,1,4.00,A,A,1,0,0,0,1,0,0,0,0,0,0,1,0,0,0,0
2,4506934,1,2.00,A,A,1,0,0,1,0,0,0,0,0,0,0,1,0,0,0,1
2,4506106,1,4.00,A,A,1,0,1,0,0,0,0,0,0,0,0,1,0,0,0,1
2,4507447,1,6.00,A,A,1,0,0,1,0,0,0,0,0,0,0,1,0,0,0,1
2,4506355,1,6.00,A,A,1,0,1,0,0,0,0,0,0,0,0,1,0,0,0,1
2,4506506,1,4.00,A,A,1,0,1,0,0,0,0,0,0,0,0,1,0,0,0,1
2,4507376,1,2.00,A,A,1,0,0,1,0,0,0,0,0,0,0,1,0,0,0,1
2,4507615,1,2.00,A,A,1,0,0,1,0,0,0,0,0,0,0,1,0,0,0,1
2,4506962,1,2.00,A,A,1,0,0,1,0,0,0,0,0,0,0,1,0,0,0,1
2,4506910,1,4.00,A,A,1,0,0,0,1,0,0,0,0,0,0,1,0,0,0,0
2,4506598,1,4.00,A,A,1,0,1,0,0,0,0,0,0,0,0,1,0,0,0,1
2,4506809,1,8.00,A,A,1,0,1,0,0,0,0,0,0,0,0,1,0,0,0,1
2,4507653,1,2.00,A,A,1,0,0,0,0,1,0,0,0,0,0,1,0,0,0,1
2,4506398,1,2.00,A,A,1,1,0,0,0,0,0,0,0,0,0,1,0,0,0,1
2,4506781,2,16.00,A,A,1,0,1,0,0,0,0,0,0,0,0,1,0,0,0,1
2,4506140,1,2.00,A,A,1,0,1,0,0,0,0,0,0,0,0,1,0,0,0,1
2,4507282,1,2.00,A,A,1,0,0,0,1,0,0,0,0,0,0,1,0,0,0,0
2,4507595,1,8.00,A,A,1,0,0,1,0,0,0,0,0,0,0,1,0,0,0,1
2,4507633,1,8.00,A,A,1,0,0,0,1,0,0,0,0,0,0,1,0,0,0,0
2,4506933,1,4.00,A,A,1,0,0,1,0,0,0,0,0,0,0,1,0,0,0,1
2,4507050,1,6.00,A,A,1,0,0,1,0,0,0,0,0,0,0,1,0,0,0,1
2,4507585,1,3.00,A,A,1,0,0,0,1,0,0,0,0,0,0,1,0,0,0,0
2,4507528,1,6.00,A,A,1,0,0,0,0,1,0,0,0,0,0,1,0,0,0,1
2,4507145,1,2.00,A,A,1,0,0,0,1,0,0,0,0,0,0,1,0,0,0,0
2,4507562,1,6.00,A,A,1,0,0,0,1,0,0,0,0,0,0,1,0,0,0,0
2,4506232,1,2.00,A,A,1,0,1,0,0,0,0,0,0,0,0,1,0,0,0,1
2,4506016,1,2.00,A,A,1,0,1,0,0,0,0,0,0,0,0,1,0,0,0,1
2,4507493,1,8.00,A,A,1,0,0,1,0,0,0,0,0,0,0,1,0,0,0,1
2,4506045,1,2.00,A,A,1,0,1,0,0,0,0,0,0,0,0,1,0,0,0,1
2,4507623,1,4.00,A,A,1,0,0,0,1,0,0,0,0,0,0,1,0,0,0,0
2,4506631,1,2.00,A,A,1,0,1,0,0,0,0,0,0,0,0,1,0,0,0,1
2,4506108,1,4.00,A,A,1,0,1,0,0,0,0,0,0,0,0,1,0,0,0,1
2,4507542,1,4.00,A,A,1,0,0,0,1,0,0,0,0,0,0,1,0,0,0,0
2,4507584,1,6.00,A,A,1,0,0,0,1,0,0,0,0,0,0,1,0,0,0,0
2,4506445,1,3.00,A,A,1,0,1,0,0,0,0,0,0,0,0,1,0,0,0,1
2,4507091,1,2.00,A,A,1,0,0,0,1,0,0,0,0,0,0,1,0,0,0,0
2,4506720,1,2.00,A,A,1,0,1,0,0,0,0,0,0,0,0,1,0,0,0,1
2,4507031,1,4.00,A,A,1,0,0,0,1,0,0,0,0,0,0,1,0,0,0,0
2,4507165,1,6.00,A,A,1,0,0,1,0,0,0,0,0,0,0,1,0,0,0,1
2,4507478,1,3.00,A,A,1,0,0,0,1,0,0,0,0,0,0,1,0,0,0,0
2,4506291,1,4.00,A,A,1,0,1,0,0,0,0,0,0,0,0,1,0,0,0,1
2,4507422,1,2.00,A,A,1,0,0,1,0,0,0,0,0,0,0,1,0,0,0,1
2,4506352,1,3.00,A,A,1,0,1,0,0,0,0,0,0,0,0,1,0,0,0,1
2,4506630,1,4.00,A,A,1,0,1,0,0,0,0,0,0,0,0,1,0,0,0,1
2,4507470,1,8.00,A,A,1,0,0,1,0,0,0,0,0,0,0,1,0,0,0,1
2,4507433,1,4.00,A,A,1,0,0,0,1,0,0,0,0,0,0,1,0,0,0,0
2,4507002,1,4.00,A,A,1,0,0,0,1,0,0,0,0,0,0,1,0,0,0,0
2,4507614,1,6.00,A,A,1,0,0,1,0,0,0,0,0,0,0,1,0,0,0,1
2,4507564,1,8.00,A,A,1,0,0,0,1,0,0,0,0,0,0,1,0,0,0,0
2,4507543,1,8.00,A,A,1,0,0,0,1,0,0,0,0,0,0,1,0,0,0,0
2,4507548,1,8.00,A,A,1,0,0,0,0,1,0,0,0,0,0,1,0,0,0,1
2,4506783,1,2.00,A,A,1,0,1,0,0,0,0,0,0,0,0,1,0,0,0,1
2,4506947,1,8.00,A,A,1,0,1,0,0,0,0,0,0,0,0,1,0,0,0,1
2,4507457,1,6.00,A,A,1,0,0,0,1,0,0,0,0,0,0,1,0,0,0,0
2,4507480,1,3.00,A,A,1,0,0,0,1,0,0,0,0,0,0,1,0,0,0,0
2,4507327,1,6.00,A,A,1,0,0,1,0,0,0,0,0,0,0,1,0,0,0,1
2,4507248,1,2.00,A,A,1,0,0,1,0,0,0,0,0,0,0,1,0,0,0,1
2,4507328,1,4.00,A,A,1,0,0,1,0,0,0,0,0,0,0,1,0,0,0,1
2,4506834,1,2.00,A,A,1,0,1,0,0,0,0,0,0,0,0,1,0,0,0,1
2,4507030,1,8.00,A,A,1,0,0,0,1,0,0,0,0,0,0,1,0,0,0,0
2,4507432,1,2.00,A,A,1,0,0,0,1,0,0,0,0,0,0,1,0,0,0,0
2,4507274,1,8.00,A,A,1,0,0,1,0,0,0,0,0,0,0,1,0,0,0,1
2,4507563,1,4.00,A,A,1,0,0,0,1,0,0,0,0,0,0,1,0,0,0,0
2,4507259,1,2.00,A,A,1,0,0,0,1,0,0,0,0,0,0,1,0,0,0,0
2,4507147,1,8.00,A,A,1,0,0,0,1,0,0,0,0,0,0,1,0,0,0,0
2,4507229,1,6.00,A,A,1,0,0,0,1,0,0,0,0,0,0,1,0,0,0,0
2,4507479,1,4.00,A,A,1,0,0,0,1,0,0,0,0,0,0,1,0,0,0,0
2,4506705,2,16.00,A,A,1,0,1,0,0,0,0,0,0,0,0,1,0,0,0,1
2,4507408,1,6.00,A,A,1,0,0,0,1,0,0,0,0,0,0,1,0,0,0,0
2,4507022,1,8.00,A,A,1,0,0,1,0,0,0,0,0,0,0,1,0,0,0,1
2,4507649,1,8.00,A,A,1,0,0,0,0,1,0,0,0,0,0,1,0,0,0,1
2,4507399,1,8.00,A,A,1,0,0,1,0,0,0,0,0,0,0,1,0,0,0,1
2,4507554,1,4.00,A,A,1,0,0,1,0,0,0,0,0,0,0,1,0,0,0,1
2,4507230,1,4.00,A,A,1,0,0,0,1,0,0,0,0,0,0,1,0,0,0,0
2,4507080,1,4.00,A,A,1,0,0,1,0,0,0,0,0,0,0,1,0,0,0,1
2,4507138,1,4.00,A,A,1,0,0,1,0,0,0,0,0,0,0,1,0,0,0,1
2,4506479,1,6.00,A,A,1,0,1,0,0,0,0,0,0,0,0,1,0,0,0,1
2,4506078,1,4.00,A,A,1,0,1,0,0,0,0,0,0,0,0,1,0,0,0,1
2,4507606,1,4.00,A,A,1,0,0,0,1,0,0,0,0,0,0,1,0,0,0,0
2,4507434,1,4.00,A,A,1,0,0,0,1,0,0,0,0,0,0,1,0,0,0,0
2,4507502,1,4.00,A,A,1,0,0,0,1,0,0,0,0,0,0,1,0,0,0,0
2,4506109,1,4.00,A,A,1,0,1,0,0,0,0,0,0,0,0,1,0,0,0,1
2,4506013,1,10.00,A,A,1,0,1,0,0,0,0,0,0,0,0,1,0,0,0,1
2,4507456,1,8.00,A,A,1,0,0,0,1,0,0,0,0,0,0,1,0,0,0,0
2,4507166,1,4.00,A,A,1,0,0,1,0,0,0,0,0,0,0,1,0,0,0,1
2,4507407,1,2.00,A,A,1,0,0,0,1,0,0,0,0,0,0,1,0,0,0,0
2,4507555,1,8.00,A,A,1,0,0,1,0,0,0,0,0,0,0,1,0,0,0,1
2,4507338,1,8.00,A,A,1,0,0,0,1,0,0,0,0,0,0,1,0,0,0,0
2,4507310,1,2.00,A,A,1,0,0,0,1,0,0,0,0,0,0,1,0,0,0,0
2,4506414,1,4.00,A,A,1,0,1,0,0,0,0,0,0,0,0,1,0,0,0,1
2,4507342,1,8.00,A,A,1,0,0,0,0,1,0,0,0,0,0,1,0,0,0,1
2,4507258,1,8.00,A,A,1,0,0,0,1,0,0,0,0,0,0,1,0,0,0,0
2,4507458,1,4.00,A,A,1,0,0,0,1,0,0,0,0,0,0,1,0,0,0,0
2,4507605,1,4.00,A,A,1,0,0,0,1,0,0,0,0,0,0,1,0,0,0,0
2,4507514,1,4.00,A,A,1,0,0,1,0,0,0,0,0,0,0,1,0,0,0,1
2,4507257,1,2.00,A,A,1,0,0,0,1,0,0,0,0,0,0,1,0,0,0,0
2,4506689,1,2.00,A,A,1,0,1,0,0,0,0,0,0,0,0,1,0,0,0,1
2,4507646,1,4.00,A,A,1,0,0,0,1,0,0,0,0,0,0,1,0,0,0,0
2,4506628,1,2.00,A,A,1,0,1,0,0,0,0,0,0,0,0,1,0,0,0,1
2,4506916,1,2.00,A,A,1,0,1,0,0,0,0,0,0,0,0,1,0,0,0,1
2,4506661,1,2.00,A,A,1,0,1,0,0,0,0,0,0,0,0,1,0,0,0,1
2,4506139,1,8.00,A,A,1,0,1,0,0,0,0,0,0,0,0,1,0,0,0,1
2,4506579,1,8.00,A,A,1,1,0,0,0,0,0,0,0,0,0,1,0,0,0,1
2,4507089,1,6.00,A,A,1,0,0,0,1,0,0,0,0,0,0,1,0,0,0,0
2,4506044,1,8.00,A,A,1,0,1,0,0,0,0,0,0,0,0,1,0,0,0,1
2,4506416,1,4.00,A,A,1,0,1,0,0,0,0,0,0,0,0,1,0,0,0,1
2,4507629,1,4.00,A,A,1,0,0,0,0,1,0,0,0,0,0,1,0,0,0,1
2,4507110,1,8.00,A,A,1,0,0,1,0,0,0,0,0,0,0,1,0,0,0,1
2,4507220,1,4.00,A,A,1,0,0,1,0,0,0,0,0,0,0,1,0,0,0,1
2,4507645,1,10.00,A,A,1,0,0,0,1,0,0,0,0,0,0,1,0,0,0,0
2,4507384,1,3.00,A,A,1,0,0,0,1,0,0,0,0,0,0,1,0,0,0,0
2,4507095,1,2.00,A,A,1,0,0,0,0,1,0,0,0,0,0,1,0,0,0,1
2,4506913,1,6.00,A,A,1,0,0,0,1,0,0,0,0,0,0,1,0,0,0,0
2,4507249,1,2.00,A,A,1,0,0,1,0,0,0,0,0,0,0,1,0,0,0,1
2,4507575,1,10.00,A,A,1,0,0,1,0,0,0,0,0,0,0,1,0,0,0,1
2,4507522,1,8.00,A,A,1,0,0,0,1,0,0,0,0,0,0,1,0,0,0,0
2,4507362,1,6.00,A,A,1,0,0,0,1,0,0,0,0,0,0,1,0,0,0,0
2,4506911,1,2.00,A,A,1,0,0,0,1,0,0,0,0,0,0,1,0,0,0,0
2,4506230,1,4.00,A,A,1,0,1,0,0,0,0,0,0,0,0,1,0,0,0,1
2,4506629,1,2.00,A,A,1,0,1,0,0,0,0,0,0,0,0,1,0,0,0,1
2,4507361,1,6.00,A,A,1,0,0,0,1,0,0,0,0,0,0,1,0,0,0,0
2,4506917,1,3.00,A,A,1,0,1,0,0,0,0,0,0,0,0,1,0,0,0,1
2,4507119,1,4.00,A,A,1,0,0,0,1,0,0,0,0,0,0,1,0,0,0,0
2,4506415,1,2.00,A,A,1,0,1,0,0,0,0,0,0,0,0,1,0,0,0,1
2,4506014,1,2.00,A,A,1,0,1,0,0,0,0,0,0,0,0,1,0,0,0,1
2,4506107,1,2.00,A,A,1,0,1,0,0,0,0,0,0,0,0,1,0,0,0,1
2,4506077,1,4.00,A,A,1,0,1,0,0,0,0,0,0,0,0,1,0,0,0,1
2,4505954,1,3.00,A,A,1,0,1,0,0,0,0,0,0,0,0,1,0,0,0,1
2,4506765,2,16.00,A,A,1,0,1,0,0,0,0,0,0,0,0,1,0,0,0,1
2,4506721,1,4.00,A,A,1,0,1,0,0,0,0,0,0,0,0,1,0,0,0,1
2,4506290,1,4.00,A,A,1,0,1,0,0,0,0,0,0,0,0,1,0,0,0,1
2,4507065,1,2.00,A,A,1,0,0,0,0,1,0,0,0,0,0,1,0,0,0,1
2,4506353,1,2.00,A,A,1,0,1,0,0,0,0,0,0,0,0,1,0,0,0,1
2,4506539,1,4.00,A,A,1,0,1,0,0,0,0,0,0,0,0,1,0,0,0,1
2,4507639,1,6.00,A,A,1,0,0,0,0,1,0,0,0,0,0,1,0,0,0,1
2,4507202,1,2.00,A,A,1,0,0,0,1,0,0,0,0,0,0,1,0,0,0,0
2,4507336,1,8.00,A,A,1,0,0,0,1,0,0,0,0,0,0,1,0,0,0,0
2,4507534,1,2.00,A,A,1,0,0,1,0,0,0,0,0,0,0,1,0,0,0,1
2,4507501,1,8.00,A,A,1,0,0,0,1,0,0,0,0,0,0,1,0,0,0,0
2,4507315,1,4.00,A,A,1,0,0,0,1,0,0,0,0,0,0,1,0,0,0,0
2,4507193,1,6.00,A,A,1,0,0,1,0,0,0,0,0,0,0,1,0,0,0,1
2,4506259,1,8.00,A,A,1,0,1,0,0,0,0,0,0,0,0,1,0,0,0,1
2,4507139,1,4.00,A,A,1,0,0,1,0,0,0,0,0,0,0,1,0,0,0,1
2,4507588,1,2.00,A,A,1,0,0,0,1,0,0,0,0,0,0,1,0,0,0,0
2,4506890,1,6.00,A,A,1,0,1,0,0,0,0,0,0,0,0,1,0,0,0,1
2,4507375,1,4.00,A,A,1,0,0,1,0,0,0,0,0,0,0,1,0,0,0,1
2,4507644,1,8.00,A,A,1,0,0,0,1,0,0,0,0,0,0,1,0,0,0,0
2,4507064,1,8.00,A,A,1,0,0,0,1,0,0,0,0,0,0,1,0,0,0,0
2,4506388,1,4.00,A,A,1,0,1,0,0,0,0,0,0,0,0,1,0,0,0,1
2,4507604,1,6.00,A,A,1,0,0,0,1,0,0,0,0,0,0,1,0,0,0,0
2,4507437,1,4.00,A,A,1,0,0,0,0,1,0,0,0,0,0,1,0,0,0,1
2,4507364,1,2.00,A,A,1,0,0,0,1,0,0,0,0,0,0,1,0,0,0,0
2,4507411,1,3.00,A,A,1,0,0,0,1,0,0,0,0,0,0,1,0,0,0,0
2,4507077,1,3.00,A,A,1,0,0,1,0,0,0,0,0,0,0,1,0,0,0,1
2,4507233,1,2.00,A,A,1,0,0,0,1,0,0,0,0,0,0,1,0,0,0,0
2,4507210,1,4.00,A,A,1,0,1,0,0,0,0,0,0,0,0,1,0,0,0,1
2,4507483,1,2.00,A,A,1,0,0,0,1,0,0,0,0,0,0,1,0,0,0,0
2,4507303,1,2.00,A,A,1,0,0,1,0,0,0,0,0,0,0,1,0,0,0,1
2,4506903,1,2.00,A,A,1,0,0,1,0,0,0,0,0,0,0,1,0,0,0,1
2,4507526,1,4.00,A,A,1,0,0,0,1,0,0,0,0,0,0,1,0,0,0,0
2,4506632,1,8.00,A,A,1,0,1,0,0,0,0,0,0,0,0,1,0,0,0,1
2,4506132,1,6.00,A,A,1,0,1,0,0,0,0,0,0,0,0,1,0,0,0,1
2,4506921,1,4.00,A,A,1,0,1,0,0,0,0,0,0,0,0,1,0,0,0,1
2,4507099,1,8.00,A,A,1,0,1,0,0,0,0,0,0,0,0,1,0,0,0,1
2,4506786,1,4.00,A,A,1,0,1,0,0,0,0,0,0,0,0,1,0,0,0,1
2,4507627,1,4.00,A,A,1,0,0,0,1,0,0,0,0,0,0,1,0,0,0,0
2,4507237,1,4.00,A,A,1,0,1,0,0,0,0,0,0,0,0,1,0,0,0,1
2,4507005,1,6.00,A,A,1,0,0,0,1,0,0,0,0,0,0,1,0,0,0,0
2,4507260,1,2.00,A,A,1,0,0,0,1,0,0,0,0,0,0,1,0,0,0,0
2,4507143,1,4.00,A,A,1,0,0,0,1,0,0,0,0,0,0,1,0,0,0,0
2,4506047,1,4.00,A,A,1,0,1,0,0,0,0,0,0,0,0,1,0,0,0,1
2,4507460,1,2.00,A,A,1,0,0,0,1,0,0,0,0,0,0,1,0,0,0,0
2,4507388,1,6.00,A,A,1,0,0,0,1,0,0,0,0,0,0,1,0,0,0,0
2,4507459,1,3.00,A,A,1,0,0,0,1,0,0,0,0,0,0,1,0,0,0,0
2,4507540,1,4.00,A,A,1,0,0,0,1,0,0,0,0,0,0,1,0,0,0,0
2,4507531,1,6.00,A,A,1,0,0,1,0,0,0,0,0,0,0,1,0,0,0,1
2,4507551,1,3.00,A,A,1,0,0,1,0,0,0,0,0,0,0,1,0,0,0,1
2,4507261,1,2.00,A,A,1,0,0,0,1,0,0,0,0,0,0,1,0,0,0,0
2,4507560,1,2.00,A,A,1,0,0,0,1,0,0,0,0,0,0,1,0,0,0,0
2,4507068,1,2.00,A,A,1,0,1,0,0,0,0,0,0,0,0,1,0,0,0,1
2,4507489,1,2.00,A,A,1,0,0,1,0,0,0,0,0,0,0,1,0,0,0,1
2,4506467,1,4.00,A,A,1,0,1,0,0,0,0,0,0,0,0,1,0,0,0,1
2,4507217,1,2.00,A,A,1,0,0,1,0,0,0,0,0,0,0,1,0,0,0,1
2,4507299,1,4.00,A,A,1,0,0,1,0,0,0,0,0,0,0,1,0,0,0,1
2,4506813,1,4.00,A,A,1,0,1,0,0,0,0,0,0,0,0,1,0,0,0,1
2,4506958,1,4.00,A,A,1,0,0,1,0,0,0,0,0,0,0,1,0,0,0,1
2,4507069,1,3.00,A,A,1,0,1,0,0,0,0,0,0,0,0,1,0,0,0,1
2,4507070,1,4.00,A,A,1,0,1,0,0,0,0,0,0,0,0,1,0,0,0,1
2,4507395,1,6.00,A,A,1,0,0,1,0,0,0,0,0,0,0,1,0,0,0,1
2,4506837,1,3.00,A,A,1,0,1,0,0,0,0,0,0,0,0,1,0,0,0,1
2,4507062,1,3.00,A,A,1,0,0,0,1,0,0,0,0,0,0,1,0,0,0,0
2,4506945,1,4.00,A,A,1,0,0,0,1,0,0,0,0,0,0,1,0,0,0,0
2,4507636,1,2.00,A,A,1,0,0,0,1,0,0,0,0,0,0,1,0,0,0,0
2,4506914,1,2.00,A,A,1,0,0,0,1,0,0,0,0,0,0,1,0,0,0,0
2,4507339,1,2.00,A,A,1,0,0,0,1,0,0,0,0,0,0,1,0,0,0,0
2,4505956,1,6.00,A,A,1,1,0,0,0,0,0,0,0,0,0,1,0,0,0,1
2,4507429,1,4.00,A,A,1,0,0,0,1,0,0,0,0,0,0,1,0,0,0,0
2,4507177,1,2.00,A,A,1,0,0,0,1,0,0,0,0,0,0,1,0,0,0,0
2,4507387,1,4.00,A,A,1,0,0,0,1,0,0,0,0,0,0,1,0,0,0,0
2,4507525,1,2.00,A,A,1,0,0,0,1,0,0,0,0,0,0,1,0,0,0,0
2,4507510,1,2.00,A,A,1,0,0,1,0,0,0,0,0,0,0,1,0,0,0,1
2,4507199,1,4.00,A,A,1,0,0,0,1,0,0,0,0,0,0,1,0,0,0,0
2,4507154,1,4.00,A,A,1,0,1,0,0,0,0,0,0,0,0,1,0,0,0,1
2,4507027,1,8.00,A,A,1,0,0,0,1,0,0,0,0,0,0,1,0,0,0,0
2,4507410,1,2.00,A,A,1,0,0,0,1,0,0,0,0,0,0,1,0,0,0,0
2,4507285,1,6.00,A,A,1,0,0,0,1,0,0,0,0,0,0,1,0,0,0,0
2,4507363,1,2.00,A,A,1,0,0,0,1,0,0,0,0,0,0,1,0,0,0,0
2,4507503,1,2.00,A,A,1,0,0,0,1,0,0,0,0,0,0,1,0,0,0,0
2,4506665,1,4.00,A,A,1,0,1,0,0,0,0,0,0,0,0,1,0,0,0,1
2,4507333,1,4.00,A,A,1,0,0,0,1,0,0,0,0,0,0,1,0,0,0,0
2,4507565,1,4.00,A,A,1,0,0,0,1,0,0,0,0,0,0,1,0,0,0,0
2,4506138,2,4.00,A,A,1,0,1,0,0,0,0,0,0,0,0,1,0,0,0,1
2,4507626,1,2.00,A,A,1,0,0,0,1,0,0,0,0,0,0,1,0,0,0,0
2,4507373,1,4.00,A,A,1,0,0,1,0,0,0,0,0,0,0,1,0,0,0,1
2,4506867,1,4.00,A,A,1,0,1,0,0,0,0,0,0,0,0,1,0,0,0,1
2,4507180,1,4.00,A,A,1,0,0,0,0,1,0,0,0,0,0,1,0,0,0,1
2,4507010,1,8.00,A,A,1,0,1,0,0,0,0,0,0,0,0,1,0,0,0,1
2,4507127,1,6.00,A,A,1,0,1,0,0,0,0,0,0,0,0,1,0,0,0,1
2,4507349,1,8.00,A,A,1,0,0,1,0,0,0,0,0,0,0,1,0,0,0,1
2,4507325,1,2.00,A,A,1,0,0,1,0,0,0,0,0,0,0,1,0,0,0,1
2,4506950,1,6.00,A,A,1,0,1,0,0,0,0,0,0,0,0,1,0,0,0,1
2,4506481,1,3.00,A,A,1,0,1,0,0,0,0,0,0,0,0,1,0,0,0,1
2,4505957,1,2.00,A,A,1,1,0,0,0,0,0,0,0,0,0,1,0,0,0,1
2,4507581,1,4.00,A,A,1,0,0,0,1,0,0,0,0,0,0,1,0,0,0,0
2,4506419,1,8.00,A,A,1,0,1,0,0,0,0,0,0,0,0,1,0,0,0,1
2,4507239,1,8.00,A,A,1,0,0,1,0,0,0,0,0,0,0,1,0,0,0,1
2,4506888,1,4.00,A,A,1,0,1,0,0,0,0,0,0,0,0,1,0,0,0,1
2,4506692,1,8.00,A,A,1,0,1,0,0,0,0,0,0,0,0,1,0,0,0,1
2,4507137,1,4.00,A,A,1,0,0,1,0,0,0,0,0,0,0,1,0,0,0,1
2,4506846,1,2.00,A,A,1,0,0,1,0,0,0,0,0,0,0,1,0,0,0,1
2,4507021,1,3.00,A,A,1,0,0,1,0,0,0,0,0,0,0,1,0,0,0,1
2,4507219,1,4.00,A,A,1,0,0,1,0,0,0,0,0,0,0,1,0,0,0,1
2,4506104,1,6.00,A,A,1,0,1,0,0,0,0,0,0,0,0,1,0,0,0,1
2,4506440,1,4.00,A,A,1,0,1,0,0,0,0,0,0,0,0,1,0,0,0,1
2,4506593,1,6.00,A,A,1,0,1,0,0,0,0,0,0,0,0,1,0,0,0,1
2,4506534,1,4.00,A,A,1,0,1,0,0,0,0,0,0,0,0,1,0,0,0,1
2,4507335,2,12.00,A,A,1,0,0,0,1,0,0,0,0,0,0,1,0,0,0,0
2,4506990,1,6.00,A,A,1,0,0,1,0,0,0,0,0,0,0,1,0,0,0,1
2,4506312,1,6.00,A,A,1,0,1,0,0,0,0,0,0,0,0,1,0,0,0,1
2,4507589,1,2.00,A,A,1,0,0,0,0,1,0,0,0,0,0,1,0,0,0,1
2,4507582,1,4.00,A,A,1,0,0,0,1,0,0,0,0,0,0,1,0,0,0,0
2,4506778,1,2.00,A,A,1,0,1,0,0,0,0,0,0,0,0,1,0,0,0,1
2,4506746,1,2.00,A,A,1,0,1,0,0,0,0,0,0,0,0,1,0,0,0,1
2,4507382,1,6.00,A,A,1,0,0,0,1,0,0,0,0,0,0,1,0,0,0,0
2,4507163,1,6.00,A,A,1,0,0,1,0,0,0,0,0,0,0,1,0,0,0,1
2,4507087,1,8.00,A,A,1,0,0,0,1,0,0,0,0,0,0,1,0,0,0,0
2,4506473,1,4.00,A,A,1,0,1,0,0,0,0,0,0,0,0,1,0,0,0,1
2,4506968,1,4.00,A,A,1,0,0,0,1,0,0,0,0,0,0,1,0,0,0,0
2,4507117,1,8.00,A,A,1,0,0,0,1,0,0,0,0,0,0,1,0,0,0,0
2,4507602,1,2.00,A,A,1,0,0,0,1,0,0,0,0,0,0,1,0,0,0,0
2,4507421,1,2.00,A,A,1,0,0,1,0,0,0,0,0,0,0,1,0,0,0,1
2,4506755,1,10.00,A,A,1,0,1,0,0,0,0,0,0,0,0,1,0,0,0,1
2,4507405,1,6.00,A,A,1,0,0,0,1,0,0,0,0,0,0,1,0,0,0,0
2,4506361,1,6.00,A,A,1,1,0,0,0,0,0,0,0,0,0,1,0,0,0,1
2,4506922,1,2.00,A,A,1,0,1,0,0,0,0,0,0,0,0,1,0,0,0,1
2,4507200,1,6.00,A,A,1,0,0,0,1,0,0,0,0,0,0,1,0,0,0,0
2,4506869,1,2.00,A,A,1,0,1,0,0,0,0,0,0,0,0,1,0,0,0,1
2,4507386,1,4.00,E,E,1,0,0,0,1,0,0,0,0,0,0,1,0,0,0,0
2,4507652,1,4.00,E,E,1,0,0,0,1,0,0,0,0,0,0,1,0,0,0,0
2,4507179,1,4.00,O,E,1,0,0,0,1,0,0,0,0,0,0,1,0,0,0,1
2,4507431,1,2.00,E,E,1,0,0,0,1,0,0,0,0,0,0,1,0,0,0,0
2,4507174,1,4.00,E,E,1,0,0,0,1,0,0,0,0,0,0,1,0,0,0,0
2,4507061,1,2.00,E,E,1,0,0,0,1,0,0,0,0,0,0,1,0,0,0,0
2,4507150,1,2.00,E,E,1,0,0,0,1,0,0,0,0,0,0,1,0,0,0,0
2,4507120,1,6.00,E,E,1,0,0,0,1,0,0,0,0,0,0,1,0,0,0,0
2,4507337,1,4.00,E,E,1,0,0,0,1,0,0,0,0,0,0,1,0,0,0,0
2,4507313,1,6.00,E,E,1,0,0,0,1,0,0,0,0,0,0,1,0,0,0,0
2,4507545,1,4.00,E,E,1,0,0,0,1,0,0,0,0,0,0,1,0,0,0,0
2,4507092,1,4.00,E,E,1,0,0,0,1,0,0,0,0,0,0,1,0,0,0,0
2,4507128,1,3.00,E,E,1,0,1,0,0,0,0,0,0,0,0,1,0,0,0,1
2,4507175,1,4.00,E,E,1,0,0,0,1,0,0,0,0,0,0,1,0,0,0,0
2,4506909,1,2.00,E,E,1,0,0,0,1,0,0,0,0,0,0,1,0,0,0,0
2,4506971,1,2.00,E,E,1,0,0,0,1,0,0,0,0,0,0,1,0,0,0,0
2,4507206,1,4.00,E,E,1,0,0,0,1,0,0,0,0,0,0,1,0,0,0,0
2,4505468,1,2.00,O,E,1,1,0,0,0,0,0,0,0,0,0,1,0,0,0,1
2,4507146,1,4.00,E,E,1,0,0,0,1,0,0,0,0,0,0,1,0,0,0,0
2,4507499,1,6.00,E,E,1,0,0,0,1,0,0,0,0,0,0,1,0,0,0,0
2,4507455,1,2.00,E,E,1,0,0,0,1,0,0,0,0,0,0,1,0,0,0,0
2,4507616,1,4.00,A,A,1,0,0,0,1,0,0,0,0,0,0,0,1,0,0,1
2,4505318,1,4.00,A,A,1,1,0,0,0,0,0,0,0,0,0,0,1,0,0,1
2,4507222,1,2.00,A,A,1,0,0,0,1,0,0,0,0,0,0,0,1,0,0,1
2,4507451,1,4.00,A,A,1,0,0,0,1,0,0,0,0,0,0,0,1,0,0,1
2,4507169,1,2.00,A,A,1,0,0,0,1,0,0,0,0,0,0,0,1,0,0,1
2,4507277,1,2.00,A,A,1,0,0,0,1,0,0,0,0,0,0,0,1,0,0,1
2,4507541,1,4.00,A,A,1,0,0,0,1,0,0,0,0,0,0,0,1,0,0,1
2,4507109,1,8.00,A,A,1,0,0,1,0,0,0,0,0,0,0,0,1,0,0,1
2,4507406,1,2.00,A,A,1,0,0,0,1,0,0,0,0,0,0,0,1,0,0,1
2,4507512,1,4.00,A,A,1,0,0,1,0,0,0,0,0,0,0,0,1,0,0,1
2,4506038,1,8.00,A,A,1,0,1,0,0,0,0,0,0,0,0,0,1,0,0,1
2,4506684,1,6.00,A,A,1,0,1,0,0,0,0,0,0,0,0,0,1,0,0,1
2,4505949,1,3.00,A,A,1,0,1,0,0,0,0,0,0,0,0,0,1,0,0,1
2,4507612,1,3.00,A,A,1,0,0,1,0,0,0,0,0,0,0,0,1,0,0,1
2,4506009,1,3.00,A,A,1,0,1,0,0,0,0,0,0,0,0,0,1,0,0,1
2,4507108,1,4.00,A,A,1,0,0,1,0,0,0,0,0,0,0,0,1,0,0,1
2,4506989,1,2.00,A,A,1,0,0,1,0,0,0,0,0,0,0,0,1,0,0,1
2,4507561,1,4.00,A,A,1,0,0,0,1,0,0,0,0,0,0,0,1,0,0,1
2,4507281,1,2.00,A,A,1,0,0,0,1,0,0,0,0,0,0,0,1,0,0,1
2,4506870,1,2.00,A,A,1,0,1,0,0,0,0,0,0,0,0,0,1,0,0,1
2,4506999,1,6.00,A,A,1,0,0,0,1,0,0,0,0,0,0,0,1,0,0,1
2,4506931,1,2.00,A,A,1,0,0,1,0,0,0,0,0,0,0,0,1,0,0,1
2,4507144,1,6.00,A,A,1,0,0,0,1,0,0,0,0,0,0,0,1,0,0,1
2,4507366,1,4.00,A,A,1,0,0,0,0,1,0,0,0,0,0,0,1,0,0,0
2,4506393,1,2.00,A,A,1,1,0,0,0,0,0,0,0,0,0,0,1,0,0,1
2,4506410,1,6.00,A,A,1,0,1,0,0,0,0,0,0,0,0,0,1,0,0,1
2,4506084,1,2.00,A,A,1,1,0,0,0,0,0,0,0,0,0,0,1,0,0,1
2,4507013,1,4.00,A,A,1,0,1,0,0,0,0,0,0,0,0,0,1,0,0,1
2,4507246,1,3.00,A,A,1,0,0,1,0,0,0,0,0,0,0,0,1,0,0,1
2,4507156,1,2.00,A,A,1,0,1,0,0,0,0,0,0,0,0,0,1,0,0,1
2,4506224,1,2.00,A,A,1,0,1,0,0,0,0,0,0,0,0,0,1,0,0,1
2,4507292,1,18.00,A,A,1,0,1,0,0,0,0,0,0,0,0,0,1,0,0,1
2,4506055,1,8.00,A,A,1,0,0,1,0,0,0,0,0,0,0,0,1,0,0,1
2,4507359,1,4.00,A,A,1,0,0,0,1,0,0,0,0,0,0,0,1,0,0,1
2,4506923,1,2.00,A,A,1,0,1,0,0,0,0,0,0,0,0,0,1,0,0,1
2,4506788,1,2.00,A,A,1,0,1,0,0,0,0,0,0,0,0,0,1,0,0,1
2,4507288,1,4.00,A,A,1,0,0,0,0,1,0,0,0,0,0,0,1,0,0,0
2,4506859,1,8.00,A,A,1,0,1,0,0,0,0,0,0,0,0,0,1,0,0,1
2,4507445,1,2.00,A,A,1,0,0,1,0,0,0,0,0,0,0,0,1,0,0,1
2,4507028,1,4.00,A,A,1,0,0,0,1,0,0,0,0,0,0,0,1,0,0,1
2,4506952,1,8.00,A,A,1,0,1,0,0,0,0,0,0,0,0,0,1,0,0,1
2,4507351,1,4.00,A,A,1,0,0,1,0,0,0,0,0,0,0,0,1,0,0,1
2,4506960,1,3.00,A,A,1,0,0,1,0,0,0,0,0,0,0,0,1,0,0,1
2,4507300,1,3.00,A,A,1,0,0,1,0,0,0,0,0,0,0,0,1,0,0,1
2,4507397,1,4.00,A,A,1,0,0,1,0,0,0,0,0,0,0,0,1,0,0,1
2,4507218,1,3.00,A,A,1,0,0,1,0,0,0,0,0,0,0,0,1,0,0,1
2,4507273,1,4.00,A,A,1,0,0,1,0,0,0,0,0,0,0,0,1,0,0,1
2,4507020,1,4.00,A,A,1,0,0,1,0,0,0,0,0,0,0,0,1,0,0,1
2,4506877,1,4.00,A,A,1,0,0,1,0,0,0,0,0,0,0,0,1,0,0,1
2,4507048,1,4.00,A,A,1,0,0,1,0,0,0,0,0,0,0,0,1,0,0,1
2,4507573,1,2.00,A,A,1,0,0,1,0,0,0,0,0,0,0,0,1,0,0,1
2,4507191,1,2.00,A,A,1,0,0,1,0,0,0,0,0,0,0,0,1,0,0,1
2,4507344,2,8.00,A,A,1,0,0,0,0,1,0,0,0,0,0,0,1,0,0,0
2,4507594,1,4.00,A,A,1,0,0,1,0,0,0,0,0,0,0,0,1,0,0,1
2,4507006,1,2.00,A,A,1,0,0,0,0,1,0,0,0,0,0,0,1,0,0,0
2,4507491,1,3.00,A,A,1,0,0,1,0,0,0,0,0,0,0,0,1,0,0,1
2,4507256,1,2.00,A,A,1,0,0,0,1,0,0,0,0,0,0,0,1,0,0,1
2,4506941,1,4.00,A,A,1,0,0,0,1,0,0,0,0,0,0,0,1,0,0,1
2,4505982,1,2.00,A,A,1,0,1,0,0,0,0,0,0,0,0,0,1,0,0,1
2,4506816,1,6.00,A,A,1,0,1,0,0,0,0,0,0,0,0,0,1,0,0,1
2,4507151,1,2.00,A,A,1,0,0,0,0,1,0,0,0,0,0,0,1,0,0,0
2,4507469,2,16.00,A,A,1,0,0,1,0,0,0,0,0,0,0,0,1,0,0,1
2,4507316,1,2.00,A,A,1,0,0,0,0,1,0,0,0,0,0,0,1,0,0,0
2,4507088,1,6.00,A,A,1,0,0,0,1,0,0,0,0,0,0,0,1,0,0,1
2,4506039,1,2.00,A,A,1,0,1,0,0,0,0,0,0,0,0,0,1,0,0,1
2,4507227,1,8.00,A,A,1,0,0,0,1,0,0,0,0,0,0,0,1,0,0,1
2,4507533,1,2.00,A,A,1,0,0,1,0,0,0,0,0,0,0,0,1,0,0,1
2,4507173,1,2.00,A,A,1,0,0,0,1,0,0,0,0,0,0,0,1,0,0,1
2,4507420,1,6.00,A,A,1,0,0,1,0,0,0,0,0,0,0,0,1,0,0,1
2,4506900,1,4.00,A,A,1,0,0,1,0,0,0,0,0,0,0,0,1,0,0,1
2,4507642,1,2.00,A,A,1,0,0,0,1,0,0,0,0,0,0,0,1,0,0,1
2,4506073,1,2.00,A,A,1,0,1,0,0,0,0,0,0,0,0,0,1,0,0,1
2,4507511,1,3.00,A,A,1,0,0,1,0,0,0,0,0,0,0,0,1,0,0,1
2,4507118,1,2.00,A,A,1,0,0,0,1,0,0,0,0,0,0,0,1,0,0,1
2,4507500,1,3.00,A,A,1,0,0,0,1,0,0,0,0,0,0,0,1,0,0,1
2,4507430,1,3.00,A,A,1,0,0,0,1,0,0,0,0,0,0,0,1,0,0,1
2,4507309,1,4.00,A,A,1,0,0,0,1,0,0,0,0,0,0,0,1,0,0,1
2,4507477,1,4.00,A,A,1,0,0,0,1,0,0,0,0,0,0,0,1,0,0,1
2,4507521,1,3.00,A,A,1,0,0,0,1,0,0,0,0,0,0,0,1,0,0,1
2,4507632,1,2.00,A,A,1,0,0,0,1,0,0,0,0,0,0,0,1,0,0,1
2,4507553,1,6.00,A,A,1,0,0,1,0,0,0,0,0,0,0,0,1,0,0,1
2,4506899,1,6.00,A,A,1,0,0,1,0,0,0,0,0,0,0,0,1,0,0,1
2,4506484,1,4.00,A,A,1,1,0,0,0,0,0,0,0,0,0,0,1,0,0,1
2,4506878,1,4.00,A,A,1,0,0,1,0,0,0,0,0,0,0,0,1,0,0,1
2,4507622,1,2.00,A,A,1,0,0,0,1,0,0,0,0,0,0,0,1,0,0,1
2,4506134,1,2.00,A,A,1,0,1,0,0,0,0,0,0,0,0,0,1,0,0,1
2,4506285,1,2.00,A,A,1,0,1,0,0,0,0,0,0,0,0,0,1,0,0,1
2,4507383,1,3.00,A,A,1,0,0,0,1,0,0,0,0,0,0,0,1,0,0,1
2,4507058,1,4.00,A,A,1,0,0,0,1,0,0,0,0,0,0,0,1,0,0,1
2,4506347,1,2.00,A,A,1,0,1,0,0,0,0,0,0,0,0,0,1,0,0,1
2,4507192,1,8.00,A,A,1,0,0,1,0,0,0,0,0,0,0,0,1,0,0,1
2,4507574,1,4.00,A,A,1,0,0,1,0,0,0,0,0,0,0,0,1,0,0,1
2,4507446,1,2.00,A,A,1,0,0,1,0,0,0,0,0,0,0,0,1,0,0,1
2,4506322,1,2.00,A,A,1,0,1,0,0,0,0,0,0,0,0,0,1,0,0,1
2,4507057,1,8.00,A,A,1,0,0,0,1,0,0,0,0,0,0,0,1,0,0,1
2,4506535,1,8.00,A,A,1,0,1,0,0,0,0,0,0,0,0,0,1,0,0,1
2,4507247,1,2.00,A,A,1,0,0,1,0,0,0,0,0,0,0,0,1,0,0,1
2,4506932,1,8.00,A,A,1,0,0,1,0,0,0,0,0,0,0,0,1,0,0,1
2,4507079,1,2.00,A,A,1,0,0,1,0,0,0,0,0,0,0,0,1,0,0,1
2,4506225,1,2.00,A,A,1,0,1,0,0,0,0,0,0,0,0,0,1,0,0,1
2,4507164,1,6.00,A,A,1,0,0,1,0,0,0,0,0,0,0,0,1,0,0,1
2,4506635,1,4.00,A,A,1,0,1,0,0,0,0,0,0,0,0,0,1,0,0,1
2,4507520,1,2.00,A,A,1,0,0,0,1,0,0,0,0,0,0,0,1,0,0,1
2,4506609,1,10.00,A,A,1,1,0,0,0,0,0,0,0,0,0,0,1,0,0,1
2,4506727,1,2.00,A,A,1,0,1,0,0,0,0,0,0,0,0,0,1,0,0,1
2,4507628,1,2.00,O,E,1,0,0,0,0,1,0,0,0,0,0,0,1,0,0,1
2,4507035,1,2.00,E,E,1,0,0,0,0,1,0,0,0,0,0,0,1,0,0,0
2,4506806,1,4.00,O,E,1,0,1,0,0,0,0,0,0,0,0,0,1,0,0,1
2,4507049,1,2.00,O,E,1,0,0,1,0,0,0,0,0,0,0,0,1,0,0,1
3,4505451,2,16.00,A,A,5,1,1,1,1,1,0,0,1,1,1,1,1,0,0,0
3,4506736,1,8.00,A,A,3,1,1,0,0,1,0,0,1,1,0,0,1,0,0,0
3,4506207,1,4.00,A,A,3,1,0,1,0,1,0,0,1,0,1,0,1,0,0,0
3,4506203,1,6.00,A,A,5,1,1,1,1,1,0,0,1,1,1,1,1,0,0,0
3,4505519,1,6.00,A,A,5,1,1,1,1,1,0,0,1,1,1,1,1,0,0,0
3,4505446,1,10.00,A,A,3,1,0,1,0,1,0,0,1,0,1,0,1,0,0,0
3,4506298,1,10.00,A,A,3,1,0,1,1,0,0,0,1,0,1,1,0,0,0,0
3,4505930,1,8.00,A,A,3,1,0,1,0,1,0,0,1,0,1,0,1,0,0,0
3,4505926,1,4.00,A,A,3,1,0,1,0,1,0,0,1,0,1,0,1,0,0,0
3,4506521,1,8.00,A,A,3,1,0,1,0,1,0,0,1,0,1,0,1,0,0,0
3,4506176,1,6.00,A,A,2,1,0,1,0,0,0,0,1,0,1,0,0,0,0,0
3,4505906,1,3.00,A,A,3,1,0,1,0,1,0,0,1,0,1,0,1,0,0,0
3,4505256,1,8.00,A,A,5,1,1,1,1,1,0,0,1,1,1,1,1,0,0,0
3,4506395,2,16.00,A,A,2,1,0,0,1,0,0,0,1,0,0,1,0,0,0,0
3,4506020,1,8.00,A,A,5,1,1,1,1,1,0,0,1,1,1,1,1,0,0,0
3,4505877,1,8.00,A,A,5,1,1,1,1,1,0,0,1,1,1,1,1,0,0,0
3,4505797,1,8.00,A,A,3,1,0,1,0,1,0,0,1,0,1,0,1,0,0,0
3,4505773,1,8.00,A,A,3,1,0,1,0,1,0,0,1,0,1,0,1,0,0,0
3,4505613,1,6.00,A,A,3,1,0,1,0,1,0,0,1,0,1,0,1,0,0,0
3,4505572,2,8.00,A,A,3,1,0,1,0,1,0,0,1,0,1,0,1,0,0,0
3,4505994,1,8.00,A,A,3,1,0,1,0,1,0,0,1,0,1,0,1,0,0,0
3,4506391,1,8.00,A,A,3,1,0,1,0,1,0,0,1,0,1,0,1,0,0,0
3,4506363,1,8.00,A,A,3,1,0,1,0,1,0,0,1,0,1,0,1,0,0,0
3,4506297,1,8.00,A,A,3,1,0,1,0,1,0,0,1,0,1,0,1,0,0,0
3,4506208,6,48.00,A,A,3,1,0,1,0,1,0,0,1,0,1,0,1,0,0,0
3,4506144,1,8.00,A,A,5,1,1,1,1,1,0,0,1,1,1,1,1,0,0,0
3,4505874,1,10.00,A,A,3,1,0,1,0,1,0,0,1,0,1,0,1,0,0,0
3,4505597,1,4.00,A,A,3,1,0,1,0,1,0,0,1,0,1,0,1,0,0,0
3,4505362,4,16.00,A,A,5,1,1,1,1,1,0,0,1,1,1,1,1,0,0,0
3,4506114,1,4.00,A,A,3,1,0,1,0,1,0,0,1,0,1,0,1,0,0,0
3,4505598,1,6.00,A,A,3,1,0,1,0,1,0,0,1,0,1,0,1,0,0,0
3,4505729,1,4.00,A,A,3,1,0,1,0,1,0,0,1,0,1,0,1,0,0,0
3,4505338,1,6.00,A,A,3,1,0,1,0,1,0,0,1,0,1,0,1,0,0,0
3,4506050,1,8.00,A,A,4,1,1,0,1,1,0,0,1,1,0,1,1,0,0,0
3,4506369,1,6.00,A,A,3,1,0,1,0,1,0,0,1,0,1,0,1,0,0,0
3,4505883,1,2.00,A,A,3,1,0,1,0,1,0,0,1,0,1,0,1,0,0,0
3,4505404,1,10.00,A,A,5,1,1,1,1,1,0,0,1,1,1,1,1,0,0,0
3,4506739,1,8.00,A,A,3,1,0,1,0,1,0,0,1,0,1,0,1,0,0,0
3,4505543,2,8.00,A,A,5,1,1,1,1,1,0,0,1,1,1,1,1,0,0,0
3,4505303,1,8.00,A,A,5,1,1,1,1,1,0,0,1,1,1,1,1,0,0,0
3,4505837,2,8.00,A,A,5,1,1,1,1,1,0,0,1,1,1,1,1,0,0,0
3,4505336,2,16.00,A,A,3,1,0,1,0,1,0,0,1,0,1,0,1,0,0,0
3,4505302,1,4.00,A,A,3,1,0,1,0,1,0,0,1,0,1,0,1,0,0,0
3,4505224,1,2.00,A,A,3,1,0,1,0,1,0,0,1,0,1,0,1,0,0,0
3,4506117,2,12.00,A,A,3,1,0,1,0,1,0,0,1,0,1,0,1,0,0,0
3,4506299,1,10.00,A,A,3,1,0,1,0,1,0,0,1,0,1,0,1,0,0,0
3,4505319,1,8.00,A,A,5,1,1,1,1,1,0,0,1,1,1,1,1,0,0,0
3,4506057,1,8.00,A,A,3,1,0,1,0,1,0,0,1,0,1,0,1,0,0,0
3,4506703,2,12.00,A,A,3,1,0,1,0,1,0,0,1,0,1,0,1,0,0,0
3,4506580,1,10.00,A,A,4,1,0,1,1,1,0,0,1,0,1,1,1,0,0,0
3,4505768,1,6.00,A,A,3,1,0,1,0,1,0,0,1,0,1,0,1,0,0,0
3,4505642,1,6.00,A,A,2,1,0,0,0,1,0,0,1,0,0,0,1,0,0,0
3,4505612,2,16.00,A,A,3,1,0,1,0,1,0,0,1,0,1,0,1,0,0,0
3,4505544,1,8.00,A,A,3,1,0,1,0,1,0,0,1,0,1,0,1,0,0,0
3,4505864,2,16.00,A,A,5,1,1,1,1,1,0,0,1,1,1,1,1,0,0,0
3,4506115,1,4.00,A,A,3,1,0,1,0,1,0,0,1,0,1,0,1,0,0,0
3,4505665,1,8.00,A,A,3,1,0,1,0,1,0,0,1,0,1,0,1,0,0,0
3,4506611,1,8.00,A,A,2,1,0,1,0,0,0,0,1,0,1,0,0,0,0,0
3,4506451,1,4.00,A,A,3,1,0,1,0,1,0,0,1,0,1,0,1,0,0,0
3,4506420,1,8.00,A,A,5,1,1,1,1,1,0,0,1,1,1,1,1,0,0,0
3,4506177,1,8.00,A,A,3,1,0,1,0,1,0,0,1,0,1,0,1,0,0,0
3,4506581,1,4.00,A,A,3,1,0,1,0,1,0,0,1,0,1,0,1,0,0,0
3,4505911,1,3.00,A,A,3,1,0,1,0,1,0,0,1,0,1,0,1,0,0,0
3,4505540,2,16.00,A,A,5,1,1,1,1,1,0,0,1,1,1,1,1,0,0,0
3,4506614,1,8.00,A,A,3,1,0,1,0,1,0,0,1,0,1,0,1,0,0,0
3,4506330,1,8.00,A,A,5,1,1,1,1,1,0,0,1,1,1,1,1,0,0,0
3,4506328,1,8.00,A,A,3,1,0,1,0,1,0,0,1,0,1,0,1,0,0,0
3,4506242,1,8.00,A,A,5,1,1,1,1,1,0,0,1,1,1,1,1,0,0,0
3,4506054,1,24.00,A,A,5,1,1,1,1,1,0,0,1,1,1,1,1,0,0,0
3,4505935,1,18.00,A,A,3,1,0,1,0,1,0,0,1,0,1,0,1,0,0,0
3,4505817,1,2.00,A,A,3,1,0,1,1,0,0,0,1,0,1,1,0,0,0,0
3,4505463,1,10.00,A,A,5,1,1,1,1,1,0,0,1,1,1,1,1,0,0,0
3,4505340,1,8.00,A,A,3,1,0,1,0,1,0,0,1,0,1,0,1,0,0,0
3,4505425,1,3.00,A,A,3,1,0,1,0,1,0,0,1,0,1,0,1,0,0,0
3,4505465,2,20.00,A,A,5,1,1,1,1,1,0,0,1,1,1,1,1,0,0,0
3,4506018,1,4.00,A,A,3,1,0,1,0,1,0,0,1,0,1,0,1,0,0,0
3,4505857,2,8.00,A,A,1,1,0,0,0,0,0,0,1,0,0,0,0,0,0,0
3,4506483,2,16.00,A,A,5,1,1,1,1,1,0,0,1,1,1,1,1,0,0,0
3,4505879,1,4.00,A,A,3,1,1,1,0,0,0,0,1,1,1,0,0,0,0,0
3,4506116,1,3.00,A,A,3,1,0,1,0,1,0,0,1,0,1,0,1,0,0,0
3,4506059,1,8.00,A,A,3,1,0,1,0,1,0,0,1,0,1,0,1,0,0,0
3,4506329,1,2.00,A,A,3,1,0,1,0,1,0,0,1,0,1,0,1,0,0,0
3,4506111,1,8.00,A,A,3,1,0,1,0,1,0,0,1,0,1,0,1,0,0,0
3,4505539,1,4.00,A,A,3,1,0,1,0,1,0,0,1,0,1,0,1,0,0,0
3,4505796,1,8.00,A,A,3,1,0,1,0,1,0,0,1,0,1,0,1,0,0,0
3,4506429,2,16.00,A,A,3,1,0,1,0,1,0,0,1,0,1,0,1,0,0,0
3,4506148,2,20.00,A,A,5,1,1,1,1,1,0,0,1,1,1,1,1,0,0,0
3,4506456,2,16.00,A,A,3,1,0,1,0,1,0,0,1,0,1,0,1,0,0,0
3,4505595,1,10.00,A,A,3,1,0,1,0,1,0,0,1,0,1,0,1,0,0,0
3,4505494,1,6.00,A,A,3,1,0,1,0,1,0,0,1,0,1,0,1,0,0,0
3,4505298,1,8.00,A,A,3,1,0,1,0,1,0,0,1,0,1,0,1,0,0,0
3,4506147,1,4.00,A,A,3,1,0,1,0,1,0,0,1,0,1,0,1,0,0,0
3,4505252,1,8.00,A,A,3,1,0,1,0,1,0,0,1,0,1,0,1,0,0,0
3,4505902,3,24.00,A,A,3,1,0,1,0,1,0,0,1,0,1,0,1,0,0,0
3,4506019,1,10.00,A,A,3,1,0,1,0,1,0,0,1,0,1,0,1,0,0,0
3,4505704,1,8.00,A,A,3,1,0,1,1,0,0,0,1,0,1,1,0,0,0,0
3,4505813,21,84.00,A,A,4,1,0,1,1,1,0,0,1,0,1,1,1,0,0,0
3,4506668,1,8.00,A,A,5,1,1,1,1,1,0,0,1,1,1,1,1,0,0,0
3,4506241,3,24.00,A,A,5,1,1,1,1,1,0,0,1,1,1,1,1,0,0,0
3,4506268,1,6.00,A,A,3,1,0,1,0,1,0,0,1,0,1,0,1,0,0,0
3,4505799,2,8.00,A,A,4,1,1,1,0,1,0,0,1,1,1,0,1,0,0,0
3,4505816,1,8.00,A,A,3,1,0,1,0,1,0,0,1,0,1,0,1,0,0,0
3,4505562,1,8.00,A,A,3,1,0,1,0,1,0,0,1,0,1,0,1,0,0,0
3,4505541,1,4.00,A,A,5,1,1,1,1,1,0,0,1,1,1,1,1,0,0,0
3,4505932,1,4.00,A,A,4,1,1,0,1,1,0,0,1,1,0,1,1,0,0,0
3,4505955,1,4.00,A,A,4,1,1,1,0,1,0,0,1,1,1,0,1,0,0,0
3,4505835,1,4.00,A,A,3,1,0,1,0,1,0,0,1,0,1,0,1,0,0,0
3,4505819,1,4.00,A,A,3,1,0,1,0,1,0,0,1,0,1,0,1,0,0,0
3,4506234,1,8.00,A,A,5,1,1,1,1,1,0,0,1,1,1,1,1,0,0,0
3,4505846,2,20.00,A,A,5,1,1,1,1,1,0,0,1,1,1,1,1,0,0,0
3,4506143,1,6.00,A,A,3,1,0,1,0,1,0,0,1,0,1,0,1,0,0,0
3,4505491,2,16.00,A,A,3,1,0,1,0,1,0,0,1,0,1,0,1,0,0,0
3,4505517,1,8.00,A,A,3,1,0,1,0,1,0,0,1,0,1,0,1,0,0,0
3,4505229,12,24.00,A,A,3,1,0,1,0,1,0,0,1,0,1,0,1,0,0,0
3,4506300,1,3.00,A,A,3,1,0,1,0,1,0,0,1,0,1,0,1,0,0,0
3,4506455,1,6.00,A,A,3,1,0,1,0,1,0,0,1,0,1,0,1,0,0,0
3,4506397,1,4.00,A,A,3,1,0,1,0,1,0,0,1,0,1,0,1,0,0,0
3,4505495,1,6.00,A,A,5,1,1,1,1,1,0,0,1,1,1,1,1,0,0,0
3,4505402,1,4.00,A,A,3,1,0,1,0,1,0,0,1,0,1,0,1,0,0,0
3,4506702,15,120.00,A,A,3,1,0,1,0,1,0,0,1,0,1,0,1,0,0,0
3,4505343,1,8.00,A,A,3,1,0,1,0,1,0,0,1,0,1,0,1,0,0,0
3,4505798,1,10.00,A,A,5,1,1,1,1,1,0,0,1,1,1,1,1,0,0,0
3,4506550,4,32.00,A,A,4,1,1,0,1,1,0,0,1,1,0,1,1,0,0,0
3,4505839,1,6.00,A,A,3,1,0,1,0,1,0,0,1,0,1,0,1,0,0,0
3,4505365,1,6.00,A,A,5,1,1,1,1,1,0,0,1,1,1,1,1,0,0,0
3,4505471,1,8.00,A,A,3,1,0,1,0,1,0,0,1,0,1,0,1,0,0,0
3,4505206,4,32.00,A,A,5,1,1,1,1,1,0,0,1,1,1,1,1,0,0,0
3,4505898,1,8.00,A,A,3,1,0,1,0,1,0,0,1,0,1,0,1,0,0,0
3,4505277,2,16.00,A,A,3,1,0,1,0,1,0,0,1,0,1,0,1,0,0,0
3,4505253,1,8.00,A,A,3,1,0,1,0,1,0,0,1,0,1,0,1,0,0,0
3,4506396,10,60.00,A,A,2,1,0,0,1,0,0,0,1,0,0,1,0,0,0,0
3,4505913,3,6.00,A,A,3,1,0,1,0,1,0,0,1,0,1,0,1,0,0,0
3,4505422,1,10.00,A,A,5,1,1,1,1,1,0,0,1,1,1,1,1,0,0,0
3,4506793,3,6.00,A,A,3,1,0,1,0,1,0,0,1,0,1,0,1,0,0,0
3,4505426,1,4.00,A,A,4,1,0,1,1,1,0,0,1,0,1,1,1,0,0,0
3,4506029,1,8.00,A,A,5,1,1,1,1,1,0,0,1,1,1,1,1,0,0,0
3,4506336,1,8.00,A,A,3,1,0,1,0,1,0,0,1,0,1,0,1,0,0,0
3,4505279,1,8.00,A,A,3,1,0,1,0,1,0,0,1,0,1,0,1,0,0,0
3,4506270,1,2.00,A,A,3,1,0,1,0,1,0,0,1,0,1,0,1,0,0,0
3,4506120,1,8.00,A,A,3,1,0,1,0,1,0,0,1,0,1,0,1,0,0,0
3,4506737,3,18.00,A,A,3,1,0,1,0,1,0,0,1,0,1,0,1,0,0,0
3,4506333,1,4.00,A,A,3,1,0,1,0,1,0,0,1,0,1,0,1,0,0,0
3,4505280,1,4.00,A,A,5,1,1,1,1,1,0,0,1,1,1,1,1,0,0,0
3,4505903,1,8.00,A,A,2,1,0,1,0,0,0,0,1,0,1,0,0,0,0,0
3,4505890,2,16.00,A,A,5,1,1,1,1,1,0,0,1,1,1,1,1,0,0,0
3,4505523,1,18.00,A,A,3,1,0,1,0,1,0,0,1,0,1,0,1,0,0,0
3,4506119,1,4.00,A,A,3,1,0,1,0,1,0,0,1,0,1,0,1,0,0,0
3,4505386,1,8.00,A,A,3,1,0,1,0,1,0,0,1,0,1,0,1,0,0,0
3,4505341,1,6.00,A,A,3,1,0,1,0,1,0,0,1,0,1,0,1,0,0,0
3,4505734,6,48.00,A,A,4,1,1,0,1,1,0,0,1,1,0,1,1,0,0,0
3,4505388,1,10.00,A,A,5,1,1,1,1,1,0,0,1,1,1,1,1,0,0,0
3,4506545,1,6.00,A,A,3,1,0,1,0,1,0,0,1,0,1,0,1,0,0,0
3,4506517,1,10.00,A,A,3,1,0,1,0,1,0,0,1,0,1,0,1,0,0,0
3,4505633,1,8.00,A,A,3,1,0,1,0,1,0,0,1,0,1,0,1,0,0,0
3,4505616,1,8.00,A,A,5,1,1,1,1,1,0,0,1,1,1,1,1,0,0,0
3,4505596,1,8.00,A,A,5,1,1,1,1,1,0,0,1,1,1,1,1,0,0,0
3,4505910,15,60.00,A,A,5,1,1,1,1,1,0,0,1,1,1,1,1,0,0,0
3,4505493,1,8.00,A,A,3,1,0,1,0,1,0,0,1,0,1,0,1,0,0,0
3,4506797,1,8.00,A,A,3,1,0,1,0,1,0,0,1,0,1,0,1,0,0,0
3,4505928,1,6.00,A,A,3,1,0,1,0,1,0,0,1,0,1,0,1,0,0,0
3,4506426,1,8.00,A,A,3,1,0,1,0,1,0,0,1,0,1,0,1,0,0,0
3,4505688,1,8.00,A,A,5,1,1,1,1,1,0,0,1,1,1,1,1,0,0,0
3,4505406,5,10.00,A,A,5,1,1,1,1,1,0,0,1,1,1,1,1,0,0,0
3,4505571,7,56.00,A,A,3,1,0,1,0,1,0,0,1,0,1,0,1,0,0,0
3,4506110,2,16.00,A,A,3,1,0,1,0,1,0,0,1,0,1,0,1,0,0,0
3,4505858,2,8.00,A,A,5,1,1,1,1,1,0,0,1,1,1,1,1,0,0,0
3,4505775,1,4.00,A,A,3,1,0,1,0,1,0,0,1,0,1,0,1,0,0,0
3,4505472,1,8.00,A,A,3,1,0,1,0,1,0,0,1,0,1,0,1,0,0,0
3,4505709,1,10.00,A,A,3,1,0,1,0,1,0,0,1,0,1,0,1,0,0,0
3,4505497,2,20.00,A,A,5,1,1,1,1,1,0,0,1,1,1,1,1,0,0,0
3,4505641,1,4.00,A,A,5,1,1,1,1,1,0,0,1,1,1,1,1,0,0,0
3,4505420,1,3.00,A,A,3,1,0,1,0,1,0,0,1,0,1,0,1,0,0,0
3,4505659,1,6.00,A,A,3,1,0,1,0,1,0,0,1,0,1,0,1,0,0,0
3,4506516,1,8.00,A,A,5,1,1,1,1,1,0,0,1,1,1,1,1,0,0,0
3,4505297,1,4.00,A,A,3,1,0,1,0,1,0,0,1,0,1,0,1,0,0,0
3,4505498,1,8.00,A,A,5,1,1,1,1,1,0,0,1,1,1,1,1,0,0,0
3,4506269,2,16.00,A,A,3,1,0,1,0,1,0,0,1,0,1,0,1,0,0,0
3,4505925,1,8.00,A,A,3,1,0,1,0,1,0,0,1,0,1,0,1,0,0,0
3,4506454,2,16.00,A,A,3,1,0,1,0,1,0,0,1,0,1,0,1,0,0,0
3,4506182,1,10.00,A,A,5,1,1,1,1,1,0,0,1,1,1,1,1,0,0,0
3,4506639,1,3.00,A,A,3,1,0,1,0,1,0,0,1,0,1,0,1,0,0,0
3,4505424,1,8.00,A,A,3,1,0,1,0,1,0,0,1,0,1,0,1,0,0,0
3,4505515,1,8.00,A,A,3,1,0,1,0,1,0,0,1,0,1,0,1,0,0,0
3,4505255,1,8.00,A,A,3,1,0,1,0,1,0,0,1,0,1,0,1,0,0,0
3,4505684,1,8.00,A,A,5,1,1,1,1,1,0,0,1,1,1,1,1,0,0,0
3,4505886,1,10.00,A,A,3,1,0,1,0,1,0,0,1,0,1,0,1,0,0,0
3,4505820,1,8.00,A,A,3,1,1,0,1,0,0,0,1,1,0,1,0,0,0,0
3,4505711,2,20.00,A,A,5,1,1,1,1,1,0,0,1,1,1,1,1,0,0,0
3,4505888,1,8.00,A,A,3,1,0,1,0,1,0,0,1,0,1,0,1,0,0,0
3,4506048,1,8.00,A,A,3,1,0,1,0,1,0,0,1,0,1,0,1,0,0,0
3,4505496,1,8.00,A,A,3,1,0,1,0,1,0,0,1,0,1,0,1,0,0,0
3,4505614,2,16.00,A,A,3,1,0,1,0,1,0,0,1,0,1,0,1,0,0,0
3,4505685,1,4.00,A,A,3,1,0,1,0,1,0,0,1,0,1,0,1,0,0,0
3,4505640,1,10.00,A,A,3,1,0,1,0,1,0,0,1,0,1,0,1,0,0,0
3,4505793,1,10.00,A,A,5,1,1,1,1,1,0,0,1,1,1,1,1,0,0,0
3,4505878,1,8.00,A,A,3,1,0,1,0,1,0,0,1,0,1,0,1,0,0,0
3,4506091,2,16.00,A,A,3,1,0,1,0,1,0,0,1,0,1,0,1,0,0,0
3,4505359,1,8.00,A,A,5,1,1,1,1,1,0,0,1,1,1,1,1,0,0,0
3,4505997,1,6.00,A,A,3,1,0,1,0,1,0,0,1,0,1,0,1,0,0,0
3,4506240,1,8.00,A,A,3,1,0,1,0,1,0,0,1,0,1,0,1,0,0,0
3,4505536,1,8.00,A,A,3,1,0,1,0,1,0,0,1,0,1,0,1,0,0,0
3,4506212,1,8.00,A,A,5,1,1,1,1,1,0,0,1,1,1,1,1,0,0,0
3,4505431,1,6.00,A,A,3,1,0,1,0,1,0,0,1,0,1,0,1,0,0,0
3,4505986,8,24.00,A,A,4,1,1,0,1,1,0,0,1,1,0,1,1,0,0,0
3,4506700,1,4.00,A,A,5,1,1,1,1,1,0,0,1,1,1,1,1,0,0,0
3,4505772,1,10.00,A,A,3,1,0,0,1,1,0,0,1,0,0,1,1,0,0,0
3,4505245,1,4.00,A,A,3,1,0,1,0,1,0,0,1,0,1,0,1,0,0,0
3,4506638,4,24.00,A,A,3,1,0,1,0,1,0,0,1,0,1,0,1,0,0,0
3,4506669,1,4.00,A,A,3,1,0,1,0,1,0,0,1,0,1,0,1,0,0,0
3,4506701,1,8.00,A,A,3,1,0,1,0,1,0,0,1,0,1,0,1,0,0,0
3,4506485,4,16.00,A,A,3,1,0,1,0,1,0,0,1,0,1,0,1,0,0,0
3,4506235,1,6.00,A,A,5,1,1,1,1,1,0,0,1,1,1,1,1,0,0,0
3,4506236,2,16.00,A,A,3,1,0,1,0,1,0,0,1,0,1,0,1,0,0,0
3,4505516,1,3.00,A,A,3,1,0,1,0,1,0,0,1,0,1,0,1,0,0,0
3,4506327,2,8.00,A,A,5,1,1,1,1,1,0,0,1,1,1,1,1,0,0,0
3,4505841,1,3.00,A,A,4,1,1,0,1,1,0,0,1,1,0,1,1,0,0,0
3,4505639,1,6.00,A,A,3,1,0,1,0,1,0,0,1,0,1,0,1,0,0,0
3,4505205,1,8.00,A,A,5,1,1,1,1,1,0,0,1,1,1,1,1,0,0,0
3,4506175,1,8.00,A,A,3,1,0,1,0,1,0,0,1,0,1,0,1,0,0,0
3,4505873,2,8.00,A,A,3,1,0,1,0,1,0,0,1,0,1,0,1,0,0,0
3,4505812,1,8.00,A,A,4,1,0,1,1,1,0,0,1,0,1,1,1,0,0,0
3,4505959,4,32.00,A,A,5,1,1,1,1,1,0,0,1,1,1,1,1,0,0,0
3,4505405,1,8.00,A,A,3,1,0,1,0,1,0,0,1,0,1,0,1,0,0,0
3,4505730,2,16.00,A,A,2,1,0,0,1,0,0,0,1,0,0,1,0,0,0,0
3,4505246,1,8.00,A,A,2,1,0,0,1,0,0,0,1,0,0,1,0,0,0,0
3,4506488,1,8.00,A,A,3,1,0,1,0,1,0,0,1,0,1,0,1,0,0,0
3,4505227,2,16.00,A,A,3,1,0,1,0,1,0,0,1,0,1,0,1,0,0,0
3,4506332,1,8.00,A,A,4,1,1,0,1,1,0,0,1,1,0,1,1,0,0,0
3,4506053,1,8.00,A,A,3,1,0,1,0,1,0,0,1,0,1,0,1,0,0,0
3,4505202,1,4.00,A,A,3,1,0,1,0,1,0,0,1,0,1,0,1,0,0,0
3,4505845,1,8.00,A,A,5,1,1,1,1,1,0,0,1,1,1,1,1,0,0,0
3,4506461,1,8.00,A,A,5,1,1,1,1,1,0,0,1,1,1,1,1,0,0,0
3,4506118,20,160.00,A,A,5,1,1,1,1,1,0,0,1,1,1,1,1,0,0,0
3,4505859,1,8.00,A,A,3,1,0,1,0,1,0,0,1,0,1,0,1,0,0,0
3,4506519,1,6.00,A,A,3,1,0,1,0,1,0,0,1,0,1,0,1,0,0,0
3,4505568,1,8.00,A,A,5,1,1,1,1,1,0,0,1,1,1,1,1,0,0,0
3,4506359,1,10.00,A,A,3,1,0,1,0,1,0,0,1,0,1,0,1,0,0,0
3,4505609,4,16.00,A,A,5,1,1,1,1,1,0,0,1,1,1,1,1,0,0,0
3,4505876,7,56.00,A,A,3,1,0,1,0,1,0,0,1,0,1,0,1,0,0,0
3,4505838,1,8.00,A,A,5,1,1,1,1,1,0,0,1,1,1,1,1,0,0,0
3,4505383,3,30.00,A,A,5,1,1,1,1,1,0,0,1,1,1,1,1,0,0,0
3,4506738,4,16.00,A,A,3,1,0,1,0,1,0,0,1,0,1,0,1,0,0,0
3,4506798,7,56.00,A,A,3,1,0,1,0,1,0,0,1,0,1,0,1,0,0,0
3,4506360,2,12.00,A,A,3,1,0,1,0,1,0,0,1,0,1,0,1,0,0,0
3,4505854,1,6.00,A,A,5,1,1,1,1,1,0,0,1,1,1,1,1,0,0,0
3,4506238,1,6.00,A,A,5,1,1,1,1,1,0,0,1,1,1,1,1,0,0,0
3,4506079,1,8.00,A,A,4,1,1,0,1,1,0,0,1,1,0,1,1,0,0,0
3,4505909,1,10.00,A,A,5,1,1,1,1,1,0,0,1,1,1,1,1,0,0,0
3,4505300,1,8.00,A,A,3,1,0,1,0,1,0,0,1,0,1,0,1,0,0,0
3,4505991,1,6.00,A,A,5,1,1,1,1,1,0,0,1,1,1,1,1,0,0,0
3,4505448,1,3.00,A,A,3,1,0,1,0,1,0,0,1,0,1,0,1,0,0,0
3,4505363,3,9.00,A,A,3,1,0,1,0,1,0,0,1,0,1,0,1,0,0,0
3,4505660,2,16.00,A,A,3,1,0,1,0,1,0,0,1,0,1,0,1,0,0,0
3,4506548,1,10.00,A,A,3,1,0,1,0,1,0,0,1,0,1,0,1,0,0,0
3,4506612,1,4.00,A,A,3,1,0,1,0,1,0,0,1,0,1,0,1,0,0,0
3,4505276,1,8.00,A,A,3,1,0,1,0,1,0,0,1,0,1,0,1,0,0,0
3,4505518,1,6.00,A,A,3,1,0,1,0,1,0,0,1,0,1,0,1,0,0,0
3,4505323,1,4.00,A,A,3,1,0,1,0,1,0,0,1,0,1,0,1,0,0,0
3,4505564,1,8.00,A,A,3,1,0,1,0,1,0,0,1,0,1,0,1,0,0,0
3,4506088,5,30.00,A,A,3,1,0,1,0,1,0,0,1,0,1,0,1,0,0,0
3,4506180,4,32.00,A,A,3,1,0,1,0,1,0,0,1,0,1,0,1,0,0,0
3,4506301,1,8.00,A,A,3,1,0,1,0,1,0,0,1,0,1,0,1,0,0,0
3,4506303,2,16.00,A,A,5,1,1,1,1,1,0,0,1,1,1,1,1,0,0,0
3,4506085,1,8.00,A,A,2,1,0,0,1,0,0,0,1,0,0,1,0,0,0,0
3,4506305,2,16.00,A,A,3,1,0,1,0,1,0,0,1,0,1,0,1,0,0,0
3,4506544,1,3.00,A,A,3,1,0,1,0,1,0,0,1,0,1,0,1,0,0,0
3,4506607,1,8.00,A,A,3,1,0,1,0,1,0,0,1,0,1,0,1,0,0,0
3,4505663,3,24.00,A,A,3,1,0,1,0,1,0,0,1,0,1,0,1,0,0,0
3,4505254,1,10.00,A,A,5,1,1,1,1,1,0,0,1,1,1,1,1,0,0,0
3,4506113,1,4.00,A,A,2,1,0,0,1,0,0,0,1,0,0,1,0,0,0,0
3,4505968,1,6.00,A,A,3,1,0,1,0,1,0,0,1,0,1,0,1,0,0,0
3,4506087,10,80.00,A,A,3,1,0,1,0,1,0,0,1,0,1,0,1,0,0,0
3,4506150,1,3.00,A,A,3,1,0,1,0,1,0,0,1,0,1,0,1,0,0,0
3,4506239,1,8.00,A,A,5,1,1,1,1,1,0,0,1,1,1,1,1,0,0,0
3,4506641,1,6.00,A,A,3,1,0,1,0,1,0,0,1,0,1,0,1,0,0,0
3,4505274,2,16.00,A,A,5,1,1,1,1,1,0,0,1,1,1,1,1,0,0,0
3,4505792,1,3.00,A,A,3,1,0,1,0,1,0,0,1,0,1,0,1,0,0,0
3,4505870,1,6.00,A,A,3,1,0,1,0,1,0,0,1,0,1,0,1,0,0,0
3,4505938,2,16.00,A,A,5,1,1,1,1,1,0,0,1,1,1,1,1,0,0,0
3,4505969,4,24.00,A,A,4,1,0,1,1,1,0,0,1,0,1,1,1,0,0,0
3,4505638,1,4.00,A,A,3,1,0,1,0,1,0,0,1,0,1,0,1,0,0,0
3,4505988,1,6.00,A,A,5,1,1,1,1,1,0,0,1,1,1,1,1,0,0,0
3,4506304,5,20.00,A,A,3,1,0,1,0,1,0,0,1,0,1,0,1,0,0,0
3,4506082,2,16.00,A,A,3,1,0,1,0,1,0,0,1,0,1,0,1,0,0,0
3,4506575,1,8.00,A,A,5,1,1,1,1,1,0,0,1,1,1,1,1,0,0,0
3,4506080,1,8.00,A,A,3,1,1,0,1,0,0,0,1,1,0,1,0,0,0,0
3,4506302,18,72.00,A,A,3,1,0,1,0,1,0,0,1,0,1,0,1,0,0,0
3,4506610,10,80.00,A,A,3,1,0,1,0,1,0,0,1,0,1,0,1,0,0,0
3,4505681,1,8.00,A,A,3,1,0,1,0,1,0,0,1,0,1,0,1,0,0,0
3,4506399,2,8.00,A,A,5,1,1,1,1,1,0,0,1,1,1,1,1,0,0,0
3,4505989,1,8.00,A,A,5,1,1,1,1,1,0,0,1,1,1,1,1,0,0,0
3,4506577,2,8.00,A,A,3,1,0,1,0,1,0,0,1,0,1,0,1,0,0,0
3,4506762,1,8.00,A,A,3,1,0,1,0,1,0,0,1,0,1,0,1,0,0,0
3,4506141,1,10.00,A,A,5,1,1,1,1,1,0,0,1,1,1,1,1,0,0,0
3,4506022,1,8.00,A,A,3,1,0,1,0,1,0,0,1,0,1,0,1,0,0,0
3,4505966,13,52.00,A,A,5,1,1,1,1,1,0,0,1,1,1,1,1,0,0,0
3,4505590,1,6.00,A,A,3,1,0,1,0,1,0,0,1,0,1,0,1,0,0,0
3,4506583,18,144.00,A,A,3,1,0,1,0,1,0,0,1,0,1,0,1,0,0,0
3,4506089,1,6.00,A,A,3,1,0,1,0,1,0,0,1,0,1,0,1,0,0,0
3,4505378,1,6.00,A,A,4,1,1,0,1,1,0,0,1,1,0,1,1,0,0,0
3,4505712,1,8.00,A,A,2,1,0,0,1,0,0,0,1,0,0,1,0,0,0,0
3,4506179,1,8.00,A,A,3,1,0,1,0,1,0,0,1,0,1,0,1,0,0,0
3,4506549,1,6.00,A,A,3,1,0,1,0,1,0,0,1,0,1,0,1,0,0,0
3,4505615,1,8.00,A,A,5,1,1,1,1,1,0,0,1,1,1,1,1,0,0,0
3,4505367,2,16.00,A,A,5,1,1,1,1,1,0,0,1,1,1,1,1,0,0,0
3,4505844,1,8.00,A,A,3,1,0,1,0,1,0,0,1,0,1,0,1,0,0,0
3,4505662,2,16.00,A,A,5,1,1,1,1,1,0,0,1,1,1,1,1,0,0,0
3,4505542,1,6.00,A,A,3,1,0,1,0,1,0,0,1,0,1,0,1,0,0,0
3,4505993,1,8.00,A,A,3,1,0,1,0,1,0,0,1,0,1,0,1,0,0,0
3,4505566,1,4.00,A,A,5,1,1,1,1,1,0,0,1,1,1,1,1,0,0,0
3,4506205,1,3.00,A,A,3,1,0,1,0,1,0,0,1,0,1,0,1,0,0,0
3,4505361,1,10.00,A,A,4,1,0,1,1,1,0,0,1,0,1,1,1,0,0,0
3,4505521,1,8.00,A,A,3,1,0,1,0,1,0,0,1,0,1,0,1,0,0,0
3,4505565,1,4.00,A,A,3,1,0,1,0,1,0,0,1,0,1,0,1,0,0,0
3,4505800,1,8.00,A,A,3,1,0,1,0,1,0,0,1,0,1,0,1,0,0,0
3,4505904,2,16.00,A,A,3,1,0,1,0,1,0,0,1,0,1,0,1,0,0,0
3,4505931,11,88.00,A,A,3,1,0,1,0,1,0,0,1,0,1,0,1,0,0,0
3,4506021,1,8.00,A,A,5,1,1,1,1,1,0,0,1,1,1,1,1,0,0,0
3,4506174,1,6.00,A,A,3,1,0,1,0,1,0,0,1,0,1,0,1,0,0,0
3,4506265,1,8.00,A,A,5,1,1,1,1,1,0,0,1,1,1,1,1,0,0,0
3,4506486,2,12.00,A,A,5,1,1,1,1,1,0,0,1,1,1,1,1,0,0,0
3,4506673,1,10.00,A,A,5,1,1,1,1,1,0,0,1,1,1,1,1,0,0,0
3,4506704,1,8.00,A,A,4,1,0,1,1,1,0,0,1,0,1,1,1,0,0,0
3,4505591,1,6.00,A,A,3,1,0,1,0,1,0,0,1,0,1,0,1,0,0,0
3,4506394,1,4.00,A,A,3,1,0,1,0,1,0,0,1,0,1,0,1,0,0,0
3,4506482,2,16.00,A,A,3,1,0,1,0,1,0,0,1,0,1,0,1,0,0,0
3,4505450,1,10.00,A,A,3,1,0,1,0,1,0,0,1,0,1,0,1,0,0,0
3,4505453,1,8.00,A,A,3,1,0,1,0,1,0,0,1,0,1,0,1,0,0,0
3,4505961,1,4.00,A,A,3,1,0,1,0,1,0,0,1,0,1,0,1,0,0,0
3,4506267,1,6.00,A,A,3,1,0,1,0,1,0,0,1,0,1,0,1,0,0,0
3,4506699,1,8.00,A,A,3,1,0,1,0,1,0,0,1,0,1,0,1,0,0,0
3,4506428,1,8.00,A,A,3,1,0,1,0,1,0,0,1,0,1,0,1,0,0,0
3,4505228,1,4.00,A,A,3,1,0,1,0,1,0,0,1,0,1,0,1,0,0,0
3,4505403,1,8.00,A,A,3,1,0,1,0,1,0,0,1,0,1,0,1,0,0,0
3,4505299,1,4.00,A,A,3,1,0,1,0,1,0,0,1,0,1,0,1,0,0,0
3,4505593,1,2.00,A,A,3,1,0,1,0,1,0,0,1,0,1,0,1,0,0,0
3,4505842,3,24.00,A,A,4,1,0,1,1,1,0,0,1,0,1,1,1,0,0,0
3,4506204,1,4.00,A,A,3,1,0,1,0,1,0,0,1,0,1,0,1,0,0,0
3,4505251,1,6.00,A,A,3,1,0,1,0,1,0,0,1,0,1,0,1,0,0,0
3,4505777,1,8.00,A,A,5,1,1,1,1,1,0,0,1,1,1,1,1,0,0,0
3,4506547,1,8.00,A,A,3,1,0,1,0,1,0,0,1,0,1,0,1,0,0,0
3,4505296,1,3.00,A,A,3,1,0,1,0,1,0,0,1,0,1,0,1,0,0,0
3,4505320,1,4.00,A,A,5,1,1,1,1,1,0,0,1,1,1,1,1,0,0,0
3,4505875,2,12.00,A,A,3,1,0,1,0,1,0,0,1,0,1,0,1,0,0,0
3,4506027,1,6.00,A,A,4,1,0,1,1,1,0,0,1,0,1,1,1,0,0,0
3,4506209,1,6.00,A,A,3,1,0,1,0,1,0,0,1,0,1,0,1,0,0,0
3,4506734,1,6.00,A,A,3,1,0,1,0,1,0,0,1,0,1,0,1,0,0,0
3,4505821,1,8.00,A,A,3,1,0,0,1,1,0,0,1,0,0,1,1,0,0,0
3,4505791,1,8.00,A,A,5,1,1,1,1,1,0,0,1,1,1,1,1,0,0,0
3,4506173,1,4.00,A,A,4,1,1,1,1,0,0,0,1,1,1,1,0,0,0,0
3,4506637,1,8.00,A,A,5,1,1,1,1,1,0,0,1,1,1,1,1,0,0,0
3,4506206,1,8.00,A,A,3,1,0,1,1,0,0,0,1,0,1,1,0,0,0,0
3,4506487,6,24.00,A,A,5,1,1,1,1,1,0,0,1,1,1,1,1,0,0,0
3,4505822,1,6.00,A,A,5,1,1,1,1,1,0,0,1,1,1,1,1,0,0,0
3,4506520,1,10.00,A,A,3,1,0,1,0,1,0,0,1,0,1,0,1,0,0,0
3,4505726,1,3.00,A,A,3,1,0,1,0,1,0,0,1,0,1,0,1,0,0,0
3,4505469,1,8.00,A,A,3,1,1,0,1,0,0,0,1,1,0,1,0,0,0,0
3,4505301,1,8.00,A,A,2,1,0,0,1,0,0,0,1,0,0,1,0,0,0,0
3,4506049,1,6.00,A,A,2,1,0,0,1,0,0,0,1,0,0,1,0,0,0,0
3,4506362,1,3.00,A,A,3,1,0,1,0,1,0,0,1,0,1,0,1,0,0,0
3,4505208,1,8.00,A,A,3,1,0,1,0,1,0,0,1,0,1,0,1,0,0,0
3,4506425,5,40.00,A,A,3,1,0,1,0,1,0,0,1,0,1,0,1,0,0,0
3,4505384,1,6.00,A,A,4,1,0,1,1,1,0,0,1,0,1,1,1,0,0,0
3,4505407,1,8.00,A,A,5,1,1,1,1,1,0,0,1,1,1,1,1,0,0,0
3,4505987,1,8.00,A,A,3,1,0,1,0,1,0,0,1,0,1,0,1,0,0,0
3,4506025,1,8.00,A,A,3,1,0,1,0,1,0,0,1,0,1,0,1,0,0,0
3,4506335,1,6.00,A,A,3,1,0,1,0,1,0,0,1,0,1,0,1,0,0,0
3,4506423,1,10.00,A,A,5,1,1,1,1,1,0,0,1,1,1,1,1,0,0,0
3,4506459,1,8.00,A,A,2,1,0,0,1,0,0,0,1,0,0,1,0,0,0,0
3,4506733,1,8.00,A,A,2,1,0,0,1,0,0,0,1,0,0,1,0,0,0,0
3,4506608,1,10.00,A,A,5,1,1,1,1,1,0,0,1,1,1,1,1,0,0,0
3,4505561,2,16.00,A,A,4,1,1,1,0,1,0,0,1,1,1,0,1,0,0,0
3,4506731,1,10.00,A,A,4,1,0,1,1,1,0,0,1,0,1,1,1,0,0,0
3,4505965,2,16.00,A,A,4,1,0,1,1,1,0,0,1,0,1,1,1,0,0,0
3,4506086,1,8.00,A,A,4,1,0,1,1,1,0,0,1,0,1,1,1,0,0,0
3,4506056,1,8.00,A,A,4,1,0,1,1,1,0,0,1,0,1,1,1,0,0,0
3,4505278,1,8.00,A,A,4,1,1,0,1,1,0,0,1,0,1,1,1,0,0,1
3,4505728,1,8.00,A,A,4,1,1,1,0,1,0,0,1,1,1,0,1,0,0,0
3,4505872,8,32.00,A,A,4,1,0,1,1,1,0,0,1,1,1,0,1,0,0,1
3,4505683,1,6.00,A,A,4,1,0,1,1,1,0,0,1,1,1,0,1,0,0,1
3,4505776,1,10.00,A,A,4,1,1,0,1,1,0,0,1,0,1,1,1,0,0,1
3,4505880,2,24.00,A,A,4,1,1,1,0,1,0,0,1,1,1,0,1,0,0,0
3,4505563,2,16.00,A,A,4,1,1,1,0,1,0,0,1,1,1,0,1,0,0,0
3,4505293,1,4.00,A,A,4,1,0,1,1,1,0,0,1,1,1,0,1,0,0,1
3,4505467,1,4.00,A,A,4,1,1,0,1,1,0,0,1,1,1,0,1,0,0,1
3,4506643,1,8.00,A,A,4,1,1,0,1,1,0,0,1,0,1,1,1,0,0,1
3,4505400,1,6.00,A,A,4,1,1,0,1,1,0,0,1,1,1,0,1,0,0,1
3,4505470,1,8.00,A,A,4,1,0,1,1,1,0,0,1,0,1,1,1,0,0,0
3,4505427,1,8.00,A,A,4,1,1,0,1,1,0,0,1,0,1,1,1,0,0,1
3,4505514,1,8.00,A,A,4,1,1,0,1,1,0,0,1,1,0,1,1,0,0,0
3,4505916,1,4.00,A,A,4,1,0,1,1,1,0,0,1,0,1,1,1,0,0,0
3,4505708,1,3.00,A,A,4,1,0,1,1,1,0,0,1,1,1,0,1,0,0,1
3,4506274,2,16.00,A,A,4,1,1,1,0,1,0,0,1,0,1,1,1,0,0,1
3,4506421,1,4.00,A,A,4,1,1,0,1,1,0,0,1,0,1,1,1,0,0,1
3,4505958,1,6.00,A,A,4,1,1,1,0,1,0,0,1,1,1,0,1,0,0,0
3,4505795,1,2.00,A,A,4,1,0,1,1,1,0,0,1,1,1,1,0,0,0,1
3,4505860,1,4.00,A,A,4,1,1,1,0,1,0,0,1,1,1,1,0,0,0,1
3,4505661,1,8.00,A,A,2,0,1,0,1,0,0,0,1,0,0,1,0,0,0,1
3,4506756,1,6.00,A,A,2,0,1,0,0,1,0,0,1,0,0,1,0,0,0,1
3,4505862,1,6.00,A,A,2,1,0,0,1,0,0,0,1,0,0,1,0,0,0,0
3,4506017,1,10.00,A,A,2,1,0,0,0,1,0,0,1,0,0,1,0,0,0,1
3,4506509,1,6.00,A,A,2,0,1,0,0,1,0,0,1,0,0,1,0,0,0,1
3,4506796,1,8.00,A,A,2,1,0,0,0,1,0,0,1,0,0,0,1,0,0,0
3,4505771,2,8.00,A,A,2,1,0,0,1,0,0,0,1,0,0,1,0,0,0,0
3,4505915,1,6.00,A,A,2,1,0,0,0,1,0,0,1,0,0,0,1,0,0,0
3,4505270,1,2.00,A,A,2,1,0,0,0,1,0,0,1,0,0,0,1,0,0,0
3,4506805,1,8.00,A,A,2,0,1,0,0,1,0,0,1,0,0,1,0,0,0,1
3,4506133,1,8.00,A,A,2,0,1,0,0,1,0,0,1,0,0,1,0,0,0,1
3,4506592,1,8.00,A,A,2,0,1,0,0,1,0,0,1,0,0,1,0,0,0,1
3,4506164,1,8.00,A,A,2,0,1,0,0,1,0,0,1,0,0,1,0,0,0,1
3,4506828,1,6.00,A,A,2,0,1,0,0,1,0,0,1,0,0,1,0,0,0,1
3,4505885,1,6.00,A,A,2,1,0,0,1,0,0,0,1,0,0,1,0,0,0,0
3,4506103,1,2.00,A,A,2,0,1,0,0,1,0,0,1,0,0,1,0,0,0,1
3,4506237,1,8.00,A,A,2,1,0,0,1,0,0,0,1,0,0,1,0,0,0,0
3,4505912,1,8.00,A,A,2,1,0,0,1,0,0,0,1,0,0,1,0,0,0,0
3,4507266,1,6.00,A,A,2,0,1,0,0,1,0,0,1,0,0,1,0,0,0,1
3,4505934,1,6.00,A,A,2,1,0,0,1,0,0,0,1,0,0,1,0,0,0,0
3,4506562,1,2.00,A,A,2,0,1,0,0,1,0,0,1,0,0,1,0,0,0,1
3,4506500,1,2.00,A,A,2,0,1,0,0,1,0,0,1,0,0,1,0,0,0,1
3,4506368,1,4.00,A,A,2,1,0,0,1,0,0,0,1,0,0,1,0,0,0,0
3,4506501,1,4.00,A,A,2,0,1,0,0,1,0,0,1,0,0,1,0,0,0,1
3,4506145,1,4.00,A,A,2,1,0,0,1,0,0,0,1,0,0,1,0,0,0,0
3,4506982,1,2.00,A,A,2,0,1,0,0,1,0,0,1,0,0,1,0,0,0,1
3,4506449,1,4.00,A,A,2,0,1,0,1,0,0,0,1,0,0,1,0,0,0,1
3,4507101,2,4.00,A,A,2,0,1,0,1,0,0,0,1,0,0,1,0,0,0,1
3,4505981,1,2.00,A,A,2,0,1,0,0,1,0,0,1,0,0,1,0,0,0,1
3,4506602,1,2.00,A,A,2,0,1,0,0,1,0,0,1,0,0,1,0,0,0,1
3,4507319,3,6.00,A,A,2,0,1,0,0,1,0,0,1,0,0,1,0,0,0,1
3,4506578,1,4.00,A,A,2,1,0,0,1,0,0,0,1,0,0,1,0,0,0,0
3,4506010,1,4.00,A,A,2,0,1,0,0,1,0,0,1,0,0,1,0,0,0,1
3,4506090,1,8.00,A,A,2,1,0,0,1,0,0,0,1,0,0,1,0,0,0,0
3,4506165,1,8.00,A,A,2,0,1,0,0,1,0,0,1,0,0,1,0,0,0,1
3,4506695,1,4.00,A,A,2,0,1,0,1,0,0,0,1,0,0,1,0,0,0,1
3,4506331,1,4.00,A,A,2,1,0,0,1,0,0,0,1,0,0,1,0,0,0,0
3,4505964,1,6.00,A,A,2,1,0,0,1,0,0,0,1,0,0,1,0,0,0,0
3,4506510,4,8.00,A,A,2,0,1,0,0,1,0,0,1,0,0,1,0,0,0,1
3,4506685,1,8.00,A,A,2,0,1,0,0,1,0,0,1,0,0,1,0,0,0,1
3,4506576,1,10.00,A,A,2,1,0,0,1,0,0,0,1,0,0,1,0,0,0,0
3,4506411,1,4.00,A,A,2,0,1,0,0,1,0,0,1,0,0,1,0,0,0,1
3,4505933,1,4.00,A,A,2,1,0,0,1,0,0,0,1,0,0,1,0,0,0,0
3,4506667,1,8.00,A,A,2,0,1,0,0,1,0,0,1,0,0,1,0,0,0,1
3,4506380,1,8.00,A,A,2,0,1,0,0,1,0,0,1,0,0,1,0,0,0,1
3,4506563,1,8.00,A,A,2,0,1,0,0,1,0,0,1,0,0,1,0,0,0,1
3,4506919,1,8.00,A,A,2,0,1,0,0,1,0,0,1,0,0,1,0,0,0,1
3,4506318,1,6.00,A,A,2,0,1,0,0,1,0,0,1,0,0,1,0,0,0,1
3,4506792,1,6.00,A,A,2,1,0,0,1,0,0,0,1,0,0,1,0,0,0,0
3,4506523,1,6.00,A,A,2,1,0,0,1,0,0,0,1,0,0,1,0,0,0,0
3,4506761,1,4.00,A,A,2,1,0,0,1,0,0,0,1,0,0,1,0,0,0,0
3,4506524,1,4.00,A,A,2,1,0,0,1,0,0,0,1,0,0,1,0,0,0,0
3,4506569,1,8.00,A,A,2,0,1,0,0,1,0,0,1,0,0,1,0,0,0,1
3,4506860,1,2.00,A,A,2,0,1,0,0,1,0,0,1,0,0,1,0,0,0,1
3,4506625,1,8.00,A,A,2,0,1,0,0,1,0,0,1,0,0,1,0,0,0,1
3,4506424,1,8.00,A,A,2,1,0,0,1,0,0,0,1,0,0,1,0,0,0,0
3,4506507,1,8.00,A,A,2,0,1,0,0,1,0,0,1,0,0,1,0,0,0,1
3,4506286,1,10.00,A,A,2,0,1,0,0,1,0,0,1,0,0,1,0,0,0,1
3,4506656,1,6.00,A,A,2,0,1,0,0,1,0,0,1,0,0,1,0,0,0,1
3,4505225,2,16.00,A,A,2,1,0,0,0,1,0,0,1,0,0,0,1,0,0,0
3,4506392,1,12.00,A,A,2,1,0,0,1,0,0,0,1,0,0,1,0,0,0,0
3,4506260,1,8.00,A,A,2,0,1,0,0,1,0,0,1,0,0,1,0,0,0,1
3,4505727,1,3.00,A,A,2,1,0,0,0,1,0,0,1,0,0,0,1,0,0,0
3,4505990,1,8.00,A,A,2,1,0,0,1,0,0,0,1,0,0,1,0,0,0,0
3,4506891,1,8.00,A,A,2,0,1,0,1,0,0,0,1,0,0,1,0,0,0,1
3,4506422,1,6.00,A,A,2,1,0,0,1,0,0,0,1,0,0,1,0,0,0,0
3,4506060,1,8.00,A,A,2,1,0,0,1,0,0,0,1,0,0,1,0,0,0,0
3,4505962,1,8.00,A,A,2,1,0,0,1,0,0,0,1,0,0,1,0,0,0,0
3,4507238,1,2.00,A,A,2,0,1,0,0,1,0,0,1,0,0,1,0,0,0,1
3,4506572,1,8.00,A,A,2,0,1,0,0,1,0,0,1,0,0,1,0,0,0,1
3,4506028,1,4.00,A,A,2,1,0,0,1,0,0,0,1,0,0,1,0,0,0,0
3,4506233,1,8.00,A,A,2,0,1,0,0,1,0,0,1,0,0,1,0,0,0,1
3,4507009,1,8.00,A,A,2,0,1,0,0,1,0,0,1,0,0,1,0,0,0,1
3,4505917,6,24.00,A,A,2,1,0,0,1,0,0,0,1,0,0,1,0,0,0,0
3,4506663,1,8.00,A,A,2,0,1,0,0,1,0,0,1,0,0,1,0,0,0,1
3,4506644,1,2.00,A,A,2,1,0,0,1,0,0,0,1,0,0,1,0,0,0,0
3,4505815,1,8.00,A,A,2,1,0,0,0,1,0,0,1,0,0,0,1,0,0,0
3,4506446,1,10.00,A,A,2,0,1,0,0,1,0,0,1,0,0,1,0,0,0,1
3,4506546,1,8.00,A,A,2,1,0,0,1,0,0,0,1,0,0,1,0,0,0,0
3,4506784,1,8.00,A,A,2,0,1,0,0,1,0,0,1,0,0,1,0,0,0,1
3,4506745,1,2.00,A,A,2,0,1,0,0,1,0,0,1,0,0,1,0,0,0,1
3,4506518,1,6.00,A,A,2,1,0,0,1,0,0,0,1,0,0,1,0,0,0,0
3,4506599,1,6.00,A,A,2,0,1,0,0,1,0,0,1,0,0,1,0,0,0,1
3,4506195,1,8.00,A,A,2,0,1,0,0,1,0,0,1,0,0,1,0,0,0,1
3,4506978,1,4.00,A,A,2,0,1,0,0,1,0,0,1,0,0,1,0,0,0,1
3,4506292,1,8.00,A,A,2,0,1,0,0,1,0,0,1,0,0,1,0,0,0,1
3,4506640,1,8.00,A,A,2,1,0,0,1,0,0,0,1,0,0,1,0,0,0,0
3,4506613,1,2.00,A,A,2,1,0,0,0,1,0,0,1,0,0,1,0,0,0,1
3,4506201,2,12.00,A,A,2,0,1,0,0,1,0,0,1,0,0,1,0,0,0,1
3,4506763,1,8.00,A,A,2,1,0,0,1,0,0,0,1,0,0,1,0,0,0,0
3,4506170,1,8.00,A,A,2,0,1,0,0,1,0,0,1,0,0,1,0,0,0,1
3,4506835,1,6.00,A,A,2,0,1,0,0,1,0,0,1,0,0,1,0,0,0,1
3,4506722,1,8.00,A,A,2,0,1,0,0,1,0,0,1,0,0,1,0,0,0,1
3,4506457,1,6.00,A,A,2,1,0,0,1,0,0,0,1,0,0,1,0,0,0,0
3,4505889,1,2.00,A,A,2,1,0,0,1,0,0,0,1,0,0,1,0,0,0,0
3,4506886,1,3.00,A,A,2,0,1,0,0,1,0,0,1,0,0,1,0,0,0,1
3,4506460,1,3.00,A,A,2,1,0,0,1,0,0,0,1,0,0,1,0,0,0,0
3,4505996,1,6.00,A,A,2,1,0,0,1,0,0,0,1,0,0,1,0,0,0,0
3,4506200,2,16.00,A,A,2,0,1,0,0,1,0,0,1,0,0,1,0,0,0,1
3,4506366,1,6.00,A,A,2,1,0,0,1,0,0,0,1,0,0,1,0,0,0,0
3,4506364,1,8.00,A,A,2,1,0,0,0,1,0,0,1,0,0,1,0,0,0,1
3,4506365,1,8.00,A,A,2,1,0,0,1,0,0,0,1,0,0,1,0,0,0,0
3,4506478,1,8.00,A,A,2,0,1,0,0,1,0,0,1,0,0,1,0,0,0,1
3,4506811,1,6.00,A,A,2,0,1,0,0,1,0,0,1,0,0,1,0,0,0,1
3,4506832,1,4.00,A,A,2,0,1,0,0,1,0,0,1,0,0,1,0,0,0,1
3,4506794,1,8.00,A,A,2,1,0,0,0,1,0,0,1,0,0,1,0,0,0,1
3,4506839,1,4.00,A,A,2,0,1,0,0,1,0,0,1,0,0,1,0,0,0,1
3,4506358,2,6.00,A,A,2,1,0,0,1,0,0,0,1,0,0,1,0,0,0,0
3,4506272,2,16.00,A,A,2,1,0,0,0,1,0,0,1,0,0,1,0,0,0,1
3,4506181,1,6.00,A,A,2,1,0,0,1,0,0,0,1,0,0,1,0,0,0,0
3,4505995,1,8.00,A,A,2,1,0,0,1,0,0,0,1,0,0,1,0,0,0,0
3,4506211,1,3.00,A,A,2,1,0,0,1,0,0,0,1,0,0,1,0,0,0,0
3,4506735,1,8.00,A,A,2,1,0,0,1,0,0,0,1,0,0,1,0,0,0,0
3,4505967,1,4.00,A,A,2,1,0,0,1,0,0,0,1,0,0,1,0,0,0,0
3,4506863,1,6.00,A,A,2,0,1,0,0,1,0,0,1,0,0,1,0,0,0,1
3,4506795,2,12.00,A,A,2,1,0,0,0,1,0,0,1,0,0,1,0,0,0,1
3,4506472,1,8.00,A,A,2,0,1,0,0,1,0,0,1,0,0,1,0,0,0,1
3,4507071,1,6.00,A,A,2,0,1,0,0,1,0,0,1,0,0,1,0,0,0,1
3,4506838,1,6.00,A,A,2,0,1,0,1,0,0,0,1,0,0,1,0,0,0,1
3,4506642,1,3.00,A,A,2,1,0,0,1,0,0,0,1,0,0,1,0,0,0,0
3,4507155,1,8.00,A,A,2,0,1,0,0,1,0,0,1,0,0,1,0,0,0,1
3,4506568,1,6.00,A,A,2,0,1,0,0,1,0,0,1,0,0,1,0,0,0,1
3,4506389,1,8.00,A,A,2,1,0,0,1,0,0,0,1,0,0,1,0,0,0,0
3,4506294,1,8.00,A,A,2,0,1,0,0,1,0,0,1,0,0,1,0,0,0,1
3,4506112,1,3.00,A,A,2,1,0,0,1,0,0,0,1,0,0,1,0,0,0,0
3,4505666,1,8.00,A,A,2,1,0,0,1,0,0,0,1,0,0,1,0,0,0,0
3,4506690,1,4.00,A,A,2,0,1,0,1,0,0,0,1,0,0,1,0,0,0,1
3,4507040,1,8.00,A,A,2,0,1,0,0,1,0,0,1,0,0,1,0,0,0,1
3,4505887,1,8.00,A,A,2,1,0,0,1,0,0,0,1,0,0,1,0,0,0,0
3,4506780,1,8.00,A,A,2,0,1,0,0,1,0,0,1,0,0,1,0,0,0,1
3,4506427,1,8.00,A,A,2,1,0,0,0,1,0,0,1,0,0,1,0,0,0,1
3,4506058,1,2.00,A,A,2,1,0,0,1,0,0,0,1,0,0,1,0,0,0,0
3,4506041,1,8.00,A,A,2,0,1,0,0,1,0,0,1,0,0,1,0,0,0,1
3,4506367,1,6.00,A,A,2,1,0,0,0,1,0,0,1,0,0,1,0,0,0,1
3,4506458,1,8.00,A,A,2,1,0,0,1,0,0,0,1,0,0,1,0,0,0,0
3,4505569,1,8.00,A,A,2,1,0,0,0,1,0,0,1,0,0,1,0,0,0,1
3,4506149,1,6.00,A,A,2,1,0,0,1,0,0,0,1,0,0,1,0,0,0,0
3,4506868,1,8.00,A,A,2,0,1,0,1,0,0,0,1,0,0,1,0,0,0,1
3,4507011,1,8.00,A,A,2,0,1,0,0,1,0,0,1,0,0,1,0,0,0,1
3,4506052,1,2.00,A,A,2,1,0,0,1,0,0,0,1,0,0,1,0,0,0,0
3,4506594,1,4.00,A,A,2,0,1,0,0,1,0,0,1,0,0,1,0,0,0,1
3,4506718,1,4.00,A,A,2,0,1,0,0,1,0,0,1,0,0,1,0,0,0,1
3,4505861,1,8.00,A,A,2,1,0,0,1,0,0,0,1,0,0,1,0,0,0,0
3,4507183,1,4.00,A,A,2,0,1,0,0,1,0,0,1,0,0,1,0,0,0,1
3,4505908,1,4.00,A,A,2,1,0,0,1,0,0,0,1,0,0,1,0,0,0,0
3,4506688,1,6.00,A,A,2,0,1,0,0,1,0,0,1,0,0,1,0,0,0,1
3,4505840,1,4.00,A,A,2,1,0,0,1,0,0,0,1,0,0,1,0,0,0,0
3,4505881,1,8.00,A,A,2,1,0,0,1,0,0,0,1,0,0,1,0,0,0,0
3,4506026,1,8.00,A,A,2,1,0,0,1,0,0,0,1,0,0,1,0,0,0,0
3,4506231,1,8.00,A,A,2,0,1,0,0,1,0,0,1,0,0,1,0,0,0,1
3,4506662,2,16.00,A,A,2,0,1,0,1,0,0,0,1,0,0,1,0,0,0,1
3,4506075,1,4.00,A,A,2,0,1,0,0,1,0,0,1,0,0,1,0,0,0,1
3,4506151,1,8.00,A,A,2,1,0,0,0,1,0,0,1,0,0,1,0,0,0,1
3,4506514,1,6.00,A,A,2,1,0,0,1,0,0,0,1,0,0,1,0,0,0,0
3,4506384,1,8.00,A,A,2,0,1,0,0,1,0,0,1,0,0,1,0,0,0,1
3,4506606,1,4.00,A,A,2,1,0,0,1,0,0,0,1,0,0,1,0,0,0,0
3,4506271,1,8.00,A,A,2,1,0,0,0,1,0,0,1,0,0,1,0,0,0,1
3,4506480,1,3.00,A,A,2,0,1,0,0,1,0,0,1,0,0,1,0,0,0,1
3,4506887,2,16.00,A,A,2,0,1,0,1,0,0,0,1,0,0,1,0,0,0,1
3,4505473,1,8.00,A,A,2,1,0,0,1,0,0,0,1,0,0,1,0,0,0,0
3,4506452,1,2.00,A,A,2,1,0,0,1,0,0,0,1,0,0,1,0,0,0,0
3,4506694,1,8.00,A,A,2,0,1,0,0,1,0,0,1,0,0,1,0,0,0,1
3,4506387,1,8.00,A,A,2,0,1,0,0,1,0,0,1,0,0,1,0,0,0,1
3,4506864,1,8.00,A,A,2,0,1,0,0,1,0,0,1,0,0,1,0,0,0,1
3,4505430,1,4.00,A,A,2,1,0,0,1,0,0,0,1,0,0,1,0,0,0,0
3,4507039,1,4.00,A,A,2,0,1,0,0,1,0,0,1,0,0,1,0,0,0,1
3,4506732,2,8.00,A,A,2,1,0,0,0,1,0,0,1,0,0,1,0,0,0,1
3,4506319,1,6.00,A,A,2,0,1,0,0,1,0,0,1,0,0,1,0,0,0,1
3,4505452,1,4.00,A,A,2,1,0,0,1,0,0,0,1,0,0,1,0,0,0,0
3,4506951,1,6.00,A,A,2,0,1,0,0,1,0,0,1,0,0,1,0,0,0,1
3,4506083,1,8.00,A,A,2,0,1,0,1,0,0,0,1,0,0,1,0,0,0,1
3,4505960,1,2.00,A,A,2,1,0,0,1,0,0,0,1,0,0,1,0,0,0,0
3,4505570,1,2.00,A,A,2,1,0,0,1,0,0,0,1,0,0,1,0,0,0,0
3,4505387,1,6.00,A,A,2,1,0,0,1,0,0,0,1,0,0,1,0,0,0,0
3,4506250,1,8.00,A,A,2,0,1,0,0,1,0,0,1,0,0,1,0,0,0,1
3,4506146,1,6.00,A,A,2,1,0,1,0,0,0,0,1,0,0,1,0,0,0,1
3,4505567,1,6.00,A,A,2,1,0,0,1,0,0,0,1,0,0,1,0,0,0,0
3,4505366,1,6.00,A,A,2,1,0,0,1,0,0,0,1,0,0,1,0,0,0,0
3,4506543,1,4.00,A,A,2,0,1,0,0,1,0,0,1,0,0,1,0,0,0,1
3,4506752,1,8.00,A,A,2,0,1,0,1,0,0,0,1,0,0,1,0,0,0,1
3,4506293,1,6.00,A,A,2,0,1,0,0,1,0,0,1,0,0,1,0,0,0,1
3,4506751,1,2.00,A,A,2,0,1,0,0,1,0,0,1,0,0,1,0,0,0,1
3,4506390,1,4.00,A,A,2,1,0,0,1,0,0,0,1,0,0,1,0,0,0,0
3,4506747,1,6.00,A,A,2,0,1,0,0,1,0,0,1,0,0,1,0,0,0,1
3,4505914,1,8.00,A,A,2,1,0,0,1,0,0,0,1,0,0,1,0,0,0,0
3,4507185,1,8.00,A,A,2,0,1,0,0,1,0,0,1,0,0,1,0,0,0,1
3,4506477,1,6.00,A,A,2,0,1,0,0,1,0,0,1,0,0,1,0,0,0,1
3,4507293,1,3.00,A,A,2,0,1,0,0,1,0,0,1,0,0,1,0,0,0,1
3,4505937,1,8.00,A,A,2,1,0,0,1,0,0,0,1,0,0,1,0,0,0,0
3,4506202,1,8.00,A,A,2,0,1,0,0,1,0,0,1,0,0,1,0,0,0,1
3,4507098,1,6.00,A,A,2,0,1,0,0,1,0,0,1,0,0,1,0,0,0,1
3,4506258,1,8.00,A,A,2,0,1,0,0,1,0,0,1,0,0,1,0,0,0,1
3,4506349,1,8.00,A,A,2,0,1,0,0,1,0,0,1,0,0,1,0,0,0,1
3,4506508,1,6.00,A,A,2,0,1,0,0,1,0,0,1,0,0,1,0,0,0,1
3,4506600,1,6.00,A,A,2,0,1,0,1,0,0,0,1,0,0,1,0,0,0,1
3,4506633,1,4.00,A,A,2,0,1,0,0,1,0,0,1,0,0,1,0,0,0,1
3,4506634,1,6.00,A,A,2,0,1,0,0,1,0,0,1,0,0,1,0,0,0,1
3,4506385,1,6.00,A,A,2,0,1,0,0,1,0,0,1,0,0,1,0,0,0,1
3,4506323,1,8.00,A,A,2,0,1,0,0,1,0,0,1,0,0,1,0,0,0,1
3,4506980,1,4.00,A,A,2,0,1,0,0,1,0,0,1,0,0,1,0,0,0,1
3,4506357,1,8.00,A,A,2,0,1,0,0,1,0,0,1,0,0,1,0,0,0,1
3,4506513,1,4.00,A,A,2,1,0,0,1,0,0,0,1,0,0,1,0,0,0,0
3,4506597,1,8.00,A,A,2,0,1,0,0,1,0,0,1,0,0,1,0,0,0,1
3,4506447,1,8.00,A,A,2,0,1,0,0,1,0,0,1,0,0,1,0,0,0,1
3,4506051,1,8.00,A,A,2,1,0,0,1,0,0,0,1,0,0,1,0,0,0,0
3,4506443,2,16.00,A,A,2,0,1,0,0,1,0,0,1,0,0,1,0,0,0,1
3,4506785,1,8.00,A,A,2,0,1,0,0,1,0,0,1,0,0,1,0,0,0,1
3,4506836,1,6.00,A,A,2,0,1,0,0,1,0,0,1,0,0,1,0,0,0,1
3,4506169,1,6.00,A,A,2,0,1,0,0,1,0,0,1,0,0,1,0,0,0,1
3,4506266,1,8.00,A,A,2,1,0,0,1,0,0,0,1,0,0,1,0,0,0,0
3,4507136,1,2.00,A,A,2,0,0,1,0,1,0,0,1,0,0,1,0,0,0,1
3,4505929,1,6.00,A,A,2,1,0,0,1,0,0,0,1,0,0,1,0,0,0,0
3,4506725,1,6.00,A,A,2,0,1,0,1,0,0,0,1,0,0,1,0,0,0,1
3,4507221,1,2.00,A,A,2,0,0,1,0,1,0,0,1,0,0,1,0,0,0,1
3,4505322,1,10.00,A,A,2,1,0,0,0,1,0,0,1,0,0,1,0,0,0,1
3,4506567,1,3.00,A,A,2,0,1,0,0,1,0,0,1,0,0,1,0,0,0,1
3,4506553,1,8.00,A,A,1,0,1,0,0,0,0,0,0,1,0,0,0,0,0,0
3,4506417,1,8.00,A,A,3,0,1,1,0,1,0,0,0,1,1,0,1,0,0,0
3,4506072,1,8.00,A,A,2,0,1,0,1,0,0,0,0,1,0,1,0,0,0,0
3,4506190,1,2.00,A,A,2,0,1,0,1,0,0,0,0,1,0,1,0,0,0,0
3,4507130,1,2.00,A,A,4,0,1,1,1,1,0,0,0,1,1,1,1,0,0,0
3,4506273,1,8.00,A,A,3,0,1,1,1,0,0,0,0,1,1,1,0,0,0,0
3,4506105,1,10.00,A,A,3,0,1,0,1,1,0,0,0,1,0,1,1,0,0,0
3,4506448,1,8.00,A,A,2,0,1,0,1,0,0,0,0,1,0,1,0,0,0,0
3,4506504,1,2.00,A,A,3,0,1,1,0,1,0,0,0,1,1,0,1,0,0,0
3,4506672,2,16.00,A,A,3,0,1,0,1,1,0,0,0,1,0,1,1,0,0,0
3,4507265,1,8.00,A,A,3,0,1,1,0,1,0,0,0,1,1,0,1,0,0,0
3,4506716,1,4.00,A,A,2,0,1,0,1,0,0,0,0,1,0,1,0,0,0,0
3,4506538,2,16.00,A,A,2,0,1,0,1,0,0,0,0,1,0,1,0,0,0,0
3,4506281,1,8.00,A,A,2,0,1,0,1,0,0,0,0,1,0,1,0,0,0,0
3,4506439,1,6.00,A,A,2,0,1,0,1,0,0,0,0,1,0,1,0,0,0,0
3,4506764,1,8.00,A,A,4,1,0,1,1,1,0,0,0,1,1,1,1,0,0,1
3,4505843,2,16.00,A,A,4,1,0,1,1,1,0,0,0,1,1,1,1,0,0,1
3,4505226,1,6.00,A,A,2,1,0,0,1,0,0,0,0,1,0,0,1,0,0,1
3,4505492,1,8.00,A,A,2,0,1,0,1,0,0,0,0,1,0,0,1,0,0,1
3,4506671,1,8.00,A,A,2,1,0,1,0,0,0,0,0,1,0,0,1,0,0,1
3,4505871,1,8.00,A,A,2,1,0,0,1,0,0,0,0,1,0,0,1,0,0,1
3,4506712,1,4.00,A,A,2,0,1,0,0,1,0,0,0,1,0,0,1,0,0,0
3,4505445,2,12.00,A,A,2,1,0,0,1,0,0,0,0,1,0,0,1,0,0,1
3,4505856,1,8.00,A,A,2,1,0,0,1,0,0,0,0,1,0,0,1,0,0,1
3,4506376,1,8.00,A,A,2,0,1,0,0,1,0,0,0,1,0,0,1,0,0,0
3,4506068,1,4.00,A,A,2,0,1,0,0,1,0,0,0,1,0,0,1,0,0,0
3,4505945,1,2.00,A,A,2,0,1,0,0,1,0,0,0,1,0,0,1,0,0,0
3,4506245,1,2.00,A,A,2,0,1,0,0,1,0,0,0,1,0,0,1,0,0,0
3,4505790,1,2.00,A,A,2,1,0,0,1,0,0,0,0,1,0,0,1,0,0,1
3,4505444,1,4.00,A,A,2,1,0,0,1,0,0,0,0,1,0,0,1,0,0,1
3,4506774,1,2.00,A,A,2,0,1,0,0,1,0,0,0,1,0,0,1,0,0,0
3,4505490,1,6.00,A,A,2,1,0,0,1,0,0,0,0,1,0,0,1,0,0,1
3,4506309,1,4.00,A,A,2,0,1,0,0,1,0,0,0,1,0,0,1,0,0,0
3,4506532,1,8.00,A,A,2,0,1,0,0,1,0,0,0,1,0,0,1,0,0,0
3,4506464,1,8.00,A,A,2,0,1,0,0,1,0,0,0,1,0,0,1,0,0,0
3,4506340,1,6.00,A,A,2,0,1,0,0,1,0,0,0,1,0,0,1,0,0,0
3,4506585,1,8.00,A,A,2,0,1,0,0,1,0,0,0,1,0,0,1,0,0,0
3,4505399,1,8.00,A,A,2,1,0,0,1,0,0,0,0,1,0,0,1,0,0,1
3,4505705,1,8.00,A,A,2,1,0,0,0,1,0,0,0,1,0,0,1,0,0,1
3,4505979,1,8.00,A,A,2,0,1,0,0,1,0,0,0,1,0,0,1,0,0,0
3,4505380,1,3.00,A,A,2,1,0,0,1,0,0,0,0,1,0,0,1,0,0,1
3,4505560,1,3.00,A,A,2,1,0,0,0,1,0,0,0,1,0,0,1,0,0,1
3,4505897,1,8.00,A,A,2,1,0,0,0,1,0,0,0,1,0,0,1,0,0,1
3,4505513,1,8.00,A,A,2,1,0,0,0,1,0,0,0,1,0,0,1,0,0,1
3,4505946,1,8.00,A,A,2,0,1,0,0,1,0,0,0,1,0,0,1,0,0,0
3,4506775,1,4.00,A,A,2,0,1,0,0,1,0,0,0,1,0,0,1,0,0,0
3,4505635,1,18.00,A,A,2,1,0,0,1,0,0,0,0,1,0,0,1,0,0,1
3,4505464,2,8.00,A,A,2,1,0,0,1,0,0,0,0,1,0,0,1,0,0,1
3,4505271,1,8.00,A,A,2,1,0,0,1,0,0,0,0,1,0,0,1,0,0,1
3,4506378,1,6.00,A,A,2,0,1,0,0,1,0,0,0,1,0,0,1,0,0,0
3,4505247,2,16.00,A,A,2,1,0,0,0,1,0,0,0,1,0,0,1,0,0,1
3,4506162,1,8.00,A,A,2,0,1,0,0,1,0,0,0,1,0,0,1,0,0,0
3,4505947,2,8.00,A,A,2,0,1,0,0,1,0,0,0,1,0,0,1,0,0,0
3,4506498,1,8.00,A,A,2,0,1,0,0,1,0,0,0,1,0,0,1,0,0,0
3,4506246,1,6.00,A,A,2,0,1,0,0,1,0,0,0,1,0,0,1,0,0,0
3,4506559,1,18.00,A,A,2,0,1,0,0,1,0,0,0,1,0,0,1,0,0,0
3,4505706,1,6.00,A,A,2,1,0,0,1,0,0,0,0,1,0,0,1,0,0,1
3,4506622,1,8.00,A,A,2,0,1,0,0,1,0,0,0,1,0,0,1,0,0,0
3,4506742,1,8.00,A,A,2,0,1,0,0,1,0,0,0,1,0,0,1,0,0,0
3,4506497,1,6.00,A,A,2,0,1,0,0,1,0,0,0,1,0,0,1,0,0,0
3,4506655,1,4.00,A,A,2,0,1,0,0,1,0,0,0,1,0,0,1,0,0,0
3,4506873,1,2.00,A,A,2,0,0,1,0,1,0,0,0,1,0,0,1,0,0,1
3,4505339,1,4.00,A,A,2,1,0,0,0,1,0,0,0,1,0,0,1,0,0,1
3,4505948,1,8.00,A,A,2,0,1,0,0,1,0,0,0,1,0,0,1,0,0,0
3,4506436,2,8.00,A,A,2,0,1,0,0,1,0,0,0,1,0,0,1,0,0,0
3,4506531,1,10.00,A,A,2,0,1,0,0,1,0,0,0,1,0,0,1,0,0,0
3,4506223,1,6.00,A,A,2,0,1,0,0,1,0,0,0,1,0,0,1,0,0,0
3,4506804,1,8.00,A,A,2,0,1,0,1,0,0,0,0,1,0,0,1,0,0,1
3,4505707,1,8.00,A,A,2,1,0,0,0,1,0,0,0,1,0,0,1,0,0,1
3,4505447,1,4.00,A,A,2,1,0,0,1,0,0,0,0,1,0,0,1,0,0,1
3,4506820,1,8.00,A,A,2,0,0,1,0,1,0,0,0,1,0,0,1,0,0,1
3,4505321,1,4.00,A,A,2,1,0,1,0,0,0,0,0,1,0,0,1,0,0,1
3,4506803,1,8.00,A,A,2,0,1,0,0,1,0,0,0,1,0,0,1,0,0,0
3,4505637,1,8.00,A,A,2,1,0,1,0,0,0,0,0,1,0,0,1,0,0,1
3,4505636,1,4.00,A,A,2,1,0,1,0,0,0,0,0,1,0,0,1,0,0,1
3,4506802,1,4.00,A,A,2,0,1,0,0,1,0,0,0,1,0,0,1,0,0,0
3,4506827,1,4.00,A,A,2,0,1,0,0,1,0,0,0,1,0,0,1,0,0,0
3,4505814,3,24.00,A,A,2,1,0,1,0,0,0,0,0,1,0,0,1,0,0,1
3,4506284,1,4.00,A,A,2,0,1,0,0,1,0,0,0,1,0,0,1,0,0,0
3,4506247,1,8.00,A,A,2,0,1,0,0,1,0,0,0,1,0,0,1,0,0,0
3,4506346,1,4.00,A,A,2,0,1,0,0,1,0,0,0,1,0,0,1,0,0,0
3,4506282,1,6.00,A,A,2,0,1,0,0,1,0,0,0,1,0,0,1,0,0,0
3,4506408,1,8.00,A,A,2,0,1,0,0,1,0,0,0,1,0,0,1,0,0,0
3,4506533,1,4.00,A,A,2,0,1,0,0,1,0,0,0,1,0,0,1,0,0,0
3,4506776,1,8.00,A,A,2,0,1,0,1,0,0,0,0,1,0,0,1,0,0,1
3,4505381,1,8.00,A,A,2,1,0,1,0,0,0,0,0,1,0,0,1,0,0,1
3,4505382,1,6.00,A,A,2,1,0,1,0,0,0,0,0,1,0,0,1,0,0,1
3,4505324,1,6.00,A,A,2,1,0,0,0,1,0,0,0,1,0,0,1,0,0,1
3,4505953,1,8.00,A,A,2,0,1,0,0,1,0,0,0,1,0,0,1,0,0,0
3,4506129,1,4.00,A,A,2,0,1,0,0,1,0,0,0,1,0,0,1,0,0,0
3,4506099,1,6.00,A,A,2,0,1,0,0,1,0,0,0,1,0,0,1,0,0,0
3,4505733,1,8.00,A,A,2,1,0,0,1,0,0,0,0,1,0,0,1,0,0,1
3,4505421,1,8.00,A,A,2,1,0,0,1,0,0,0,0,1,0,0,1,0,0,1
3,4506627,1,4.00,A,A,2,0,1,0,0,1,0,0,0,1,0,0,1,0,0,0
3,4506252,1,6.00,A,A,2,0,1,0,0,1,0,0,0,1,0,0,1,0,0,0
3,4506351,1,8.00,A,A,2,0,1,0,0,1,0,0,0,1,0,0,1,0,0,0
3,4506476,1,3.00,A,A,2,0,1,0,0,1,0,0,0,1,0,0,1,0,0,0
3,4506503,1,8.00,A,A,2,0,1,0,0,1,0,0,0,1,0,0,1,0,0,0
3,4506383,1,8.00,A,A,2,0,1,0,0,1,0,0,0,1,0,0,1,0,0,0
3,4506565,1,4.00,A,A,2,0,1,0,0,1,0,0,0,1,0,0,1,0,0,0
3,4505207,1,2.00,A,A,2,1,0,0,0,1,0,0,0,1,0,0,1,0,0,1
3,4506199,1,4.00,A,A,2,0,1,0,0,1,0,0,0,1,0,0,1,0,0,0
3,4506198,1,6.00,A,A,2,0,1,0,0,1,0,0,0,1,0,0,1,0,0,0
3,4505686,1,6.00,A,A,2,1,0,0,1,0,0,0,0,1,0,0,1,0,0,1
3,4506042,1,8.00,A,A,2,0,1,0,1,0,0,0,0,1,0,1,0,0,0,0
3,4505250,1,6.00,A,A,2,1,0,0,1,0,0,0,0,1,0,0,1,0,0,1
3,4505984,1,4.00,A,A,2,0,1,0,0,1,0,0,0,1,0,0,1,0,0,0
3,4505980,2,16.00,A,A,2,0,1,0,1,0,0,0,0,1,0,1,0,0,0,0
3,4506442,1,8.00,A,A,2,0,1,0,0,1,0,0,0,1,0,0,1,0,0,0
3,4506315,1,2.00,A,A,2,0,1,0,0,1,0,0,0,1,0,0,1,0,0,0
3,4506168,1,8.00,A,A,2,0,1,0,0,1,0,0,0,1,0,0,1,0,0,0
3,4505275,1,6.00,A,A,2,1,0,0,0,1,0,0,0,1,0,0,1,0,0,1
3,4506137,1,8.00,A,A,2,0,1,0,0,1,0,0,0,1,0,0,1,0,0,0
3,4506687,1,6.00,A,A,2,0,1,0,0,1,0,0,0,1,0,0,1,0,0,0
3,4505894,1,8.00,A,A,2,0,1,0,1,0,0,0,0,1,0,1,0,0,0,0
3,4506749,2,12.00,A,A,2,0,1,0,0,1,0,0,0,1,0,0,1,0,0,0
3,4506435,1,8.00,A,A,2,0,1,0,1,0,0,0,0,1,0,1,0,0,0,0
3,4505818,1,8.00,A,A,2,1,0,0,1,0,0,0,0,1,0,0,1,0,0,1
3,4506157,1,3.00,A,A,2,0,1,0,0,1,0,0,0,1,0,0,1,0,0,0
3,4505794,1,10.00,A,A,2,1,0,0,1,0,0,0,0,1,0,0,1,0,0,1
3,4506032,1,2.00,A,A,2,0,1,0,0,1,0,0,0,1,0,0,1,0,0,0
3,4505687,1,4.00,A,A,2,1,0,0,1,0,0,0,0,1,0,0,1,0,0,1
3,4506564,2,16.00,A,A,2,0,1,0,1,0,0,0,0,1,0,0,1,0,0,1
3,4505774,2,16.00,A,A,2,1,0,1,0,0,0,0,0,1,0,0,1,0,0,1
3,4506342,1,3.00,A,A,2,0,1,0,0,1,0,0,0,1,0,0,1,0,0,0
3,4506218,1,6.00,A,A,2,0,1,0,0,1,0,0,0,1,0,0,1,0,0,0
3,4506529,1,8.00,A,A,2,0,1,0,0,1,0,0,0,1,0,0,1,0,0,0
3,4505710,1,8.00,A,A,2,1,0,0,1,0,0,0,0,1,0,0,1,0,0,1
3,4505664,1,8.00,A,A,2,1,0,0,0,1,0,0,0,1,0,0,1,0,0,1
3,4506773,1,6.00,A,A,2,0,1,0,0,1,0,0,0,1,0,0,1,0,0,0
3,4505907,1,8.00,A,A,2,1,0,0,1,0,0,0,0,1,0,0,1,0,0,1
3,4506679,1,4.00,A,A,2,0,1,0,0,1,0,0,0,1,0,0,1,0,0,0
3,4505836,1,4.00,A,A,2,1,0,0,0,1,0,0,0,1,0,0,1,0,0,1
3,4506407,1,4.00,A,A,2,0,1,0,1,0,0,0,0,1,0,0,1,0,0,1
3,4505230,1,6.00,A,A,2,1,0,0,1,0,0,0,0,1,0,0,1,0,0,1
3,4505731,1,3.00,A,A,2,1,0,0,1,0,0,0,0,1,0,0,1,0,0,1
3,4506307,1,4.00,A,A,2,0,1,0,1,0,0,0,0,1,0,1,0,0,0,0
3,4507212,1,6.00,A,A,2,0,1,0,0,1,0,0,0,1,0,0,1,0,0,0
3,4507213,2,4.00,A,A,2,0,1,0,0,1,0,0,0,1,0,0,1,0,0,0
3,4505732,1,6.00,A,A,2,1,0,0,1,0,0,0,0,1,0,0,1,0,0,1
3,4506670,1,8.00,A,A,2,1,0,0,0,1,0,0,0,1,0,0,1,0,0,1
3,4505905,1,4.00,A,A,2,1,0,0,0,1,0,0,0,1,0,0,1,0,0,1
3,4505927,3,24.00,A,A,2,1,0,0,1,0,0,0,0,1,0,0,1,0,0,1
3,4506001,1,8.00,A,A,2,0,1,0,0,1,0,0,0,1,0,0,1,0,0,0
3,4505951,1,4.00,A,A,2,0,1,0,0,1,0,0,0,1,0,0,1,0,0,0
3,4505474,1,4.00,A,A,2,1,0,0,1,0,0,0,0,1,0,0,1,0,0,1
3,4505992,1,6.00,A,A,2,1,0,1,0,0,0,0,0,1,0,0,1,0,0,1
3,4506782,1,4.00,A,A,2,0,1,0,0,1,0,0,0,1,0,0,1,0,0,0
3,4505294,1,4.00,A,A,2,1,0,0,0,1,0,0,0,1,0,0,1,0,0,1
3,4506296,1,10.00,A,A,2,1,0,0,1,0,0,0,0,1,0,0,1,0,0,1
3,4506178,1,8.00,A,A,2,1,0,0,0,1,0,0,0,1,0,0,1,0,0,1
3,4506740,1,8.00,A,A,2,0,1,0,0,1,0,0,0,1,0,0,1,0,0,0
3,4506023,1,8.00,A,A,2,1,0,0,0,1,0,0,0,1,0,0,1,0,0,1
3,4505963,1,8.00,A,A,2,1,0,0,0,1,0,0,0,1,0,0,1,0,0,1
3,4506313,1,4.00,A,A,2,0,1,0,0,1,0,0,0,1,0,0,1,0,0,0
3,4506861,1,8.00,A,A,2,0,1,0,0,1,0,0,0,1,0,0,1,0,0,0
3,4506571,1,6.00,A,A,2,0,1,0,0,1,0,0,0,1,0,0,1,0,0,0
3,4506800,1,4.00,A,A,2,0,1,0,0,1,0,0,0,1,0,0,1,0,0,0
3,4505865,1,6.00,A,A,2,1,0,0,1,0,0,0,0,1,0,0,1,0,0,1
3,4506453,1,6.00,A,A,2,1,0,0,1,0,0,0,0,1,0,0,1,0,0,1
3,4507042,2,12.00,A,A,2,0,1,0,0,1,0,0,0,1,0,0,1,0,0,0
3,4505429,1,4.00,A,A,2,1,0,0,1,0,0,0,0,1,0,0,1,0,0,1
3,4505203,1,8.00,A,A,2,1,0,0,0,1,0,0,0,1,0,0,1,0,0,1
3,4506024,1,6.00,A,A,2,1,0,1,0,0,0,0,0,1,0,0,1,0,0,1
3,4506730,1,6.00,A,A,2,1,0,0,0,1,0,0,0,1,0,0,1,0,0,1
3,4505983,1,8.00,A,A,2,0,1,0,0,1,0,0,0,1,0,0,1,0,0,0
3,4506494,1,4.00,A,A,2,0,1,0,0,1,0,0,0,1,0,0,1,0,0,0
3,4505924,1,8.00,A,A,2,1,0,0,1,0,0,0,0,1,0,0,1,0,0,1
3,4506515,1,10.00,A,A,2,1,0,0,1,0,0,0,0,1,0,0,1,0,0,1
3,4506172,1,10.00,A,A,2,1,0,0,1,0,0,0,0,1,0,0,1,0,0,1
3,4505454,1,6.00,A,A,2,1,0,0,1,0,0,0,0,1,0,0,1,0,0,1
3,4505522,1,8.00,A,A,2,1,0,0,0,1,0,0,0,1,0,0,1,0,0,1
3,4506807,1,6.00,A,A,2,0,1,0,1,0,0,0,0,1,0,0,1,0,0,1
3,4506601,1,2.00,A,A,2,0,1,0,1,0,0,0,0,1,0,1,0,0,0,0
3,4506036,1,6.00,A,A,2,0,1,0,1,0,0,0,0,1,0,1,0,0,0,0
3,4506587,1,10.00,O,O,2,0,1,0,0,1,0,0,0,1,0,0,1,0,0,0
3,4505940,1,2.00,A,A,1,0,1,0,0,0,0,0,0,1,0,0,0,0,0,0
3,4506401,1,2.00,A,A,1,0,1,0,0,0,0,0,0,1,0,0,0,0,0,0
3,4506214,1,2.00,A,A,1,0,1,0,0,0,0,0,0,1,0,0,0,0,0,0
3,4506769,1,6.00,A,A,1,0,1,0,0,0,0,0,0,1,0,0,0,0,0,0
3,4505939,1,4.00,A,A,1,0,1,0,0,0,0,0,0,1,0,0,0,0,0,0
3,4506552,2,16.00,A,A,1,0,1,0,0,0,0,0,0,1,0,0,0,0,0,0
3,4506184,1,4.00,A,A,1,0,1,0,0,0,0,0,0,1,0,0,0,0,0,0
3,4505999,1,8.00,A,A,1,0,1,0,0,0,0,0,0,1,0,0,0,0,0,0
3,4506462,1,3.00,A,A,1,0,1,0,0,0,0,0,0,1,0,0,0,0,0,0
3,4505891,1,4.00,A,A,1,0,1,0,0,0,0,0,0,1,0,0,0,0,0,0
3,4506276,1,8.00,A,A,1,0,1,0,0,0,0,0,0,1,0,0,0,0,0,0
3,4506339,4,32.00,A,A,1,0,1,0,0,0,0,0,0,1,0,0,0,0,0,0
3,4506092,1,4.00,A,A,1,0,1,0,0,0,0,0,0,1,0,0,0,0,0,0
3,4506400,1,4.00,A,A,1,0,1,0,0,0,0,0,0,1,0,0,0,0,0,0
3,4507538,1,8.00,A,A,1,0,0,0,1,0,0,0,0,1,0,0,0,0,0,1
3,4507558,1,4.00,A,A,1,0,0,0,1,0,0,0,0,1,0,0,0,0,0,1
3,4506645,1,4.00,A,A,1,0,1,0,0,0,0,0,0,1,0,0,0,0,0,0
3,4506030,1,6.00,A,A,1,0,1,0,0,0,0,0,0,1,0,0,0,0,0,0
3,4506031,2,16.00,A,A,1,0,1,0,0,0,0,0,0,1,0,0,0,0,0,0
3,4506708,1,4.00,A,A,1,0,1,0,0,0,0,0,0,1,0,0,0,0,0,0
3,4506554,1,4.00,A,A,1,0,1,0,0,0,0,0,0,1,0,0,0,0,0,0
3,4506215,1,8.00,A,A,1,0,1,0,0,0,0,0,0,1,0,0,0,0,0,0
3,4506213,1,6.00,A,A,1,0,1,0,0,0,0,0,0,1,0,0,0,0,0,0
3,4506647,1,8.00,A,A,1,0,1,0,0,0,0,0,0,1,0,0,0,0,0,0
3,4505972,1,2.00,A,A,1,0,1,0,0,0,0,0,0,1,0,0,0,0,0,0
3,4506122,1,4.00,A,A,1,0,1,0,0,0,0,0,0,1,0,0,0,0,0,0
3,4507356,1,4.00,A,A,1,0,0,0,1,0,0,0,0,1,0,0,0,0,0,1
3,4506512,1,3.00,A,A,1,0,0,1,0,0,0,0,0,1,0,0,0,0,0,1
3,4506790,1,6.00,A,A,1,0,0,1,0,0,0,0,0,1,0,0,0,0,0,1
3,4506370,1,4.00,A,A,1,0,1,0,0,0,0,0,0,1,0,0,0,0,0,0
3,4506768,1,4.00,A,A,1,0,1,0,0,0,0,0,0,1,0,0,0,0,0,0
3,4507278,1,8.00,A,A,1,0,0,0,1,0,0,0,0,1,0,0,0,0,0,1
3,4507252,1,8.00,A,A,1,0,0,0,1,0,0,0,0,1,0,0,0,0,0,1
3,4507378,1,2.00,A,A,1,0,0,0,1,0,0,0,0,1,0,0,0,0,0,1
3,4506697,1,2.00,A,A,1,0,0,1,0,0,0,0,0,1,0,0,0,0,0,1
3,4506337,2,16.00,A,A,1,0,1,0,0,0,0,0,0,1,0,0,0,0,0,0
3,4506121,1,8.00,A,A,1,0,1,0,0,0,0,0,0,1,0,0,0,0,0,0
3,4505725,1,4.00,A,A,1,1,0,0,0,0,0,0,0,1,0,0,0,0,0,1
3,4505317,1,6.00,A,A,1,1,0,0,0,0,0,0,0,1,0,0,0,0,0,1
3,4507305,1,4.00,A,A,1,0,0,0,1,0,0,0,0,1,0,0,0,0,0,1
3,4506061,1,6.00,A,A,1,0,1,0,0,0,0,0,0,1,0,0,0,0,0,0
3,4506183,1,4.00,A,A,1,0,1,0,0,0,0,0,0,1,0,0,0,0,0,0
3,4506489,1,4.00,A,A,1,0,1,0,0,0,0,0,0,1,0,0,0,0,0,0
3,4506450,1,4.00,A,A,1,0,0,1,0,0,0,0,0,1,0,0,0,0,0,1
3,4507102,1,4.00,A,A,1,0,0,1,0,0,0,0,0,1,0,0,0,0,0,1
3,4506603,1,4.00,A,A,1,0,0,1,0,0,0,0,0,1,0,0,0,0,0,1
3,4506729,1,4.00,A,A,1,0,0,1,0,0,0,0,0,1,0,0,0,0,0,1
3,4506262,1,2.00,A,A,1,0,0,1,0,0,0,0,0,1,0,0,0,0,0,1
3,4507391,1,2.00,A,A,1,0,0,1,0,0,0,0,0,1,0,0,0,0,0,1
3,4507331,1,3.00,A,A,1,0,0,0,1,0,0,0,0,1,0,0,0,0,0,1
3,4507402,1,3.00,A,A,1,0,0,0,1,0,0,0,0,1,0,0,0,0,0,1
3,4506617,1,4.00,A,A,1,0,1,0,0,0,0,0,0,1,0,0,0,0,0,0
3,4507053,1,2.00,A,A,1,0,0,0,1,0,0,0,0,1,0,0,0,0,0,1
3,4507015,1,2.00,A,A,1,0,0,1,0,0,0,0,0,1,0,0,0,0,0,1
3,4507158,1,4.00,A,A,1,0,0,1,0,0,0,0,0,1,0,0,0,0,0,1
3,4506872,1,2.00,A,A,1,0,0,1,0,0,0,0,0,1,0,0,0,0,0,1
3,4507345,1,2.00,A,A,1,0,0,1,0,0,0,0,0,1,0,0,0,0,0,1
3,4506128,1,2.00,A,A,1,0,1,0,0,0,0,0,0,1,0,0,0,0,0,0
3,4505893,1,8.00,A,A,1,0,1,0,0,0,0,0,0,1,0,0,0,0,0,0
3,4507617,1,2.00,A,A,1,0,0,0,1,0,0,0,0,1,0,0,0,0,0,1
3,4505682,1,6.00,A,A,1,1,0,0,0,0,0,0,0,1,0,0,0,0,0,1
3,4506558,1,2.00,A,A,1,0,1,0,0,0,0,0,0,1,0,0,0,0,0,0
3,4506406,1,4.00,A,A,1,0,1,0,0,0,0,0,0,1,0,0,0,0,0,0
3,4507516,1,2.00,A,A,1,0,0,0,1,0,0,0,0,1,0,0,0,0,0,1
3,4506064,1,8.00,A,A,1,0,1,0,0,0,0,0,0,1,0,0,0,0,0,0
3,4506651,1,2.00,A,A,1,0,1,0,0,0,0,0,0,1,0,0,0,0,0,0
3,4507287,1,3.00,A,A,1,0,0,0,0,1,0,0,0,1,0,0,0,0,0,1
3,4507341,1,8.00,A,A,1,0,0,0,0,1,0,0,0,1,0,0,0,0,0,1
3,4507073,1,2.00,A,A,1,0,0,1,0,0,0,0,0,1,0,0,0,0,0,1
3,4506964,1,2.00,A,A,1,0,0,0,1,0,0,0,0,1,0,0,0,0,0,1
3,4505512,1,2.00,A,A,1,1,0,0,0,0,0,0,0,1,0,0,0,0,0,1
3,4506094,1,2.00,A,A,1,0,1,0,0,0,0,0,0,1,0,0,0,0,0,0
3,4507401,1,6.00,A,A,1,0,0,0,1,0,0,0,0,1,0,0,0,0,0,1
3,4506994,1,4.00,A,A,1,0,0,0,1,0,0,0,0,1,0,0,0,0,0,1
3,4506124,1,6.00,A,A,1,0,1,0,0,0,0,0,0,1,0,0,0,0,0,0
3,4506159,1,2.00,A,A,1,0,1,0,0,0,0,0,0,1,0,0,0,0,0,0
3,4507598,1,2.00,A,A,1,0,0,0,1,0,0,0,0,1,0,0,0,0,0,1
3,4506186,1,3.00,A,A,1,0,1,0,0,0,0,0,0,1,0,0,0,0,0,0
3,4507251,1,2.00,A,A,1,0,0,0,1,0,0,0,0,1,0,0,0,0,0,1
3,4507304,1,6.00,A,A,1,0,0,0,1,0,0,0,0,1,0,0,0,0,0,1
3,4506824,1,8.00,A,A,1,0,1,0,0,0,0,0,0,1,0,0,0,0,0,0
3,4507168,1,6.00,A,A,1,0,0,0,1,0,0,0,0,1,0,0,0,0,0,1
3,4506530,1,2.00,A,A,1,0,1,0,0,0,0,0,0,1,0,0,0,0,0,0
3,4506819,1,4.00,A,A,1,0,0,1,0,0,0,0,0,1,0,0,0,0,0,1
3,4506801,1,2.00,A,A,1,0,1,0,0,0,0,0,0,1,0,0,0,0,0,0
3,4505976,1,3.00,A,A,1,0,1,0,0,0,0,0,0,1,0,0,0,0,0,0
3,4506325,1,3.00,A,A,1,0,0,1,0,0,0,0,0,1,0,0,0,0,0,1
3,4507268,1,4.00,A,A,1,0,0,1,0,0,0,0,0,1,0,0,0,0,0,1
3,4507320,1,2.00,A,A,1,0,0,1,0,0,0,0,0,1,0,0,0,0,0,1
3,4505941,1,2.00,A,A,1,0,1,0,0,0,0,0,0,1,0,0,0,0,0,0
3,4506574,1,4.00,A,A,1,0,0,1,0,0,0,0,0,1,0,0,0,0,0,1
3,4507240,1,2.00,A,A,1,0,0,1,0,0,0,0,0,1,0,0,0,0,0,1
3,4506343,1,2.00,A,A,1,0,1,0,0,0,0,0,0,1,0,0,0,0,0,0
3,4506856,1,2.00,A,A,1,0,1,0,0,0,0,0,0,1,0,0,0,0,0,0
3,4506893,1,8.00,A,A,1,0,0,1,0,0,0,0,0,1,0,0,0,0,0,1
3,4507294,1,8.00,A,A,1,0,0,1,0,0,0,0,0,1,0,0,0,0,0,1
3,4506757,1,2.00,A,A,1,0,0,1,0,0,0,0,0,1,0,0,0,0,0,1
3,4507425,1,2.00,A,A,1,0,0,0,1,0,0,0,0,1,0,0,0,0,0,1
3,4506984,1,2.00,A,A,1,0,0,1,0,0,0,0,0,1,0,0,0,0,0,1
3,4506840,1,4.00,A,A,1,0,0,1,0,0,0,0,0,1,0,0,0,0,0,1
3,4505920,1,4.00,A,A,1,0,1,0,0,0,0,0,0,1,0,0,0,0,0,0
3,4506324,1,8.00,A,A,1,0,0,1,0,0,0,0,0,1,0,0,0,0,0,1
3,4506221,1,2.00,A,A,1,0,1,0,0,0,0,0,0,1,0,0,0,0,0,0
3,4507330,1,6.00,A,A,1,0,0,0,1,0,0,0,0,1,0,0,0,0,0,1
3,4506854,1,2.00,A,A,1,0,1,0,0,0,0,0,0,1,0,0,0,0,0,0
3,4506006,1,6.00,A,A,1,0,1,0,0,0,0,0,0,1,0,0,0,0,0,0
3,4506925,1,4.00,A,A,1,0,0,1,0,0,0,0,0,1,0,0,0,0,0,1
3,4507267,1,6.00,A,A,1,0,0,1,0,0,0,0,0,1,0,0,0,0,0,1
3,4506219,1,8.00,A,A,1,0,1,0,0,0,0,0,0,1,0,0,0,0,0,0
3,4507464,1,6.00,A,A,1,0,0,1,0,0,0,0,0,1,0,0,0,0,0,1
3,4506191,1,2.00,A,A,1,0,1,0,0,0,0,0,0,1,0,0,0,0,0,0
3,4506161,1,8.00,A,A,1,0,1,0,0,0,0,0,0,1,0,0,0,0,0,0
3,4506653,1,4.00,A,A,1,0,1,0,0,0,0,0,0,1,0,0,0,0,0,0
3,4506818,1,4.00,A,A,1,0,0,1,0,0,0,0,0,1,0,0,0,0,0,1
3,4506680,1,2.00,A,A,1,0,1,0,0,0,0,0,0,1,0,0,0,0,0,0
3,4506155,1,4.00,A,A,1,0,1,0,0,0,0,0,0,1,0,0,0,0,0,0
3,4506604,1,6.00,A,A,1,0,0,1,0,0,0,0,0,1,0,0,0,0,0,1
3,4507171,1,8.00,A,A,1,0,0,0,1,0,0,0,0,1,0,0,0,0,0,1
3,4506904,1,8.00,A,A,1,0,0,0,1,0,0,0,0,1,0,0,0,0,0,1
3,4507113,2,8.00,A,A,1,0,0,0,1,0,0,0,0,1,0,0,0,0,0,1
3,4506130,1,2.00,A,A,1,0,1,0,0,0,0,0,0,1,0,0,0,0,0,0
3,4506283,1,6.00,A,A,1,0,1,0,0,0,0,0,0,1,0,0,0,0,0,0
3,4506470,1,8.00,A,A,1,0,1,0,0,0,0,0,0,1,0,0,0,0,0,0
3,4506826,1,2.00,A,A,1,0,1,0,0,0,0,0,0,1,0,0,0,0,0,0
3,4506345,1,10.00,A,A,1,0,1,0,0,0,0,0,0,1,0,0,0,0,0,0
3,4505449,3,24.00,A,A,1,1,0,0,0,0,0,0,0,1,0,0,0,0,0,1
3,4506100,1,2.00,A,A,1,0,1,0,0,0,0,0,0,1,0,0,0,0,0,0
3,4507074,1,6.00,A,A,1,0,0,1,0,0,0,0,0,1,0,0,0,0,0,1
3,4506714,1,6.00,A,A,1,0,1,0,0,0,0,0,0,1,0,0,0,0,0,0
3,4506852,1,4.00,A,A,1,0,0,0,1,0,0,0,0,1,0,0,0,0,0,1
3,4507044,1,4.00,A,A,1,0,0,1,0,0,0,0,0,1,0,0,0,0,0,1
3,4507497,1,8.00,A,A,1,0,0,0,1,0,0,0,0,1,0,0,0,0,0,1
3,4507332,1,3.00,A,A,1,0,0,0,1,0,0,0,0,1,0,0,0,0,0,1
3,4507370,1,2.00,A,A,1,0,0,1,0,0,0,0,0,1,0,0,0,0,0,1
3,4506437,1,2.00,A,A,1,0,1,0,0,0,0,0,0,1,0,0,0,0,0,0
3,4505273,1,8.00,A,A,1,1,0,0,0,0,0,0,0,1,0,0,0,0,0,1
3,4507115,1,4.00,A,A,1,0,0,0,1,0,0,0,0,1,0,0,0,0,0,1
3,4507085,1,4.00,A,A,1,0,0,0,1,0,0,0,0,1,0,0,0,0,0,1
3,4506590,1,2.00,A,A,1,0,1,0,0,0,0,0,0,1,0,0,0,0,0,0
3,4507016,1,6.00,A,A,1,0,0,1,0,0,0,0,0,1,0,0,0,0,0,1
3,4507559,1,2.00,A,A,1,0,0,0,1,0,0,0,0,1,0,0,0,0,0,1
3,4506758,1,8.00,A,A,1,0,0,1,0,0,0,0,0,1,0,0,0,0,0,1
3,4507346,1,6.00,A,A,1,0,0,1,0,0,0,0,0,1,0,0,0,0,0,1
3,4506791,1,4.00,A,A,1,0,0,1,0,0,0,0,0,1,0,0,0,0,0,1
3,4507392,1,6.00,A,A,1,0,0,1,0,0,0,0,0,1,0,0,0,0,0,1
3,4506985,1,6.00,A,A,1,0,0,1,0,0,0,0,0,1,0,0,0,0,0,1
3,4506654,1,8.00,A,A,1,0,1,0,0,0,0,0,0,1,0,0,0,0,0,0
3,4506841,1,4.00,A,A,1,0,0,1,0,0,0,0,0,1,0,0,0,0,0,1
3,4506192,1,8.00,A,A,1,0,1,0,0,0,0,0,0,1,0,0,0,0,0,0
3,4507295,1,6.00,A,A,1,0,0,1,0,0,0,0,0,1,0,0,0,0,0,1
3,4506070,1,2.00,A,A,1,0,1,0,0,0,0,0,0,1,0,0,0,0,0,0
3,4507539,1,3.00,A,A,1,0,0,0,1,0,0,0,0,1,0,0,0,0,0,1
3,4507198,1,8.00,A,A,1,0,0,0,1,0,0,0,0,1,0,0,0,0,0,1
3,4507441,1,6.00,A,A,1,0,0,1,0,0,0,0,0,1,0,0,0,0,0,1
3,4506997,1,4.00,A,A,1,0,0,0,1,0,0,0,0,1,0,0,0,0,0,1
3,4506926,1,4.00,A,A,1,0,0,1,0,0,0,0,0,1,0,0,0,0,0,1
3,4506743,1,4.00,A,A,1,0,1,0,0,0,0,0,0,1,0,0,0,0,0,0
3,4507104,1,4.00,A,A,1,0,0,1,0,0,0,0,0,1,0,0,0,0,0,1
3,4507132,1,3.00,A,A,1,0,0,1,0,0,0,0,0,1,0,0,0,0,0,1
3,4507187,1,6.00,A,A,1,0,0,1,0,0,0,0,0,1,0,0,0,0,0,1
3,4507269,1,6.00,A,A,1,0,0,1,0,0,0,0,0,1,0,0,0,0,0,1
3,4506858,1,2.00,A,A,1,0,1,0,0,0,0,0,0,1,0,0,0,0,0,0
3,4506591,1,8.00,A,A,1,0,1,0,0,0,0,0,0,1,0,0,0,0,0,0
3,4506326,1,4.00,A,A,1,0,0,1,0,0,0,0,0,1,0,0,0,0,0,1
3,4507214,2,6.00,A,A,1,0,0,1,0,0,0,0,0,1,0,0,0,0,0,1
3,4505901,1,6.00,A,A,1,1,0,0,0,0,0,0,0,1,0,0,0,0,0,1
3,4506605,1,8.00,A,A,1,0,0,1,0,0,0,0,0,1,0,0,0,0,0,1
3,4506956,1,8.00,A,A,1,0,0,1,0,0,0,0,0,1,0,0,0,0,0,1
3,4505592,1,2.00,A,A,1,1,0,0,0,0,0,0,0,1,0,0,0,0,0,1
3,4506561,1,4.00,A,A,1,0,1,0,0,0,0,0,0,1,0,0,0,0,0,0
3,4506193,1,8.00,A,A,1,0,1,0,0,0,0,0,0,1,0,0,0,0,0,0
3,4506071,1,4.00,A,A,1,0,1,0,0,0,0,0,0,1,0,0,0,0,0,0
3,4507159,1,2.00,A,A,1,0,0,1,0,0,0,0,0,1,0,0,0,0,0,1
3,4507580,1,4.00,A,A,1,0,0,0,1,0,0,0,0,1,0,0,0,0,0,1
3,4506744,1,4.00,A,A,1,0,1,0,0,0,0,0,0,1,0,0,0,0,0,0
3,4506938,1,6.00,A,A,1,0,0,0,1,0,0,0,0,1,0,0,0,0,0,1
3,4507357,1,2.00,A,A,1,0,0,0,1,0,0,0,0,1,0,0,0,0,0,1
3,4507279,1,8.00,A,A,1,0,0,0,1,0,0,0,0,1,0,0,0,0,0,1
3,4507428,1,8.00,A,A,1,0,0,0,1,0,0,0,0,1,0,0,0,0,0,1
3,4506438,1,2.00,A,A,1,0,1,0,0,0,0,0,0,1,0,0,0,0,0,0
3,4507322,1,6.00,A,A,1,0,0,1,0,0,0,0,0,1,0,0,0,0,0,1
3,4506907,1,2.00,A,A,1,0,0,0,1,0,0,0,0,1,0,0,0,0,0,1
3,4507170,1,2.00,A,A,1,0,0,0,1,0,0,0,0,1,0,0,0,0,0,1
3,4506623,1,4.00,A,A,1,0,1,0,0,0,0,0,0,1,0,0,0,0,0,0
3,4507242,1,6.00,A,A,1,0,0,1,0,0,0,0,0,1,0,0,0,0,0,1
3,4506927,1,6.00,A,A,1,0,0,1,0,0,0,0,0,1,0,0,0,0,0,1
3,4506496,1,8.00,A,A,1,0,1,0,0,0,0,0,0,1,0,0,0,0,0,0
3,4505204,1,3.00,A,A,1,1,0,0,0,0,0,0,0,1,0,0,0,0,0,1
3,4506163,1,2.00,A,A,1,0,1,0,0,0,0,0,0,1,0,0,0,0,0,0
3,4506037,1,6.00,A,A,1,0,1,0,0,0,0,0,0,1,0,0,0,0,0,0
3,4506263,1,8.00,A,A,1,0,0,1,0,0,0,0,0,1,0,0,0,0,0,1
3,4506955,1,4.00,A,A,1,0,0,1,0,0,0,0,0,1,0,0,0,0,0,1
3,4506499,1,3.00,A,A,1,0,1,0,0,0,0,0,0,1,0,0,0,0,0,0
3,4506008,1,8.00,A,A,1,0,1,0,0,0,0,0,0,1,0,0,0,0,0,0
3,4506409,1,3.00,A,A,1,0,1,0,0,0,0,0,0,1,0,0,0,0,0,0
3,4506379,1,2.00,A,A,1,0,1,0,0,0,0,0,0,1,0,0,0,0,0,0
3,4505385,1,8.00,A,A,1,1,0,0,0,0,0,0,0,1,0,0,0,0,0,1
3,4506857,1,2.00,A,A,1,0,1,0,0,0,0,0,0,1,0,0,0,0,0,0
3,4505466,2,12.00,A,A,1,1,0,0,0,0,0,0,0,1,0,0,0,0,0,1
3,4506957,1,8.00,A,A,1,0,0,1,0,0,0,0,0,1,0,0,0,0,0,1
3,4507142,1,8.00,A,A,1,0,0,0,1,0,0,0,0,1,0,0,0,0,0,1
3,4506966,1,6.00,A,A,1,0,0,0,1,0,0,0,0,1,0,0,0,0,0,1
3,4507530,1,4.00,A,A,1,0,0,1,0,0,0,0,0,1,0,0,0,0,0,1
3,4507188,1,8.00,A,A,1,0,0,1,0,0,0,0,0,1,0,0,0,0,0,1
3,4507416,1,4.00,A,A,1,0,0,1,0,0,0,0,0,1,0,0,0,0,0,1
3,4506007,1,4.00,A,A,1,0,1,0,0,0,0,0,0,1,0,0,0,0,0,0
3,4507403,1,6.00,A,A,1,0,0,0,1,0,0,0,0,1,0,0,0,0,0,1
3,4506715,1,4.00,A,A,1,0,1,0,0,0,0,0,0,1,0,0,0,0,0,0
3,4506683,1,2.00,A,A,1,0,1,0,0,0,0,0,0,1,0,0,0,0,0,0
3,4507380,1,2.00,A,A,1,0,0,0,1,0,0,0,0,1,0,0,0,0,0,1
3,4506895,1,4.00,A,A,1,0,0,1,0,0,0,0,0,1,0,0,0,0,0,1
3,4507224,1,8.00,A,A,1,0,0,0,1,0,0,0,0,1,0,0,0,0,0,1
3,4507215,1,4.00,A,A,1,0,0,1,0,0,0,0,0,1,0,0,0,0,0,1
3,4506012,1,4.00,A,A,1,0,1,0,0,0,0,0,0,1,0,0,0,0,0,0
3,4506167,1,2.00,A,A,1,0,1,0,0,0,0,0,0,1,0,0,0,0,0,0
3,4507131,1,4.00,A,A,1,0,0,1,0,0,0,0,0,1,0,0,0,0,0,1
3,4506222,1,6.00,A,A,1,0,1,0,0,0,0,0,0,1,0,0,0,0,0,0
3,4506808,1,2.00,A,A,1,0,1,0,0,0,0,0,0,1,0,0,0,0,0,0
3,4507508,1,2.00,A,A,1,0,0,1,0,0,0,0,0,1,0,0,0,0,0,1
3,4505295,1,4.00,A,A,1,1,0,0,0,0,0,0,0,1,0,0,0,0,0,1
3,4507103,1,4.00,A,A,1,0,0,1,0,0,0,0,0,1,0,0,0,0,0,1
3,4507026,1,4.00,A,A,1,0,0,0,1,0,0,0,0,1,0,0,0,0,0,1
3,4507413,1,2.00,A,A,1,0,0,0,0,1,0,0,0,1,0,0,0,0,0,1
3,4507297,1,8.00,A,A,1,0,0,1,0,0,0,0,0,1,0,0,0,0,0,1
3,4507579,1,6.00,A,A,1,0,0,0,1,0,0,0,0,1,0,0,0,0,0,1
3,4507427,1,4.00,A,A,1,0,0,0,1,0,0,0,0,1,0,0,0,0,0,1
3,4506987,1,4.00,A,A,1,0,0,1,0,0,0,0,0,1,0,0,0,0,0,1
3,4506986,1,3.00,A,A,1,0,0,1,0,0,0,0,0,1,0,0,0,0,0,1
3,4506874,1,4.00,A,A,1,0,0,1,0,0,0,0,0,1,0,0,0,0,0,1
3,4507466,1,2.00,A,A,1,0,0,1,0,0,0,0,0,1,0,0,0,0,0,1
3,4507488,1,2.00,A,A,1,0,0,1,0,0,0,0,0,1,0,0,0,0,0,1
3,4507324,1,3.00,A,A,1,0,0,1,0,0,0,0,0,1,0,0,0,0,0,1
3,4506897,1,2.00,A,A,1,0,0,1,0,0,0,0,0,1,0,0,0,0,0,1
3,4507599,2,12.00,A,A,1,0,0,0,1,0,0,0,0,1,0,0,0,0,0,1
3,4507600,1,6.00,A,A,1,0,0,0,1,0,0,0,0,1,0,0,0,0,0,1
3,4506228,1,8.00,A,A,1,0,1,0,0,0,0,0,0,1,0,0,0,0,0,0
3,4507076,1,6.00,A,A,1,0,0,1,0,0,0,0,0,1,0,0,0,0,0,1
3,4507161,1,2.00,A,A,1,0,0,1,0,0,0,0,0,1,0,0,0,0,0,1
3,4507321,1,2.00,A,A,1,0,0,1,0,0,0,0,0,1,0,0,0,0,0,1
3,4507348,1,2.00,A,A,1,0,0,1,0,0,0,0,0,1,0,0,0,0,0,1
3,4507141,1,4.00,A,A,1,0,0,0,1,0,0,0,0,1,0,0,0,0,0,1
3,4507056,1,4.00,A,A,1,0,0,0,1,0,0,0,0,1,0,0,0,0,0,1
3,4506821,1,4.00,A,A,1,0,0,1,0,0,0,0,0,1,0,0,0,0,0,1
3,4506413,1,4.00,A,A,1,0,1,0,0,0,0,0,0,1,0,0,0,0,0,0
3,4507619,1,8.00,A,A,1,0,0,0,1,0,0,0,0,1,0,0,0,0,0,1
3,4506316,1,2.00,A,A,1,0,1,0,0,0,0,0,0,1,0,0,0,0,0,0
3,4507196,1,8.00,A,A,1,0,0,0,1,0,0,0,0,1,0,0,0,0,0,1
3,4507372,1,6.00,A,A,1,0,0,1,0,0,0,0,0,1,0,0,0,0,0,1
3,4506158,1,6.00,A,A,1,0,1,0,0,0,0,0,0,1,0,0,0,0,0,0
3,4506843,1,4.00,A,A,1,0,0,1,0,0,0,0,0,1,0,0,0,0,0,1
3,4506760,1,8.00,A,A,1,0,0,1,0,0,0,0,0,1,0,0,0,0,0,1
3,4507509,1,8.00,A,A,1,0,0,1,0,0,0,0,0,1,0,0,0,0,0,1
3,4505401,1,2.00,A,A,1,1,0,0,0,0,0,0,0,1,0,0,0,0,0,1
3,4506883,1,6.00,A,A,1,0,0,0,1,0,0,0,0,1,0,0,0,0,0,1
3,4506996,1,4.00,A,A,1,0,0,0,1,0,0,0,0,1,0,0,0,0,0,1
3,4505769,1,2.00,A,A,1,1,0,0,0,0,0,0,0,1,0,0,0,0,0,1
3,4505342,1,6.00,A,A,1,1,0,0,0,0,0,0,0,1,0,0,0,0,0,1
3,4506711,1,4.00,A,A,1,0,1,0,0,0,0,0,0,1,0,0,0,0,0,0
3,4506229,1,2.00,A,A,1,0,1,0,0,0,0,0,0,1,0,0,0,0,0,0
3,4506188,1,3.00,A,A,1,0,1,0,0,0,0,0,0,1,0,0,0,0,0,0
3,4507440,1,2.00,A,A,1,0,0,1,0,0,0,0,0,1,0,0,0,0,0,1
3,4506404,1,2.00,A,A,1,0,1,0,0,0,0,0,0,1,0,0,0,0,0,0
3,4507106,1,4.00,A,A,1,0,0,1,0,0,0,0,0,1,0,0,0,0,0,1
3,4505975,1,6.00,A,A,1,0,1,0,0,0,0,0,0,1,0,0,0,0,0,0
3,4506096,1,4.00,A,A,1,0,1,0,0,0,0,0,0,1,0,0,0,0,0,0
3,4507253,1,2.00,A,A,1,0,0,0,1,0,0,0,0,1,0,0,0,0,0,1
3,4507045,1,8.00,A,A,1,0,0,1,0,0,0,0,0,1,0,0,0,0,0,1
3,4507609,1,2.00,A,A,1,0,0,0,0,1,0,0,0,1,0,0,0,0,0,1
3,4506842,1,8.00,A,A,1,0,0,1,0,0,0,0,0,1,0,0,0,0,0,1
3,4506217,1,6.00,A,A,1,0,1,0,0,0,0,0,0,1,0,0,0,0,0,0
3,4507355,1,8.00,A,A,1,0,0,0,1,0,0,0,0,1,0,0,0,0,0,1
3,4507394,1,4.00,A,A,1,0,0,1,0,0,0,0,0,1,0,0,0,0,0,1
3,4506896,1,3.00,A,A,1,0,0,1,0,0,0,0,0,1,0,0,0,0,0,1
3,4506710,2,16.00,A,A,1,0,1,0,0,0,0,0,0,1,0,0,0,0,0,0
3,4507550,1,3.00,A,A,1,0,0,1,0,0,0,0,0,1,0,0,0,0,0,1
3,4507243,1,4.00,A,A,1,0,0,1,0,0,0,0,0,1,0,0,0,0,0,1
3,4507270,1,4.00,A,A,1,0,0,1,0,0,0,0,0,1,0,0,0,0,0,1
3,4506928,1,2.00,A,A,1,0,0,1,0,0,0,0,0,1,0,0,0,0,0,1
3,4507306,1,6.00,A,A,1,0,0,0,1,0,0,0,0,1,0,0,0,0,0,1
3,4506894,1,6.00,A,A,1,0,0,1,0,0,0,0,0,1,0,0,0,0,0,1
3,4506375,1,3.00,A,A,1,0,1,0,0,0,0,0,0,1,0,0,0,0,0,0
3,4506650,1,4.00,A,A,1,0,1,0,0,0,0,0,0,1,0,0,0,0,0,0
3,4507620,1,4.00,A,A,1,0,0,0,1,0,0,0,0,1,0,0,0,0,0,1
3,4506965,1,8.00,A,A,1,0,0,0,1,0,0,0,0,1,0,0,0,0,0,1
3,4507417,1,4.00,A,A,1,0,0,1,0,0,0,0,0,1,0,0,0,0,0,1
3,4507442,1,4.00,A,A,1,0,0,1,0,0,0,0,0,1,0,0,0,0,0,1
3,4505974,1,4.00,A,A,1,0,1,0,0,0,0,0,0,1,0,0,0,0,0,0
3,4507133,1,2.00,A,A,1,0,0,1,0,0,0,0,0,1,0,0,0,0,0,1
3,4506678,1,2.00,A,A,1,0,1,0,0,0,0,0,0,1,0,0,0,0,0,0
3,4506772,1,6.00,A,A,1,0,1,0,0,0,0,0,0,1,0,0,0,0,0,0
3,4507389,1,8.00,A,A,1,0,0,0,0,1,0,0,0,1,0,0,0,0,0,1
3,4506619,1,4.00,A,A,1,0,1,0,0,0,0,0,0,1,0,0,0,0,0,0
3,4506374,1,4.00,A,A,1,0,1,0,0,0,0,0,0,1,0,0,0,0,0,0
3,4506288,2,12.00,A,A,1,0,1,0,0,0,0,0,0,1,0,0,0,0,0,0
3,4506289,1,6.00,A,A,1,0,0,0,0,1,0,0,0,1,0,0,0,0,0,1
3,4507116,1,8.00,A,A,1,0,0,0,1,0,0,0,0,1,0,0,0,0,0,1
3,4507475,1,8.00,A,A,1,0,0,0,1,0,0,0,0,1,0,0,0,0,0,1
3,4506341,1,2.00,A,A,1,0,1,0,0,0,0,0,0,1,0,0,0,0,0,0
3,4507134,1,6.00,A,A,1,0,0,1,0,0,0,0,0,1,0,0,0,0,0,1
3,4506528,1,4.00,A,A,1,0,1,0,0,0,0,0,0,1,0,0,0,0,0,0
3,4506465,1,4.00,A,A,1,0,1,0,0,0,0,0,0,1,0,0,0,0,0,0
3,4507371,1,4.00,A,A,1,0,0,1,0,0,0,0,0,1,0,0,0,0,0,1
3,4506586,1,6.00,A,A,1,0,1,0,0,0,0,0,0,1,0,0,0,0,0,0
3,4506618,1,2.00,A,A,1,0,1,0,0,0,0,0,0,1,0,0,0,0,0,0
3,4506719,1,4.00,A,A,1,0,1,0,0,0,0,0,0,1,0,0,0,0,0,0
3,4507075,1,4.00,A,A,1,0,0,1,0,0,0,0,0,1,0,0,0,0,0,1
3,4506434,1,3.00,A,A,1,0,1,0,0,0,0,0,0,1,0,0,0,0,0,0
3,4506034,1,4.00,A,A,1,0,1,0,0,0,0,0,0,1,0,0,0,0,0,0
3,4507347,1,2.00,A,A,1,0,0,1,0,0,0,0,0,1,0,0,0,0,0,1
3,4506126,1,4.00,A,A,1,0,1,0,0,0,0,0,0,1,0,0,0,0,0,0
3,4507234,1,18.00,A,A,1,0,0,0,0,1,0,0,0,1,0,0,0,0,0,1
3,4506939,1,6.00,A,A,1,0,0,0,1,0,0,0,0,1,0,0,0,0,0,1
3,4506306,1,8.00,A,A,1,0,1,0,0,0,0,0,0,1,0,0,0,0,0,0
3,4506466,1,6.00,A,A,1,0,1,0,0,0,0,0,0,1,0,0,0,0,0,0
3,4505922,1,4.00,A,A,1,0,1,0,0,0,0,0,0,1,0,0,0,0,0,0
3,4507465,1,3.00,A,A,1,0,0,1,0,0,0,0,0,1,0,0,0,0,0,1
3,4505537,1,3.00,A,A,1,1,0,0,0,0,0,0,0,1,0,0,0,0,0,1
3,4506189,1,6.00,A,A,1,0,1,0,0,0,0,0,0,1,0,0,0,0,0,0
3,4506823,1,6.00,A,A,1,0,1,0,0,0,0,0,0,1,0,0,0,0,0,0
3,4506851,1,4.00,A,A,1,0,0,0,1,0,0,0,0,1,0,0,0,0,0,1
3,4507225,1,4.00,A,A,1,0,0,0,1,0,0,0,0,1,0,0,0,0,0,1
3,4505944,1,8.00,A,A,1,0,1,0,0,0,0,0,0,1,0,0,0,0,0,0
3,4507254,1,6.00,A,A,1,0,0,0,1,0,0,0,0,1,0,0,0,0,0,1
3,4506067,1,4.00,A,A,1,0,1,0,0,0,0,0,0,1,0,0,0,0,0,0
3,4507571,1,4.00,A,A,1,0,0,1,0,0,0,0,0,1,0,0,0,0,0,1
3,4507453,1,10.00,A,A,1,0,0,0,1,0,0,0,0,1,0,0,0,0,0,1
3,4506002,1,4.00,A,A,1,0,1,0,0,0,0,0,0,1,0,0,0,0,0,0
3,4506244,1,8.00,A,A,1,0,1,0,0,0,0,0,0,1,0,0,0,0,0,0
3,4505921,1,2.00,A,A,1,0,1,0,0,0,0,0,0,1,0,0,0,0,0,0
3,4506279,1,8.00,A,A,1,0,1,0,0,0,0,0,0,1,0,0,0,0,0,0
3,4506527,1,6.00,A,A,1,0,1,0,0,0,0,0,0,1,0,0,0,0,0,0
3,4506799,1,2.00,A,A,1,0,1,0,0,0,0,0,0,1,0,0,0,0,0,0
3,4506187,1,2.00,A,A,1,0,1,0,0,0,0,0,0,1,0,0,0,0,0,0
3,4507307,1,4.00,A,A,1,0,0,0,1,0,0,0,0,1,0,0,0,0,0,1
3,4506065,1,3.00,A,A,1,0,1,0,0,0,0,0,0,1,0,0,0,0,0,0
3,4506373,1,4.00,A,A,1,0,1,0,0,0,0,0,0,1,0,0,0,0,0,0
3,4507381,1,3.00,A,A,1,0,0,0,1,0,0,0,0,1,0,0,0,0,0,1
3,4506677,1,6.00,A,A,1,0,1,0,0,0,0,0,0,1,0,0,0,0,0,0
3,4507519,1,3.00,A,A,1,0,0,0,1,0,0,0,0,1,0,0,0,0,0,1
3,4506648,1,2.00,A,A,1,0,1,0,0,0,0,0,0,1,0,0,0,0,0,0
3,4506095,1,8.00,A,A,1,0,1,0,0,0,0,0,0,1,0,0,0,0,0,0
3,4506493,2,16.00,A,A,1,0,1,0,0,0,0,0,0,1,0,0,0,0,0,0
3,4506216,1,4.00,A,A,1,0,1,0,0,0,0,0,0,1,0,0,0,0,0,0
3,4506433,1,8.00,A,A,1,0,1,0,0,0,0,0,0,1,0,0,0,0,0,0
3,4505942,1,8.00,A,A,1,0,1,0,0,0,0,0,0,1,0,0,0,0,0,0
3,4506125,1,3.00,A,A,1,0,1,0,0,0,0,0,0,1,0,0,0,0,0,0
3,4506403,1,3.00,A,A,1,0,1,0,0,0,0,0,0,1,0,0,0,0,0,0
3,4506156,1,8.00,A,A,1,0,1,0,0,0,0,0,0,1,0,0,0,0,0,0
3,4506709,1,2.00,A,A,1,0,1,0,0,0,0,0,0,1,0,0,0,0,0,0
3,4505973,1,8.00,A,A,1,0,1,0,0,0,0,0,0,1,0,0,0,0,0,0
3,4506771,1,4.00,A,A,1,0,1,0,0,0,0,0,0,1,0,0,0,0,0,0
3,4505900,1,6.00,A,A,1,1,0,0,0,0,0,0,0,1,0,0,0,0,0,1
3,4506555,1,4.00,A,A,1,0,1,0,0,0,0,0,0,1,0,0,0,0,0,0
3,4506659,2,16.00,A,A,1,0,1,0,0,0,0,0,0,1,0,0,0,0,0,0
3,4505611,1,3.00,A,A,1,1,0,0,0,0,0,0,0,1,0,0,0,0,0,1
3,4506280,1,2.00,A,A,1,0,1,0,0,0,0,0,0,1,0,0,0,0,0,0
3,4506243,1,2.00,A,A,1,0,1,0,0,0,0,0,0,1,0,0,0,0,0,0
3,4506066,1,8.00,A,A,1,0,1,0,0,0,0,0,0,1,0,0,0,0,0,0
3,4507498,1,4.00,A,A,1,0,0,0,1,0,0,0,0,1,0,0,0,0,0,1
3,4507443,1,4.00,A,A,1,0,0,1,0,0,0,0,0,1,0,0,0,0,0,1
3,4505863,1,8.00,A,A,1,1,0,0,0,0,0,0,0,1,0,0,0,0,0,1
3,4506853,1,8.00,A,A,1,0,0,0,1,0,0,0,0,1,0,0,0,0,0,1
3,4507195,1,8.00,A,A,1,0,0,0,1,0,0,0,0,1,0,0,0,0,0,1
3,4506830,1,4.00,A,A,1,0,1,0,0,0,0,0,0,1,0,0,0,0,0,0
3,4507296,1,2.00,A,A,1,0,0,1,0,0,0,0,0,1,0,0,0,0,0,1
3,4505272,1,2.00,A,A,1,1,0,0,0,0,0,0,0,1,0,0,0,0,0,1
3,4505899,1,4.00,A,A,1,1,0,0,0,0,0,0,0,1,0,0,0,0,0,1
3,4505538,1,2.00,A,A,1,1,0,0,0,0,0,0,0,1,0,0,0,0,0,1
3,4506595,1,4.00,A,A,1,0,1,0,0,0,0,0,0,1,0,0,0,0,0,0
3,4507517,1,6.00,A,A,1,0,0,0,1,0,0,0,0,1,0,0,0,0,0,1
3,4505360,1,2.00,A,A,1,1,0,0,0,0,0,0,0,1,0,0,0,0,0,1
3,4506621,1,4.00,A,A,1,0,1,0,0,0,0,0,0,1,0,0,0,0,0,0
3,4507052,1,2.00,A,A,1,0,0,0,1,0,0,0,0,1,0,0,0,0,0,1
3,4507536,1,4.00,A,A,1,0,0,0,1,0,0,0,0,1,0,0,0,0,0,1
3,4506377,1,2.00,A,A,1,0,1,0,0,0,0,0,0,1,0,0,0,0,0,0
3,4506884,1,3.00,A,A,1,0,0,0,1,0,0,0,0,1,0,0,0,0,0,1
3,4506589,1,4.00,A,A,1,0,1,0,0,0,0,0,0,1,0,0,0,0,0,0
3,4506035,1,3.00,A,A,1,0,1,0,0,0,0,0,0,1,0,0,0,0,0,0
3,4507276,1,4.00,A,A,1,0,0,0,1,0,0,0,0,1,0,0,0,0,0,1
3,4506469,1,8.00,A,A,1,0,1,0,0,0,0,0,0,1,0,0,0,0,0,0
3,4507577,1,4.00,A,A,1,0,0,0,1,0,0,0,0,1,0,0,0,0,0,1
3,4505978,1,4.00,A,A,1,0,1,0,0,0,0,0,0,1,0,0,0,0,0,0
3,4507527,1,4.00,A,A,1,0,0,0,0,1,0,0,0,1,0,0,0,0,0,1
3,4506882,1,8.00,A,A,1,0,0,0,1,0,0,0,0,1,0,0,0,0,0,1
3,4507114,1,8.00,A,A,1,0,0,0,1,0,0,0,0,1,0,0,0,0,0,1
3,4507025,1,6.00,A,A,1,0,0,0,1,0,0,0,0,1,0,0,0,0,0,1
3,4506074,1,6.00,A,A,1,0,1,0,0,0,0,0,0,1,0,0,0,0,0,0
3,4507494,1,2.00,A,A,1,0,0,0,1,0,0,0,0,1,0,0,0,0,0,1
3,4506871,1,6.00,A,A,1,0,0,1,0,0,0,0,0,1,0,0,0,0,0,1
3,4506636,1,2.00,A,A,1,0,0,1,0,0,0,0,0,1,0,0,0,0,0,1
3,4506850,1,8.00,A,A,1,0,0,0,1,0,0,0,0,1,0,0,0,0,0,1
3,4506713,1,2.00,A,A,1,0,1,0,0,0,0,0,0,1,0,0,0,0,0,0
3,4506381,1,6.00,A,A,1,0,1,0,0,0,0,0,0,1,0,0,0,0,0,0
3,4506657,1,6.00,A,A,1,0,1,0,0,0,0,0,0,1,0,0,0,0,0,0
3,4506069,1,6.00,A,A,1,0,1,0,0,0,0,0,0,1,0,0,0,0,0,0
3,4505634,1,4.00,A,A,1,1,0,0,0,0,0,0,0,1,0,0,0,0,0,1
3,4507262,1,4.00,A,A,1,0,0,0,0,1,0,0,0,1,0,0,0,0,0,1
3,4506881,1,6.00,A,A,1,0,0,0,1,0,0,0,0,1,0,0,0,0,0,1
3,4507083,1,6.00,A,A,1,0,0,0,1,0,0,0,0,1,0,0,0,0,0,1
3,4507112,1,4.00,A,A,1,0,0,0,1,0,0,0,0,1,0,0,0,0,0,1
3,4507140,1,8.00,A,A,1,0,0,0,1,0,0,0,0,1,0,0,0,0,0,1
3,4506287,1,2.00,A,A,1,0,1,0,0,0,0,0,0,1,0,0,0,0,0,0
3,4506135,2,16.00,A,A,1,0,1,0,0,0,0,0,0,1,0,0,0,0,0,0
3,4507618,2,12.00,A,A,1,0,0,0,1,0,0,0,0,1,0,0,0,0,0,1
3,4507223,2,16.00,A,A,1,0,0,0,1,0,0,0,0,1,0,0,0,0,0,1
3,4507379,2,16.00,A,A,1,0,0,0,1,0,0,0,0,1,0,0,0,0,0,1
3,4506686,1,6.00,A,A,1,0,1,0,0,0,0,0,0,1,0,0,0,0,0,0
3,4506344,1,8.00,A,A,1,0,1,0,0,0,0,0,0,1,0,0,0,0,0,0
3,4507487,1,2.00,A,A,1,0,0,1,0,0,0,0,0,1,0,0,0,0,0,1
3,4506681,1,8.00,A,A,1,0,1,0,0,0,0,0,0,1,0,0,0,0,0,0
3,4507495,1,6.00,A,A,1,0,0,0,1,0,0,0,0,1,0,0,0,0,0,1
3,4506825,1,2.00,A,A,1,0,1,0,0,0,0,0,0,1,0,0,0,0,0,0
3,4506936,1,6.00,A,A,1,0,0,0,1,0,0,0,0,1,0,0,0,0,0,1
3,4507578,1,4.00,A,A,1,0,0,0,1,0,0,0,0,1,0,0,0,0,0,1
3,4507094,1,3.00,A,A,1,0,0,0,0,1,0,0,0,1,0,0,0,0,0,1
3,4507537,1,2.00,A,A,1,0,0,0,1,0,0,0,0,1,0,0,0,0,0,1
3,4506308,1,6.00,A,A,1,0,1,0,0,0,0,0,0,1,0,0,0,0,0,0
3,4506652,1,6.00,A,A,1,0,1,0,0,0,0,0,0,1,0,0,0,0,0,0
3,4507638,1,2.00,A,A,1,0,0,0,0,1,0,0,0,1,0,0,0,0,0,1
3,4506160,1,2.00,A,A,1,0,1,0,0,0,0,0,0,1,0,0,0,0,0,0
3,4506855,1,4.00,A,A,1,0,1,0,0,0,0,0,0,1,0,0,0,0,0,0
3,4507461,1,2.00,A,A,1,0,0,0,0,1,0,0,0,1,0,0,0,0,0,1
3,4507473,1,4.00,A,A,1,0,0,0,1,0,0,0,0,1,0,0,0,0,0,1
3,4507412,1,4.00,A,A,1,0,0,0,0,1,0,0,0,1,0,0,0,0,0,1
3,4506946,1,6.00,A,A,1,0,0,0,1,0,0,0,0,1,0,0,0,0,0,1
3,4507484,1,4.00,A,A,1,0,0,0,0,1,0,0,0,1,0,0,0,0,0,1
3,4507178,1,2.00,A,A,1,0,0,0,1,0,0,0,0,1,0,0,0,0,0,1
3,4507063,1,10.00,A,A,1,0,0,0,1,0,0,0,0,1,0,0,0,0,0,1
3,4507207,1,4.00,A,A,1,0,0,0,0,1,0,0,0,1,0,0,0,0,0,1
3,4507621,1,2.00,A,A,1,0,0,0,1,0,0,0,0,1,0,0,0,0,0,1
3,4507482,1,3.00,A,A,1,0,0,0,1,0,0,0,0,1,0,0,0,0,0,1
3,4507454,1,2.00,A,A,1,0,0,0,1,0,0,0,0,1,0,0,0,0,0,1
3,4507201,1,8.00,A,A,1,0,0,0,1,0,0,0,0,1,0,0,0,0,0,1
3,4507334,1,6.00,A,A,1,0,0,0,1,0,0,0,0,1,0,0,0,0,0,1
3,4507396,1,8.00,A,A,1,0,0,1,0,0,0,0,0,1,0,0,0,0,0,1
3,4506696,1,6.00,A,A,1,0,0,1,0,0,0,0,0,1,0,0,0,0,0,1
3,4506295,1,4.00,A,A,1,0,1,0,0,0,0,0,0,1,0,0,0,0,0,0
3,4507468,1,3.00,A,A,1,0,0,1,0,0,0,0,0,1,0,0,0,0,0,1
3,4507012,1,4.00,A,A,1,0,1,0,0,0,0,0,0,1,0,0,0,0,0,0
3,4506787,1,6.00,A,A,1,0,1,0,0,0,0,0,0,1,0,0,0,0,0,0
3,4505892,1,4.00,O,O,1,0,1,0,0,0,0,0,0,1,0,0,0,0,0,0
3,4506101,1,2.00,O,O,1,0,1,0,0,0,0,0,0,1,0,0,0,0,0,0
3,4506278,1,8.00,O,O,1,0,1,0,0,0,0,0,0,1,0,0,0,0,0,0
3,4505998,1,3.00,O,O,1,0,1,0,0,0,0,0,0,1,0,0,0,0,0,0
3,4506770,1,8.00,O,O,1,0,1,0,0,0,0,0,0,1,0,0,0,0,0,0
3,4506707,1,2.00,O,O,1,0,1,0,0,0,0,0,0,1,0,0,0,0,0,0
3,4506649,1,2.00,O,O,1,0,1,0,0,0,0,0,0,1,0,0,0,0,0,0
3,4506674,1,2.00,O,O,1,0,1,0,0,0,0,0,0,1,0,0,0,0,0,0
3,4506000,1,6.00,O,O,1,0,1,0,0,0,0,0,0,1,0,0,0,0,0,0
3,4506588,1,6.00,O,O,1,0,1,0,0,0,0,0,0,1,0,0,0,0,0,0
3,4506675,1,2.00,O,O,1,0,1,0,0,0,0,0,0,1,0,0,0,0,0,0
3,4506123,1,6.00,O,O,1,0,1,0,0,0,0,0,0,1,0,0,0,0,0,0
3,4506616,1,2.00,O,O,1,0,1,0,0,0,0,0,0,1,0,0,0,0,0,0
3,4506490,1,8.00,O,O,1,0,1,0,0,0,0,0,0,1,0,0,0,0,0,0
3,4506525,1,4.00,O,O,1,0,1,0,0,0,0,0,0,1,0,0,0,0,0,0
3,4506741,1,6.00,O,O,1,0,1,0,0,0,0,0,0,1,0,0,0,0,0,0
3,4506862,1,8.00,O,O,1,0,1,0,0,0,0,0,0,1,0,0,0,0,0,0
3,4506153,1,4.00,O,O,1,0,1,0,0,0,0,0,0,1,0,0,0,0,0,0
3,4505970,1,2.00,O,O,1,0,1,0,0,0,0,0,0,1,0,0,0,0,0,0
3,4505919,1,8.00,O,O,1,0,1,0,0,0,0,0,0,1,0,0,0,0,0,0
3,4505971,1,8.00,O,O,1,0,1,0,0,0,0,0,0,1,0,0,0,0,0,0
3,4506620,1,6.00,O,O,1,0,1,0,0,0,0,0,0,1,0,0,0,0,0,0
3,4506906,1,8.00,O,O,1,0,0,0,1,0,0,0,0,1,0,0,0,0,0,1
3,4506698,1,8.00,E,O,1,0,0,1,0,0,0,0,0,1,0,0,0,0,0,1
3,4507197,1,4.00,E,O,1,0,0,0,1,0,0,0,0,1,0,0,0,0,0,1
3,4507557,1,12.00,E,O,1,0,0,0,1,0,0,0,0,1,0,0,0,0,0,1
3,4505855,1,4.00,O,O,1,1,0,0,0,0,0,0,0,1,0,0,0,0,0,1
3,4507124,1,3.00,E,O,1,0,0,0,0,1,0,0,0,1,0,0,0,0,0,1
3,4505594,1,2.00,E,O,1,1,0,0,0,0,0,0,0,1,0,0,0,0,0,1
3,4506995,1,4.00,O,O,1,0,0,0,1,0,0,0,0,1,0,0,0,0,0,1
3,4507186,1,2.00,O,O,1,0,0,1,0,0,0,0,0,1,0,0,0,0,0,1
3,4507496,1,4.00,E,O,1,0,0,0,1,0,0,0,0,1,0,0,0,0,0,1
3,4507043,1,2.00,O,O,1,0,0,1,0,0,0,0,0,1,0,0,0,0,0,1
3,4507034,1,4.00,E,O,1,0,0,0,0,1,0,0,0,1,0,0,0,0,0,1
3,4507055,1,8.00,O,O,1,0,0,0,1,0,0,0,0,1,0,0,0,0,0,1
3,4506905,1,6.00,O,O,1,0,0,0,1,0,0,0,0,1,0,0,0,0,0,1
3,4506935,1,6.00,E,O,1,0,0,0,1,0,0,0,0,1,0,0,0,0,0,1
3,4507426,1,4.00,E,O,1,0,0,0,1,0,0,0,0,1,0,0,0,0,0,1
3,4506759,1,4.00,O,O,1,0,0,1,0,0,0,0,0,1,0,0,0,0,0,1
3,4505231,1,6.00,E,O,1,1,0,0,0,0,0,0,0,1,0,0,0,0,0,1
3,4507369,1,3.00,E,O,1,0,0,1,0,0,0,0,0,1,0,0,0,0,0,1
3,4505379,1,3.00,O,O,1,1,0,0,0,0,0,0,0,1,0,0,0,0,0,1
3,4507105,1,6.00,E,O,1,0,0,1,0,0,0,0,0,1,0,0,0,0,0,1
3,4507160,1,2.00,E,O,1,0,0,1,0,0,0,0,0,1,0,0,0,0,0,1
3,4506264,1,8.00,E,O,1,0,0,1,0,0,0,0,0,1,0,0,0,0,0,1
3,4507054,1,2.00,O,O,1,0,0,0,1,0,0,0,0,1,0,0,0,0,0,1
3,4507474,1,2.00,E,O,1,0,0,0,1,0,0,0,0,1,0,0,0,0,0,1
3,4506937,1,8.00,O,O,1,0,0,0,1,0,0,0,0,1,0,0,0,0,0,1
3,4506929,1,4.00,E,O,1,0,0,1,0,0,0,0,0,1,0,0,0,0,0,1
3,4507415,1,2.00,O,O,1,0,0,1,0,0,0,0,0,1,0,0,0,0,0,1
3,4506511,1,6.00,O,O,1,0,0,1,0,0,0,0,0,1,0,0,0,0,0,1
3,4507024,1,3.00,E,O,1,0,0,0,1,0,0,0,0,1,0,0,0,0,0,1
3,4506967,1,2.00,O,O,1,0,0,0,1,0,0,0,0,1,0,0,0,0,0,1
3,4506261,1,6.00,O,O,1,0,0,1,0,0,0,0,0,1,0,0,0,0,0,1
3,4505201,1,2.00,O,O,1,1,0,0,0,0,0,0,0,1,0,0,0,0,0,1
3,4505223,1,2.00,E,O,1,1,0,0,0,0,0,0,0,1,0,0,0,0,0,1
3,4505610,1,6.00,E,O,1,1,0,0,0,0,0,0,0,1,0,0,0,0,0,1
3,4506226,1,4.00,A,A,1,0,1,0,0,0,0,0,0,0,1,0,0,0,0,1
3,4505423,2,16.00,A,A,3,0,0,1,1,1,0,0,0,0,1,1,1,0,0,0
3,4506845,1,4.00,A,A,2,0,0,1,0,1,0,0,0,0,1,0,1,0,0,0
3,4507157,1,8.00,A,A,2,0,0,1,0,1,0,0,0,0,1,0,1,0,0,0
3,4507374,1,8.00,A,A,2,0,0,1,0,1,0,0,0,0,1,0,1,0,0,0
3,4507078,1,6.00,A,A,2,0,0,1,0,1,0,0,0,0,1,0,1,0,0,0
3,4507326,1,10.00,A,A,2,0,0,1,0,1,0,0,0,0,1,0,1,0,0,0
3,4505936,1,2.00,A,A,1,1,0,0,0,0,0,0,0,0,1,0,0,0,0,1
3,4506596,1,8.00,A,A,1,0,1,0,0,0,0,0,0,0,1,0,0,0,0,1
3,4507518,1,4.00,A,A,1,0,0,0,1,0,0,0,0,0,1,0,0,0,0,1
3,4506988,1,8.00,A,A,1,0,0,1,0,0,0,0,0,0,1,0,0,0,0,0
3,4506275,1,4.00,A,A,1,0,1,0,0,0,0,0,0,0,1,0,0,0,0,1
3,4506152,1,4.00,A,A,1,0,1,0,0,0,0,0,0,0,1,0,0,0,0,1
3,4506003,1,6.00,A,A,1,0,1,0,0,0,0,0,0,0,1,0,0,0,0,1
3,4507189,1,4.00,A,A,1,0,0,1,0,0,0,0,0,0,1,0,0,0,0,0
3,4507244,1,2.00,A,A,1,0,0,1,0,0,0,0,0,0,1,0,0,0,0,0
3,4506033,1,2.00,A,A,1,0,1,0,0,0,0,0,0,0,1,0,0,0,0,1
3,4507601,1,2.00,A,A,1,0,0,0,1,0,0,0,0,0,1,0,0,0,0,1
3,4506875,1,2.00,A,A,1,0,0,1,0,0,0,0,0,0,1,0,0,0,0,0
3,4506930,2,16.00,A,A,1,0,0,1,0,0,0,0,0,0,1,0,0,0,0,0
3,4507656,1,4.00,A,A,1,0,0,0,0,1,0,0,0,0,1,0,0,0,0,1
3,4506976,1,8.00,A,A,1,0,0,0,0,1,0,0,0,0,1,0,0,0,0,1
3,4507592,1,4.00,A,A,1,0,0,1,0,0,0,0,0,0,1,0,0,0,0,0
3,4506724,1,8.00,A,A,1,0,1,0,0,0,0,0,0,0,1,0,0,0,0,1
3,4507018,1,4.00,A,A,1,0,0,1,0,0,0,0,0,0,1,0,0,0,0,0
3,4507418,1,4.00,A,A,1,0,0,1,0,0,0,0,0,0,1,0,0,0,0,0
3,4506920,1,8.00,A,A,1,0,1,0,0,0,0,0,0,0,1,0,0,0,0,1
3,4506959,1,6.00,A,A,1,0,0,1,0,0,0,0,0,0,1,0,0,0,0,0
3,4507086,1,4.00,A,A,1,0,0,0,1,0,0,0,0,0,1,0,0,0,0,1
3,4506405,1,4.00,A,A,1,0,1,0,0,0,0,0,0,0,1,0,0,0,0,1
3,4505923,1,4.00,A,A,1,0,1,0,0,0,0,0,0,0,1,0,0,0,0,1
3,4506495,1,6.00,A,A,1,0,1,0,0,0,0,0,0,0,1,0,0,0,0,1
3,4507019,1,4.00,A,A,1,0,0,1,0,0,0,0,0,0,1,0,0,0,0,0
3,4506876,1,6.00,A,A,1,0,0,1,0,0,0,0,0,0,1,0,0,0,0,0
3,4506557,1,8.00,A,A,1,0,1,0,0,0,0,0,0,0,1,0,0,0,0,1
3,4507135,1,6.00,A,A,1,0,0,1,0,0,0,0,0,0,1,0,0,0,0,0
3,4507190,1,4.00,A,A,1,0,0,1,0,0,0,0,0,0,1,0,0,0,0,0
3,4506254,1,2.00,A,A,1,0,1,0,0,0,0,0,0,0,1,0,0,0,0,1
3,4506253,1,4.00,A,A,1,0,1,0,0,0,0,0,0,0,1,0,0,0,0,1
3,4507572,1,4.00,A,A,1,0,0,1,0,0,0,0,0,0,1,0,0,0,0,0
3,4506822,1,2.00,A,A,1,0,0,1,0,0,0,0,0,0,1,0,0,0,0,0
3,4507245,1,4.00,A,A,1,0,0,1,0,0,0,0,0,0,1,0,0,0,0,0
3,4507107,1,2.00,A,A,1,0,0,1,0,0,0,0,0,0,1,0,0,0,0,0
3,4507444,1,4.00,A,A,1,0,0,1,0,0,0,0,0,0,1,0,0,0,0,0
3,4507047,1,2.00,A,A,1,0,0,1,0,0,0,0,0,0,1,0,0,0,0,0
3,4506043,1,2.00,A,A,1,0,1,0,0,0,0,0,0,0,1,0,0,0,0,1
3,4507162,1,2.00,A,A,1,0,0,1,0,0,0,0,0,0,1,0,0,0,0,0
3,4507226,1,3.00,A,A,1,0,0,0,1,0,0,0,0,0,1,0,0,0,0,1
3,4507358,1,3.00,A,A,1,0,0,0,1,0,0,0,0,0,1,0,0,0,0,1
3,4507467,1,4.00,A,A,1,0,0,1,0,0,0,0,0,0,1,0,0,0,0,0
3,4506898,1,4.00,A,A,1,0,0,1,0,0,0,0,0,0,1,0,0,0,0,0
3,4507255,1,4.00,A,A,1,0,0,0,1,0,0,0,0,0,1,0,0,0,0,1
3,4507631,1,2.00,A,A,1,0,0,0,1,0,0,0,0,0,1,0,0,0,0,1
3,4507308,1,4.00,A,A,1,0,0,0,1,0,0,0,0,0,1,0,0,0,0,1
3,4506693,1,2.00,A,A,1,0,1,0,0,0,0,0,0,0,1,0,0,0,0,1
3,4507419,1,3.00,A,A,1,0,0,1,0,0,0,0,0,0,1,0,0,0,0,0
3,4507476,1,2.00,A,A,1,0,0,0,1,0,0,0,0,0,1,0,0,0,0,1
3,4506889,1,4.00,A,A,1,0,1,0,0,0,0,0,0,0,1,0,0,0,0,1
3,4506908,1,8.00,A,A,1,0,0,0,1,0,0,0,0,0,1,0,0,0,0,1
3,4507272,1,4.00,A,A,1,0,0,1,0,0,0,0,0,0,1,0,0,0,0,0
3,4507647,1,8.00,A,A,1,0,0,0,1,0,0,0,0,0,1,0,0,0,0,1
3,4507607,1,3.00,A,A,1,0,0,0,1,0,0,0,0,0,1,0,0,0,0,1
3,4506664,1,8.00,A,A,1,0,1,0,0,0,0,0,0,0,1,0,0,0,0,1
3,4506753,1,6.00,A,A,1,0,1,0,0,0,0,0,0,0,1,0,0,0,0,1
3,4505943,1,3.00,A,A,1,0,1,0,0,0,0,0,0,0,1,0,0,0,0,1
3,4507046,1,3.00,A,A,1,0,0,1,0,0,0,0,0,0,1,0,0,0,0,0
3,4506570,1,3.00,A,A,1,0,1,0,0,0,0,0,0,0,1,0,0,0,0,1
3,4507424,1,2.00,A,A,1,0,0,1,0,0,0,0,0,0,1,0,0,0,0,0
3,4507072,1,4.00,A,A,1,0,1,0,0,0,0,0,0,0,1,0,0,0,0,1
3,4506441,1,8.00,A,A,1,0,1,0,0,0,0,0,0,0,1,0,0,0,0,1
3,4507556,1,2.00,A,A,1,0,0,0,1,0,0,0,0,0,1,0,0,0,0,1
3,4507377,1,2.00,A,A,1,0,0,0,1,0,0,0,0,0,1,0,0,0,0,1
3,4506831,1,4.00,A,A,1,0,1,0,0,0,0,0,0,0,1,0,0,0,0,1
3,4506136,1,2.00,A,A,1,0,1,0,0,0,0,0,0,0,1,0,0,0,0,1
3,4506197,1,3.00,A,A,1,0,1,0,0,0,0,0,0,0,1,0,0,0,0,1
3,4506311,1,4.00,A,A,1,0,1,0,0,0,0,0,0,0,1,0,0,0,0,1
3,4506248,1,3.00,A,A,1,0,1,0,0,0,0,0,0,0,1,0,0,0,0,1
3,4507340,1,6.00,A,A,1,0,0,0,1,0,0,0,0,0,1,0,0,0,0,1
3,4506102,1,6.00,A,A,1,0,1,0,0,0,0,0,0,0,1,0,0,0,0,1
3,4506314,1,2.00,A,A,1,0,1,0,0,0,0,0,0,0,1,0,0,0,0,1
3,4505520,1,2.00,A,A,1,1,0,0,0,0,0,0,0,0,1,0,0,0,0,1
3,4506915,1,8.00,A,A,1,0,0,0,1,0,0,0,0,0,1,0,0,0,0,1
3,4507566,1,2.00,A,A,1,0,0,0,1,0,0,0,0,0,1,0,0,0,0,1
3,4505952,1,8.00,A,A,1,0,1,0,0,0,0,0,0,0,1,0,0,0,0,1
3,4506726,1,6.00,A,A,1,0,1,0,0,0,0,0,0,0,1,0,0,0,0,1
3,4506754,1,2.00,A,A,1,0,1,0,0,0,0,0,0,0,1,0,0,0,0,1
3,4506981,1,2.00,A,A,1,0,1,0,0,0,0,0,0,0,1,0,0,0,0,1
3,4506963,1,2.00,A,A,1,0,0,1,0,0,0,0,0,0,1,0,0,0,0,0
3,4506993,1,6.00,A,A,1,0,0,1,0,0,0,0,0,0,1,0,0,0,0,0
3,4506196,1,2.00,A,A,1,0,1,0,0,0,0,0,0,0,1,0,0,0,0,1
3,4506779,1,6.00,A,A,1,0,1,0,0,0,0,0,0,0,1,0,0,0,0,1
3,4507232,1,2.00,A,A,1,0,0,0,1,0,0,0,0,0,1,0,0,0,0,1
3,4506666,1,4.00,A,A,1,0,1,0,0,0,0,0,0,0,1,0,0,0,0,1
3,4507504,1,6.00,A,A,1,0,0,0,1,0,0,0,0,0,1,0,0,0,0,1
3,4507167,1,8.00,A,A,1,0,0,1,0,0,0,0,0,0,1,0,0,0,0,0
3,4505617,1,8.00,A,A,1,1,0,0,0,0,0,0,0,0,1,0,0,0,0,1
3,4507597,1,4.00,A,A,1,0,0,1,0,0,0,0,0,0,1,0,0,0,0,0
3,4506536,1,4.00,A,A,1,0,1,0,0,0,0,0,0,0,1,0,0,0,0,1
3,4506251,1,4.00,A,A,1,0,1,0,0,0,0,0,0,0,1,0,0,0,0,1
3,4506658,1,2.00,A,A,1,0,1,0,0,0,0,0,0,0,1,0,0,0,0,1
3,4507546,1,2.00,A,A,1,0,0,0,1,0,0,0,0,0,1,0,0,0,0,1
3,4507449,1,4.00,A,A,1,0,0,1,0,0,0,0,0,0,1,0,0,0,0,0
3,4507329,1,8.00,A,A,1,0,0,0,1,0,0,0,0,0,1,0,0,0,0,1
3,4506350,1,4.00,A,A,1,0,1,0,0,0,0,0,0,0,1,0,0,0,0,1
3,4507587,1,6.00,A,A,1,0,0,0,1,0,0,0,0,0,1,0,0,0,0,1
3,4507637,1,3.00,A,A,1,0,0,0,1,0,0,0,0,0,1,0,0,0,0,1
3,4506974,1,2.00,A,A,1,0,0,0,1,0,0,0,0,0,1,0,0,0,0,1
3,4507122,1,2.00,A,A,1,0,0,0,1,0,0,0,0,0,1,0,0,0,0,1
3,4506573,1,6.00,A,A,1,0,0,1,0,0,0,0,0,0,1,0,0,0,0,0
3,4506979,1,4.00,A,A,1,0,1,0,0,0,0,0,0,0,1,0,0,0,0,1
3,4507033,1,3.00,A,A,1,0,0,0,1,0,0,0,0,0,1,0,0,0,0,1
3,4507129,1,4.00,A,A,1,0,1,0,0,0,0,0,0,0,1,0,0,0,0,1
3,4507515,1,6.00,A,A,1,0,0,0,1,0,0,0,0,0,1,0,0,0,0,1
3,4507250,1,4.00,A,A,1,0,0,0,1,0,0,0,0,0,1,0,0,0,0,1
3,4507286,1,8.00,A,A,1,0,0,0,1,0,0,0,0,0,1,0,0,0,0,1
3,4506382,1,4.00,A,A,1,0,1,0,0,0,0,0,0,0,1,0,0,0,0,1
3,4506953,1,3.00,A,A,1,0,0,1,0,0,0,0,0,0,1,0,0,0,0,0
3,4507450,1,2.00,A,A,1,0,0,0,1,0,0,0,0,0,1,0,0,0,0,1
3,4505428,1,6.00,A,A,1,1,0,0,0,0,0,0,0,0,1,0,0,0,0,1
3,4506502,1,4.00,A,A,1,0,1,0,0,0,0,0,0,0,1,0,0,0,0,1
3,4506011,1,2.00,A,A,1,0,1,0,0,0,0,0,0,0,1,0,0,0,0,1
3,4506166,1,4.00,A,A,1,0,1,0,0,0,0,0,0,0,1,0,0,0,0,1
3,4506924,1,3.00,A,A,1,0,0,1,0,0,0,0,0,0,1,0,0,0,0,0
3,4506227,1,2.00,A,A,1,0,1,0,0,0,0,0,0,0,1,0,0,0,0,1
3,4506892,1,2.00,A,A,1,0,0,1,0,0,0,0,0,0,1,0,0,0,0,0
3,4506348,2,4.00,A,A,1,0,1,0,0,0,0,0,0,0,1,0,0,0,0,1
3,4506537,1,8.00,A,A,1,0,1,0,0,0,0,0,0,0,1,0,0,0,0,1
3,4507354,1,8.00,A,A,1,0,0,0,1,0,0,0,0,0,1,0,0,0,0,1
3,4506983,1,6.00,A,A,1,0,0,1,0,0,0,0,0,0,1,0,0,0,0,0
3,4506142,1,6.00,A,A,1,1,0,0,0,0,0,0,0,0,1,0,0,0,0,1
3,4506789,1,4.00,A,A,1,0,0,1,0,0,0,0,0,0,1,0,0,0,0,0
3,4507593,1,8.00,A,A,1,0,0,1,0,0,0,0,0,0,1,0,0,0,0,0
3,4506412,1,6.00,A,A,1,0,1,0,0,0,0,0,0,0,1,0,0,0,0,1
3,4505335,1,4.00,O,O,1,1,0,0,0,0,0,0,0,0,1,0,0,0,0,1
3,4507435,1,6.00,O,O,1,0,0,0,1,0,0,0,0,0,1,0,0,0,0,1
3,4507547,1,2.00,O,O,1,0,0,0,0,1,0,0,0,0,1,0,0,0,0,1
3,4506750,1,2.00,O,O,1,0,1,0,0,0,0,0,0,0,1,0,0,0,0,1
3,4506127,1,2.00,E,O,1,0,1,0,0,0,0,0,0,0,1,0,0,0,0,1
3,4507404,1,8.00,O,O,1,0,0,0,1,0,0,0,0,0,1,0,0,0,0,1
3,4506748,1,2.00,O,O,1,0,1,0,0,0,0,0,0,0,1,0,0,0,0,1
3,4507100,1,4.00,E,O,1,0,1,0,0,0,0,0,0,0,1,0,0,0,0,1
3,4506631,1,2.00,A,A,1,0,1,0,0,0,0,0,0,0,0,1,0,0,0,1
3,4505249,3,24.00,A,A,2,0,0,0,1,1,0,0,0,0,0,1,1,0,0,0
3,4506723,1,2.00,A,A,1,0,1,0,0,0,0,0,0,0,0,1,0,0,0,1
3,4507448,1,4.00,A,A,1,0,0,1,0,0,0,0,0,0,0,1,0,0,0,1
3,4506728,1,8.00,A,A,1,0,1,0,0,0,0,0,0,0,0,1,0,0,0,1
3,4507082,1,2.00,A,A,1,0,0,0,1,0,0,0,0,0,0,1,0,0,0,0
3,4505667,1,8.00,A,A,1,1,0,0,0,0,0,0,0,0,0,1,0,0,0,1
3,4505668,2,16.00,A,A,1,0,0,0,0,1,0,0,0,0,0,1,0,0,0,1
3,4507041,1,2.00,A,A,1,0,1,0,0,0,0,0,0,0,0,1,0,0,0,1
3,4506829,1,6.00,A,A,1,0,1,0,0,0,0,0,0,0,0,1,0,0,0,1
3,4506777,1,2.00,A,A,1,0,1,0,0,0,0,0,0,0,0,1,0,0,0,1
3,4506582,1,4.00,A,A,1,1,0,0,0,0,0,0,0,0,0,1,0,0,0,1
3,4507038,1,4.00,A,A,1,0,1,0,0,0,0,0,0,0,0,1,0,0,0,1
3,4507000,1,2.00,A,A,1,0,0,0,1,0,0,0,0,0,0,1,0,0,0,0
3,4507228,1,6.00,A,A,1,0,0,0,1,0,0,0,0,0,0,1,0,0,0,0
3,4506566,1,3.00,A,A,1,0,1,0,0,0,0,0,0,0,0,1,0,0,0,1
3,4506691,1,6.00,A,A,1,0,1,0,0,0,0,0,0,0,0,1,0,0,0,1
3,4506210,1,6.00,A,A,1,1,0,0,0,0,0,0,0,0,0,1,0,0,0,1
3,4506321,1,8.00,A,A,1,0,1,0,0,0,0,0,0,0,0,1,0,0,0,1
3,4506866,1,6.00,A,A,1,0,1,0,0,0,0,0,0,0,0,1,0,0,0,1
3,4507505,1,2.00,A,A,1,0,0,0,1,0,0,0,0,0,0,1,0,0,0,0
3,4507123,1,2.00,A,A,1,0,0,0,1,0,0,0,0,0,0,1,0,0,0,0
3,4507567,1,2.00,A,A,1,0,0,0,1,0,0,0,0,0,0,1,0,0,0,0
3,4507436,1,2.00,A,A,1,0,0,0,1,0,0,0,0,0,0,1,0,0,0,0
3,4507365,1,2.00,A,A,1,0,0,0,1,0,0,0,0,0,0,1,0,0,0,0
3,4507216,1,4.00,A,A,1,0,0,1,0,0,0,0,0,0,0,1,0,0,0,1
3,4506257,1,2.00,A,A,1,0,1,0,0,0,0,0,0,0,0,1,0,0,0,1
3,4506418,1,2.00,A,A,1,0,1,0,0,0,0,0,0,0,0,1,0,0,0,1
3,4507608,1,2.00,A,A,1,0,0,0,1,0,0,0,0,0,0,1,0,0,0,0
3,4506949,1,2.00,A,A,1,0,1,0,0,0,0,0,0,0,0,1,0,0,0,1
3,4506998,1,6.00,A,A,1,0,0,0,1,0,0,0,0,0,0,1,0,0,0,0
3,4507231,1,4.00,A,A,1,0,0,0,1,0,0,0,0,0,0,1,0,0,0,0
3,4507032,1,2.00,A,A,1,0,0,0,1,0,0,0,0,0,0,1,0,0,0,0
3,4507481,1,6.00,A,A,1,0,0,0,1,0,0,0,0,0,0,1,0,0,0,0
3,4507586,1,3.00,A,A,1,0,0,0,1,0,0,0,0,0,0,1,0,0,0,0
3,4507532,1,6.00,A,A,1,0,0,1,0,0,0,0,0,0,0,1,0,0,0,1
3,4506320,1,4.00,A,A,1,0,1,0,0,0,0,0,0,0,0,1,0,0,0,1
3,4506814,1,2.00,A,A,1,0,1,0,0,0,0,0,0,0,0,1,0,0,0,1
3,4507172,1,2.00,A,A,1,0,0,0,1,0,0,0,0,0,0,1,0,0,0,0
3,4506844,1,4.00,A,A,1,0,0,1,0,0,0,0,0,0,0,1,0,0,0,1
3,4507205,1,2.00,A,A,1,0,0,0,1,0,0,0,0,0,0,1,0,0,0,0
3,4506717,1,6.00,A,A,1,0,1,0,0,0,0,0,0,0,0,1,0,0,0,1
3,4507472,1,3.00,A,A,1,0,0,0,1,0,0,0,0,0,0,1,0,0,0,0
3,4506474,1,3.00,A,A,1,0,1,0,0,0,0,0,0,0,0,1,0,0,0,1
3,4506551,3,24.00,A,A,1,0,0,1,0,0,0,0,0,0,0,1,0,0,0,1
3,4505248,2,16.00,A,A,1,1,0,0,0,0,0,0,0,0,0,1,0,0,0,1
3,4506975,1,2.00,A,A,1,0,0,0,1,0,0,0,0,0,0,1,0,0,0,0
3,4506356,1,2.00,A,A,1,0,1,0,0,0,0,0,0,0,0,1,0,0,0,1
3,4507438,1,4.00,A,A,1,0,0,0,0,1,0,0,0,0,0,1,0,0,0,1
3,4506522,1,6.00,A,A,1,1,0,0,0,0,0,0,0,0,0,1,0,0,0,1
3,4506542,1,6.00,A,A,1,0,1,0,0,0,0,0,0,0,0,1,0,0,0,1
3,4507462,1,4.00,A,A,1,0,0,0,0,1,0,0,0,0,0,1,0,0,0,1
3,4506812,1,2.00,A,A,1,0,1,0,0,0,0,0,0,0,0,1,0,0,0,1
3,4506046,1,2.00,A,A,1,0,1,0,0,0,0,0,0,0,0,1,0,0,0,1
3,4506847,1,2.00,A,A,1,0,0,1,0,0,0,0,0,0,0,1,0,0,0,1
3,4507111,1,2.00,A,A,1,0,0,1,0,0,0,0,0,0,0,1,0,0,0,1
3,4506942,1,2.00,A,A,1,0,0,0,1,0,0,0,0,0,0,1,0,0,0,0
3,4507352,1,6.00,A,A,1,0,0,1,0,0,0,0,0,0,0,1,0,0,0,1
3,4507301,1,8.00,A,A,1,0,0,1,0,0,0,0,0,0,0,1,0,0,0,1
3,4506901,1,6.00,A,A,1,0,0,1,0,0,0,0,0,0,0,1,0,0,0,1
3,4507471,1,8.00,A,A,1,0,0,1,0,0,0,0,0,0,0,1,0,0,0,1
3,4507059,1,3.00,A,A,1,0,0,0,1,0,0,0,0,0,0,1,0,0,0,0
3,4506991,1,2.00,A,A,1,0,0,1,0,0,0,0,0,0,0,1,0,0,0,1
3,4507569,1,8.00,A,A,1,0,0,0,0,1,0,0,0,0,0,1,0,0,0,1
3,4507203,1,8.00,A,A,1,0,0,0,1,0,0,0,0,0,0,1,0,0,0,0
3,4505985,1,8.00,A,A,1,0,1,0,0,0,0,0,0,0,0,1,0,0,0,1
3,4507181,1,2.00,A,A,1,0,0,0,0,1,0,0,0,0,0,1,0,0,0,1
3,4506948,1,10.00,A,A,1,0,1,0,0,0,0,0,0,0,0,1,0,0,0,1
3,4506961,2,12.00,A,A,1,0,0,1,0,0,0,0,0,0,0,1,0,0,0,1
3,4507283,1,2.00,A,A,1,0,0,0,1,0,0,0,0,0,0,1,0,0,0,0
3,4507060,1,6.00,A,A,1,0,0,0,1,0,0,0,0,0,0,1,0,0,0,0
3,4506386,1,8.00,A,A,1,0,1,0,0,0,0,0,0,0,0,1,0,0,0,1
3,4507625,1,6.00,A,A,1,0,0,0,1,0,0,0,0,0,0,1,0,0,0,0
3,4507194,1,8.00,A,A,1,0,0,1,0,0,0,0,0,0,0,1,0,0,0,1
3,4506171,1,6.00,A,A,1,0,1,0,0,0,0,0,0,0,0,1,0,0,0,1
3,4506766,1,2.00,A,A,1,1,0,0,0,0,0,0,0,0,0,1,0,0,0,1
3,4507051,1,3.00,A,A,1,0,0,1,0,0,0,0,0,0,0,1,0,0,0,1
3,4506943,1,2.00,A,A,1,0,0,0,1,0,0,0,0,0,0,1,0,0,0,0
3,4506317,1,6.00,A,A,1,0,1,0,0,0,0,0,0,0,0,1,0,0,0,1
3,4506444,1,4.00,A,A,1,0,1,0,0,0,0,0,0,0,0,1,0,0,0,1
3,4507081,1,8.00,A,A,1,0,0,1,0,0,0,0,0,0,0,1,0,0,0,1
3,4506354,1,2.00,A,A,1,0,1,0,0,0,0,0,0,0,0,1,0,0,0,1
3,4507635,1,8.00,A,A,1,0,0,0,1,0,0,0,0,0,0,1,0,0,0,0
3,4507576,1,8.00,A,A,1,0,0,1,0,0,0,0,0,0,0,1,0,0,0,1
3,4507312,1,6.00,A,A,1,0,0,0,1,0,0,0,0,0,0,1,0,0,0,0
3,4507275,1,3.00,A,A,1,0,0,1,0,0,0,0,0,0,0,1,0,0,0,1
3,4506944,1,2.00,A,A,1,0,0,0,1,0,0,0,0,0,0,1,0,0,0,0
3,4506540,1,2.00,A,A,1,0,1,0,0,0,0,0,0,0,0,1,0,0,0,1
3,4507535,1,6.00,A,A,1,0,0,1,0,0,0,0,0,0,0,1,0,0,0,1
3,4507176,1,4.00,A,A,1,0,0,0,1,0,0,0,0,0,0,1,0,0,0,0
3,4507235,1,6.00,A,A,1,0,0,0,0,1,0,0,0,0,0,1,0,0,0,1
3,4506880,1,8.00,A,A,1,0,0,1,0,0,0,0,0,0,0,1,0,0,0,1
3,4507023,1,6.00,A,A,1,0,0,1,0,0,0,0,0,0,0,1,0,0,0,1
3,4507634,1,2.00,A,A,1,0,0,0,1,0,0,0,0,0,0,1,0,0,0,0
3,4506992,1,6.00,A,A,1,0,0,1,0,0,0,0,0,0,0,1,0,0,0,1
3,4507311,1,6.00,A,A,1,0,0,0,1,0,0,0,0,0,0,1,0,0,0,0
3,4507603,1,2.00,A,A,1,0,0,0,1,0,0,0,0,0,0,1,0,0,0,0
3,4506972,1,4.00,A,A,1,0,0,0,1,0,0,0,0,0,0,1,0,0,0,0
3,4506902,1,2.00,A,A,1,0,0,1,0,0,0,0,0,0,0,1,0,0,0,1
3,4506879,1,6.00,A,A,1,0,0,1,0,0,0,0,0,0,0,1,0,0,0,1
3,4506256,1,6.00,A,A,1,0,1,0,0,0,0,0,0,0,0,1,0,0,0,1
3,4507302,1,2.00,A,A,1,0,0,1,0,0,0,0,0,0,0,1,0,0,0,1
3,4507544,1,4.00,A,A,1,0,0,0,1,0,0,0,0,0,0,1,0,0,0,0
3,4507643,1,6.00,A,A,1,0,0,0,1,0,0,0,0,0,0,1,0,0,0,0
3,4507624,1,4.00,A,A,1,0,0,0,1,0,0,0,0,0,0,1,0,0,0,0
3,4506934,1,2.00,A,A,1,0,0,1,0,0,0,0,0,0,0,1,0,0,0,1
3,4506106,1,4.00,A,A,1,0,1,0,0,0,0,0,0,0,0,1,0,0,0,1
3,4507447,1,6.00,A,A,1,0,0,1,0,0,0,0,0,0,0,1,0,0,0,1
3,4506355,1,6.00,A,A,1,0,1,0,0,0,0,0,0,0,0,1,0,0,0,1
3,4506506,1,4.00,A,A,1,0,1,0,0,0,0,0,0,0,0,1,0,0,0,1
3,4507376,1,2.00,A,A,1,0,0,1,0,0,0,0,0,0,0,1,0,0,0,1
3,4507615,1,2.00,A,A,1,0,0,1,0,0,0,0,0,0,0,1,0,0,0,1
3,4506962,1,2.00,A,A,1,0,0,1,0,0,0,0,0,0,0,1,0,0,0,1
3,4506910,1,4.00,A,A,1,0,0,0,1,0,0,0,0,0,0,1,0,0,0,0
3,4506598,1,4.00,A,A,1,0,1,0,0,0,0,0,0,0,0,1,0,0,0,1
3,4506809,1,8.00,A,A,1,0,1,0,0,0,0,0,0,0,0,1,0,0,0,1
3,4507653,1,2.00,A,A,1,0,0,0,0,1,0,0,0,0,0,1,0,0,0,1
3,4506398,1,2.00,A,A,1,1,0,0,0,0,0,0,0,0,0,1,0,0,0,1
3,4506781,2,16.00,A,A,1,0,1,0,0,0,0,0,0,0,0,1,0,0,0,1
3,4506140,1,2.00,A,A,1,0,1,0,0,0,0,0,0,0,0,1,0,0,0,1
3,4507282,1,2.00,A,A,1,0,0,0,1,0,0,0,0,0,0,1,0,0,0,0
3,4507595,1,8.00,A,A,1,0,0,1,0,0,0,0,0,0,0,1,0,0,0,1
3,4507633,1,8.00,A,A,1,0,0,0,1,0,0,0,0,0,0,1,0,0,0,0
3,4506933,1,4.00,A,A,1,0,0,1,0,0,0,0,0,0,0,1,0,0,0,1
3,4507050,1,6.00,A,A,1,0,0,1,0,0,0,0,0,0,0,1,0,0,0,1
3,4507585,1,3.00,A,A,1,0,0,0,1,0,0,0,0,0,0,1,0,0,0,0
3,4507528,1,6.00,A,A,1,0,0,0,0,1,0,0,0,0,0,1,0,0,0,1
3,4507145,1,2.00,A,A,1,0,0,0,1,0,0,0,0,0,0,1,0,0,0,0
3,4507562,1,6.00,A,A,1,0,0,0,1,0,0,0,0,0,0,1,0,0,0,0
3,4506232,1,2.00,A,A,1,0,1,0,0,0,0,0,0,0,0,1,0,0,0,1
3,4506016,1,2.00,A,A,1,0,1,0,0,0,0,0,0,0,0,1,0,0,0,1
3,4507493,1,8.00,A,A,1,0,0,1,0,0,0,0,0,0,0,1,0,0,0,1
3,4506045,1,2.00,A,A,1,0,1,0,0,0,0,0,0,0,0,1,0,0,0,1
3,4507623,1,4.00,A,A,1,0,0,0,1,0,0,0,0,0,0,1,0,0,0,0
3,4506108,1,4.00,A,A,1,0,1,0,0,0,0,0,0,0,0,1,0,0,0,1
3,4507542,1,4.00,A,A,1,0,0,0,1,0,0,0,0,0,0,1,0,0,0,0
3,4507584,1,6.00,A,A,1,0,0,0,1,0,0,0,0,0,0,1,0,0,0,0
3,4506445,1,3.00,A,A,1,0,1,0,0,0,0,0,0,0,0,1,0,0,0,1
3,4507091,1,2.00,A,A,1,0,0,0,1,0,0,0,0,0,0,1,0,0,0,0
3,4506720,1,2.00,A,A,1,0,1,0,0,0,0,0,0,0,0,1,0,0,0,1
3,4507031,1,4.00,A,A,1,0,0,0,1,0,0,0,0,0,0,1,0,0,0,0
3,4507165,1,6.00,A,A,1,0,0,1,0,0,0,0,0,0,0,1,0,0,0,1
3,4507478,1,3.00,A,A,1,0,0,0,1,0,0,0,0,0,0,1,0,0,0,0
3,4506291,1,4.00,A,A,1,0,1,0,0,0,0,0,0,0,0,1,0,0,0,1
3,4507422,1,2.00,A,A,1,0,0,1,0,0,0,0,0,0,0,1,0,0,0,1
3,4506352,1,3.00,A,A,1,0,1,0,0,0,0,0,0,0,0,1,0,0,0,1
3,4506630,1,4.00,A,A,1,0,1,0,0,0,0,0,0,0,0,1,0,0,0,1
3,4507470,1,8.00,A,A,1,0,0,1,0,0,0,0,0,0,0,1,0,0,0,1
3,4507433,1,4.00,A,A,1,0,0,0,1,0,0,0,0,0,0,1,0,0,0,0
3,4507002,1,4.00,A,A,1,0,0,0,1,0,0,0,0,0,0,1,0,0,0,0
3,4507614,1,6.00,A,A,1,0,0,1,0,0,0,0,0,0,0,1,0,0,0,1
3,4507564,1,8.00,A,A,1,0,0,0,1,0,0,0,0,0,0,1,0,0,0,0
3,4507543,1,8.00,A,A,1,0,0,0,1,0,0,0,0,0,0,1,0,0,0,0
3,4507548,1,8.00,A,A,1,0,0,0,0,1,0,0,0,0,0,1,0,0,0,1
3,4506783,1,2.00,A,A,1,0,1,0,0,0,0,0,0,0,0,1,0,0,0,1
3,4506947,1,8.00,A,A,1,0,1,0,0,0,0,0,0,0,0,1,0,0,0,1
3,4507457,1,6.00,A,A,1,0,0,0,1,0,0,0,0,0,0,1,0,0,0,0
3,4507480,1,3.00,A,A,1,0,0,0,1,0,0,0,0,0,0,1,0,0,0,0
3,4507327,1,6.00,A,A,1,0,0,1,0,0,0,0,0,0,0,1,0,0,0,1
3,4507248,1,2.00,A,A,1,0,0,1,0,0,0,0,0,0,0,1,0,0,0,1
3,4507328,1,4.00,A,A,1,0,0,1,0,0,0,0,0,0,0,1,0,0,0,1
3,4506834,1,2.00,A,A,1,0,1,0,0,0,0,0,0,0,0,1,0,0,0,1
3,4507030,1,8.00,A,A,1,0,0,0,1,0,0,0,0,0,0,1,0,0,0,0
3,4507432,1,2.00,A,A,1,0,0,0,1,0,0,0,0,0,0,1,0,0,0,0
3,4507274,1,8.00,A,A,1,0,0,1,0,0,0,0,0,0,0,1,0,0,0,1
3,4507563,1,4.00,A,A,1,0,0,0,1,0,0,0,0,0,0,1,0,0,0,0
3,4507259,1,2.00,A,A,1,0,0,0,1,0,0,0,0,0,0,1,0,0,0,0
3,4507147,1,8.00,A,A,1,0,0,0,1,0,0,0,0,0,0,1,0,0,0,0
3,4507229,1,6.00,A,A,1,0,0,0,1,0,0,0,0,0,0,1,0,0,0,0
3,4507479,1,4.00,A,A,1,0,0,0,1,0,0,0,0,0,0,1,0,0,0,0
3,4506705,2,16.00,A,A,1,0,1,0,0,0,0,0,0,0,0,1,0,0,0,1
3,4507408,1,6.00,A,A,1,0,0,0,1,0,0,0,0,0,0,1,0,0,0,0
3,4507022,1,8.00,A,A,1,0,0,1,0,0,0,0,0,0,0,1,0,0,0,1
3,4507649,1,8.00,A,A,1,0,0,0,0,1,0,0,0,0,0,1,0,0,0,1
3,4507399,1,8.00,A,A,1,0,0,1,0,0,0,0,0,0,0,1,0,0,0,1
3,4507554,1,4.00,A,A,1,0,0,1,0,0,0,0,0,0,0,1,0,0,0,1
3,4507230,1,4.00,A,A,1,0,0,0,1,0,0,0,0,0,0,1,0,0,0,0
3,4507080,1,4.00,A,A,1,0,0,1,0,0,0,0,0,0,0,1,0,0,0,1
3,4507138,1,4.00,A,A,1,0,0,1,0,0,0,0,0,0,0,1,0,0,0,1
3,4506479,1,6.00,A,A,1,0,1,0,0,0,0,0,0,0,0,1,0,0,0,1
3,4506078,1,4.00,A,A,1,0,1,0,0,0,0,0,0,0,0,1,0,0,0,1
3,4507121,1,2.00,A,A,1,0,0,0,1,0,0,0,0,0,0,1,0,0,0,0
3,4507606,1,4.00,A,A,1,0,0,0,1,0,0,0,0,0,0,1,0,0,0,0
3,4507434,1,4.00,A,A,1,0,0,0,1,0,0,0,0,0,0,1,0,0,0,0
3,4507502,1,4.00,A,A,1,0,0,0,1,0,0,0,0,0,0,1,0,0,0,0
3,4506109,1,4.00,A,A,1,0,1,0,0,0,0,0,0,0,0,1,0,0,0,1
3,4506013,1,10.00,A,A,1,0,1,0,0,0,0,0,0,0,0,1,0,0,0,1
3,4507456,1,8.00,A,A,1,0,0,0,1,0,0,0,0,0,0,1,0,0,0,0
3,4507166,1,4.00,A,A,1,0,0,1,0,0,0,0,0,0,0,1,0,0,0,1
3,4507407,1,2.00,A,A,1,0,0,0,1,0,0,0,0,0,0,1,0,0,0,0
3,4507555,1,8.00,A,A,1,0,0,1,0,0,0,0,0,0,0,1,0,0,0,1
3,4507338,1,8.00,A,A,1,0,0,0,1,0,0,0,0,0,0,1,0,0,0,0
3,4507310,1,2.00,A,A,1,0,0,0,1,0,0,0,0,0,0,1,0,0,0,0
3,4506414,1,4.00,A,A,1,0,1,0,0,0,0,0,0,0,0,1,0,0,0,1
3,4507342,1,8.00,A,A,1,0,0,0,0,1,0,0,0,0,0,1,0,0,0,1
3,4507258,1,8.00,A,A,1,0,0,0,1,0,0,0,0,0,0,1,0,0,0,0
3,4507458,1,4.00,A,A,1,0,0,0,1,0,0,0,0,0,0,1,0,0,0,0
3,4507605,1,4.00,A,A,1,0,0,0,1,0,0,0,0,0,0,1,0,0,0,0
3,4507514,1,4.00,A,A,1,0,0,1,0,0,0,0,0,0,0,1,0,0,0,1
3,4507257,1,2.00,A,A,1,0,0,0,1,0,0,0,0,0,0,1,0,0,0,0
3,4506689,1,2.00,A,A,1,0,1,0,0,0,0,0,0,0,0,1,0,0,0,1
3,4507646,1,4.00,A,A,1,0,0,0,1,0,0,0,0,0,0,1,0,0,0,0
3,4506628,1,2.00,A,A,1,0,1,0,0,0,0,0,0,0,0,1,0,0,0,1
3,4506916,1,2.00,A,A,1,0,1,0,0,0,0,0,0,0,0,1,0,0,0,1
3,4506661,1,2.00,A,A,1,0,1,0,0,0,0,0,0,0,0,1,0,0,0,1
3,4506139,1,8.00,A,A,1,0,1,0,0,0,0,0,0,0,0,1,0,0,0,1
3,4506579,1,8.00,A,A,1,1,0,0,0,0,0,0,0,0,0,1,0,0,0,1
3,4507089,1,6.00,A,A,1,0,0,0,1,0,0,0,0,0,0,1,0,0,0,0
3,4506044,1,8.00,A,A,1,0,1,0,0,0,0,0,0,0,0,1,0,0,0,1
3,4506416,1,4.00,A,A,1,0,1,0,0,0,0,0,0,0,0,1,0,0,0,1
3,4507629,1,4.00,A,A,1,0,0,0,0,1,0,0,0,0,0,1,0,0,0,1
3,4507110,1,8.00,A,A,1,0,0,1,0,0,0,0,0,0,0,1,0,0,0,1
3,4507220,1,4.00,A,A,1,0,0,1,0,0,0,0,0,0,0,1,0,0,0,1
3,4507645,1,10.00,A,A,1,0,0,0,1,0,0,0,0,0,0,1,0,0,0,0
3,4507384,1,3.00,A,A,1,0,0,0,1,0,0,0,0,0,0,1,0,0,0,0
3,4507095,1,2.00,A,A,1,0,0,0,0,1,0,0,0,0,0,1,0,0,0,1
3,4506913,1,6.00,A,A,1,0,0,0,1,0,0,0,0,0,0,1,0,0,0,0
3,4507249,1,2.00,A,A,1,0,0,1,0,0,0,0,0,0,0,1,0,0,0,1
3,4507575,1,10.00,A,A,1,0,0,1,0,0,0,0,0,0,0,1,0,0,0,1
3,4507522,1,8.00,A,A,1,0,0,0,1,0,0,0,0,0,0,1,0,0,0,0
3,4507362,1,6.00,A,A,1,0,0,0,1,0,0,0,0,0,0,1,0,0,0,0
3,4506911,1,2.00,A,A,1,0,0,0,1,0,0,0,0,0,0,1,0,0,0,0
3,4506230,1,4.00,A,A,1,0,1,0,0,0,0,0,0,0,0,1,0,0,0,1
3,4506629,1,2.00,A,A,1,0,1,0,0,0,0,0,0,0,0,1,0,0,0,1
3,4507361,1,6.00,A,A,1,0,0,0,1,0,0,0,0,0,0,1,0,0,0,0
3,4506917,1,3.00,A,A,1,0,1,0,0,0,0,0,0,0,0,1,0,0,0,1
3,4507119,1,4.00,A,A,1,0,0,0,1,0,0,0,0,0,0,1,0,0,0,0
3,4506415,1,2.00,A,A,1,0,1,0,0,0,0,0,0,0,0,1,0,0,0,1
3,4506014,1,2.00,A,A,1,0,1,0,0,0,0,0,0,0,0,1,0,0,0,1
3,4506107,1,2.00,A,A,1,0,1,0,0,0,0,0,0,0,0,1,0,0,0,1
3,4506077,1,4.00,A,A,1,0,1,0,0,0,0,0,0,0,0,1,0,0,0,1
3,4505954,1,3.00,A,A,1,0,1,0,0,0,0,0,0,0,0,1,0,0,0,1
3,4506765,2,16.00,A,A,1,0,1,0,0,0,0,0,0,0,0,1,0,0,0,1
3,4506721,1,4.00,A,A,1,0,1,0,0,0,0,0,0,0,0,1,0,0,0,1
3,4506290,1,4.00,A,A,1,0,1,0,0,0,0,0,0,0,0,1,0,0,0,1
3,4507065,1,2.00,A,A,1,0,0,0,0,1,0,0,0,0,0,1,0,0,0,1
3,4506353,1,2.00,A,A,1,0,1,0,0,0,0,0,0,0,0,1,0,0,0,1
3,4506539,1,4.00,A,A,1,0,1,0,0,0,0,0,0,0,0,1,0,0,0,1
3,4507639,1,6.00,A,A,1,0,0,0,0,1,0,0,0,0,0,1,0,0,0,1
3,4507202,1,2.00,A,A,1,0,0,0,1,0,0,0,0,0,0,1,0,0,0,0
3,4507336,1,8.00,A,A,1,0,0,0,1,0,0,0,0,0,0,1,0,0,0,0
3,4507534,1,2.00,A,A,1,0,0,1,0,0,0,0,0,0,0,1,0,0,0,1
3,4507501,1,8.00,A,A,1,0,0,0,1,0,0,0,0,0,0,1,0,0,0,0
3,4507315,1,4.00,A,A,1,0,0,0,1,0,0,0,0,0,0,1,0,0,0,0
3,4507193,1,6.00,A,A,1,0,0,1,0,0,0,0,0,0,0,1,0,0,0,1
3,4506259,1,8.00,A,A,1,0,1,0,0,0,0,0,0,0,0,1,0,0,0,1
3,4507139,1,4.00,A,A,1,0,0,1,0,0,0,0,0,0,0,1,0,0,0,1
3,4507588,1,2.00,A,A,1,0,0,0,1,0,0,0,0,0,0,1,0,0,0,0
3,4506890,1,6.00,A,A,1,0,1,0,0,0,0,0,0,0,0,1,0,0,0,1
3,4507375,1,4.00,A,A,1,0,0,1,0,0,0,0,0,0,0,1,0,0,0,1
3,4507644,1,8.00,A,A,1,0,0,0,1,0,0,0,0,0,0,1,0,0,0,0
3,4507064,1,8.00,A,A,1,0,0,0,1,0,0,0,0,0,0,1,0,0,0,0
3,4506388,1,4.00,A,A,1,0,1,0,0,0,0,0,0,0,0,1,0,0,0,1
3,4507604,1,6.00,A,A,1,0,0,0,1,0,0,0,0,0,0,1,0,0,0,0
3,4507437,1,4.00,A,A,1,0,0,0,0,1,0,0,0,0,0,1,0,0,0,1
3,4507364,1,2.00,A,A,1,0,0,0,1,0,0,0,0,0,0,1,0,0,0,0
3,4507411,1,3.00,A,A,1,0,0,0,1,0,0,0,0,0,0,1,0,0,0,0
3,4507077,1,3.00,A,A,1,0,0,1,0,0,0,0,0,0,0,1,0,0,0,1
3,4507233,1,2.00,A,A,1,0,0,0,1,0,0,0,0,0,0,1,0,0,0,0
3,4507210,1,4.00,A,A,1,0,1,0,0,0,0,0,0,0,0,1,0,0,0,1
3,4507483,1,2.00,A,A,1,0,0,0,1,0,0,0,0,0,0,1,0,0,0,0
3,4507303,1,2.00,A,A,1,0,0,1,0,0,0,0,0,0,0,1,0,0,0,1
3,4506903,1,2.00,A,A,1,0,0,1,0,0,0,0,0,0,0,1,0,0,0,1
3,4507526,1,4.00,A,A,1,0,0,0,1,0,0,0,0,0,0,1,0,0,0,0
3,4506632,1,8.00,A,A,1,0,1,0,0,0,0,0,0,0,0,1,0,0,0,1
3,4506132,1,6.00,A,A,1,0,1,0,0,0,0,0,0,0,0,1,0,0,0,1
3,4506921,1,4.00,A,A,1,0,1,0,0,0,0,0,0,0,0,1,0,0,0,1
3,4507099,1,8.00,A,A,1,0,1,0,0,0,0,0,0,0,0,1,0,0,0,1
3,4506786,1,4.00,A,A,1,0,1,0,0,0,0,0,0,0,0,1,0,0,0,1
3,4507627,1,4.00,A,A,1,0,0,0,1,0,0,0,0,0,0,1,0,0,0,0
3,4507237,1,4.00,A,A,1,0,1,0,0,0,0,0,0,0,0,1,0,0,0,1
3,4507005,1,6.00,A,A,1,0,0,0,1,0,0,0,0,0,0,1,0,0,0,0
3,4507260,1,2.00,A,A,1,0,0,0,1,0,0,0,0,0,0,1,0,0,0,0
3,4507143,1,4.00,A,A,1,0,0,0,1,0,0,0,0,0,0,1,0,0,0,0
3,4506047,1,4.00,A,A,1,0,1,0,0,0,0,0,0,0,0,1,0,0,0,1
3,4507460,1,2.00,A,A,1,0,0,0,1,0,0,0,0,0,0,1,0,0,0,0
3,4507388,1,6.00,A,A,1,0,0,0,1,0,0,0,0,0,0,1,0,0,0,0
3,4507459,1,3.00,A,A,1,0,0,0,1,0,0,0,0,0,0,1,0,0,0,0
3,4507540,1,4.00,A,A,1,0,0,0,1,0,0,0,0,0,0,1,0,0,0,0
3,4507531,1,6.00,A,A,1,0,0,1,0,0,0,0,0,0,0,1,0,0,0,1
3,4507551,1,3.00,A,A,1,0,0,1,0,0,0,0,0,0,0,1,0,0,0,1
3,4507261,1,2.00,A,A,1,0,0,0,1,0,0,0,0,0,0,1,0,0,0,0
3,4507560,1,2.00,A,A,1,0,0,0,1,0,0,0,0,0,0,1,0,0,0,0
3,4507068,1,2.00,A,A,1,0,1,0,0,0,0,0,0,0,0,1,0,0,0,1
3,4507489,1,2.00,A,A,1,0,0,1,0,0,0,0,0,0,0,1,0,0,0,1
3,4506467,1,4.00,A,A,1,0,1,0,0,0,0,0,0,0,0,1,0,0,0,1
3,4507217,1,2.00,A,A,1,0,0,1,0,0,0,0,0,0,0,1,0,0,0,1
3,4507299,1,4.00,A,A,1,0,0,1,0,0,0,0,0,0,0,1,0,0,0,1
3,4506813,1,4.00,A,A,1,0,1,0,0,0,0,0,0,0,0,1,0,0,0,1
3,4506958,1,4.00,A,A,1,0,0,1,0,0,0,0,0,0,0,1,0,0,0,1
3,4507069,1,3.00,A,A,1,0,1,0,0,0,0,0,0,0,0,1,0,0,0,1
3,4507070,1,4.00,A,A,1,0,1,0,0,0,0,0,0,0,0,1,0,0,0,1
3,4507395,1,6.00,A,A,1,0,0,1,0,0,0,0,0,0,0,1,0,0,0,1
3,4506837,1,3.00,A,A,1,0,1,0,0,0,0,0,0,0,0,1,0,0,0,1
3,4507062,1,3.00,A,A,1,0,0,0,1,0,0,0,0,0,0,1,0,0,0,0
3,4506945,1,4.00,A,A,1,0,0,0,1,0,0,0,0,0,0,1,0,0,0,0
3,4507636,1,2.00,A,A,1,0,0,0,1,0,0,0,0,0,0,1,0,0,0,0
3,4506914,1,2.00,A,A,1,0,0,0,1,0,0,0,0,0,0,1,0,0,0,0
3,4507339,1,2.00,A,A,1,0,0,0,1,0,0,0,0,0,0,1,0,0,0,0
3,4505956,1,6.00,A,A,1,1,0,0,0,0,0,0,0,0,0,1,0,0,0,1
3,4507429,1,4.00,A,A,1,0,0,0,1,0,0,0,0,0,0,1,0,0,0,0
3,4507177,1,2.00,A,A,1,0,0,0,1,0,0,0,0,0,0,1,0,0,0,0
3,4507387,1,4.00,A,A,1,0,0,0,1,0,0,0,0,0,0,1,0,0,0,0
3,4507525,1,2.00,A,A,1,0,0,0,1,0,0,0,0,0,0,1,0,0,0,0
3,4507510,1,2.00,A,A,1,0,0,1,0,0,0,0,0,0,0,1,0,0,0,1
3,4507199,1,4.00,A,A,1,0,0,0,1,0,0,0,0,0,0,1,0,0,0,0
3,4507154,1,4.00,A,A,1,0,1,0,0,0,0,0,0,0,0,1,0,0,0,1
3,4507027,1,8.00,A,A,1,0,0,0,1,0,0,0,0,0,0,1,0,0,0,0
3,4507410,1,2.00,A,A,1,0,0,0,1,0,0,0,0,0,0,1,0,0,0,0
3,4507285,1,6.00,A,A,1,0,0,0,1,0,0,0,0,0,0,1,0,0,0,0
3,4507363,1,2.00,A,A,1,0,0,0,1,0,0,0,0,0,0,1,0,0,0,0
3,4507503,1,2.00,A,A,1,0,0,0,1,0,0,0,0,0,0,1,0,0,0,0
3,4506665,1,4.00,A,A,1,0,1,0,0,0,0,0,0,0,0,1,0,0,0,1
3,4507333,1,4.00,A,A,1,0,0,0,1,0,0,0,0,0,0,1,0,0,0,0
3,4507565,1,4.00,A,A,1,0,0,0,1,0,0,0,0,0,0,1,0,0,0,0
3,4506138,2,4.00,A,A,1,0,1,0,0,0,0,0,0,0,0,1,0,0,0,1
3,4507626,1,2.00,A,A,1,0,0,0,1,0,0,0,0,0,0,1,0,0,0,0
3,4507373,1,4.00,A,A,1,0,0,1,0,0,0,0,0,0,0,1,0,0,0,1
3,4506867,1,4.00,A,A,1,0,1,0,0,0,0,0,0,0,0,1,0,0,0,1
3,4507180,1,4.00,A,A,1,0,0,0,0,1,0,0,0,0,0,1,0,0,0,1
3,4507010,1,8.00,A,A,1,0,1,0,0,0,0,0,0,0,0,1,0,0,0,1
3,4507127,1,6.00,A,A,1,0,1,0,0,0,0,0,0,0,0,1,0,0,0,1
3,4507349,1,8.00,A,A,1,0,0,1,0,0,0,0,0,0,0,1,0,0,0,1
3,4507325,1,2.00,A,A,1,0,0,1,0,0,0,0,0,0,0,1,0,0,0,1
3,4506950,1,6.00,A,A,1,0,1,0,0,0,0,0,0,0,0,1,0,0,0,1
3,4506481,1,3.00,A,A,1,0,1,0,0,0,0,0,0,0,0,1,0,0,0,1
3,4505957,1,2.00,A,A,1,1,0,0,0,0,0,0,0,0,0,1,0,0,0,1
3,4507581,1,4.00,A,A,1,0,0,0,1,0,0,0,0,0,0,1,0,0,0,0
3,4506419,1,8.00,A,A,1,0,1,0,0,0,0,0,0,0,0,1,0,0,0,1
3,4507239,1,8.00,A,A,1,0,0,1,0,0,0,0,0,0,0,1,0,0,0,1
3,4506888,1,4.00,A,A,1,0,1,0,0,0,0,0,0,0,0,1,0,0,0,1
3,4506692,1,8.00,A,A,1,0,1,0,0,0,0,0,0,0,0,1,0,0,0,1
3,4507137,1,4.00,A,A,1,0,0,1,0,0,0,0,0,0,0,1,0,0,0,1
3,4506846,1,2.00,A,A,1,0,0,1,0,0,0,0,0,0,0,1,0,0,0,1
3,4507021,1,3.00,A,A,1,0,0,1,0,0,0,0,0,0,0,1,0,0,0,1
3,4507219,1,4.00,A,A,1,0,0,1,0,0,0,0,0,0,0,1,0,0,0,1
3,4506104,1,6.00,A,A,1,0,1,0,0,0,0,0,0,0,0,1,0,0,0,1
3,4506440,1,4.00,A,A,1,0,1,0,0,0,0,0,0,0,0,1,0,0,0,1
3,4506593,1,6.00,A,A,1,0,1,0,0,0,0,0,0,0,0,1,0,0,0,1
3,4506534,1,4.00,A,A,1,0,1,0,0,0,0,0,0,0,0,1,0,0,0,1
3,4507335,2,12.00,A,A,1,0,0,0,1,0,0,0,0,0,0,1,0,0,0,0
3,4506990,1,6.00,A,A,1,0,0,1,0,0,0,0,0,0,0,1,0,0,0,1
3,4506312,1,6.00,A,A,1,0,1,0,0,0,0,0,0,0,0,1,0,0,0,1
3,4507589,1,2.00,A,A,1,0,0,0,0,1,0,0,0,0,0,1,0,0,0,1
3,4507582,1,4.00,A,A,1,0,0,0,1,0,0,0,0,0,0,1,0,0,0,0
3,4506778,1,2.00,A,A,1,0,1,0,0,0,0,0,0,0,0,1,0,0,0,1
3,4506746,1,2.00,A,A,1,0,1,0,0,0,0,0,0,0,0,1,0,0,0,1
3,4507382,1,6.00,A,A,1,0,0,0,1,0,0,0,0,0,0,1,0,0,0,0
3,4507163,1,6.00,A,A,1,0,0,1,0,0,0,0,0,0,0,1,0,0,0,1
3,4507087,1,8.00,A,A,1,0,0,0,1,0,0,0,0,0,0,1,0,0,0,0
3,4506473,1,4.00,A,A,1,0,1,0,0,0,0,0,0,0,0,1,0,0,0,1
3,4506968,1,4.00,A,A,1,0,0,0,1,0,0,0,0,0,0,1,0,0,0,0
3,4507117,1,8.00,A,A,1,0,0,0,1,0,0,0,0,0,0,1,0,0,0,0
3,4507602,1,2.00,A,A,1,0,0,0,1,0,0,0,0,0,0,1,0,0,0,0
3,4507421,1,2.00,A,A,1,0,0,1,0,0,0,0,0,0,0,1,0,0,0,1
3,4506755,1,10.00,A,A,1,0,1,0,0,0,0,0,0,0,0,1,0,0,0,1
3,4507405,1,6.00,A,A,1,0,0,0,1,0,0,0,0,0,0,1,0,0,0,0
3,4506361,1,6.00,A,A,1,1,0,0,0,0,0,0,0,0,0,1,0,0,0,1
3,4506922,1,2.00,A,A,1,0,1,0,0,0,0,0,0,0,0,1,0,0,0,1
3,4507200,1,6.00,A,A,1,0,0,0,1,0,0,0,0,0,0,1,0,0,0,0
3,4506869,1,2.00,A,A,1,0,1,0,0,0,0,0,0,0,0,1,0,0,0,1
3,4507385,1,4.00,O,O,1,0,0,0,1,0,0,0,0,0,0,1,0,0,0,0
3,4507029,1,2.00,O,O,1,0,0,0,1,0,0,0,0,0,0,1,0,0,0,0
3,4507648,1,2.00,O,O,1,0,0,0,1,0,0,0,0,0,0,1,0,0,0,0
3,4507291,1,3.00,E,O,1,0,1,0,0,0,0,0,0,0,0,1,0,0,0,1
3,4506912,1,2.00,O,O,1,0,0,0,1,0,0,0,0,0,0,1,0,0,0,0
3,4507001,1,6.00,O,O,1,0,0,0,1,0,0,0,0,0,0,1,0,0,0,0
3,4507284,1,6.00,O,O,1,0,0,0,1,0,0,0,0,0,0,1,0,0,0,0
3,4507280,1,2.00,O,O,1,0,0,0,1,0,0,0,0,0,0,1,0,0,0,0
3,4506940,1,4.00,O,O,1,0,0,0,1,0,0,0,0,0,0,1,0,0,0,0
3,4507409,1,4.00,O,O,1,0,0,0,1,0,0,0,0,0,0,1,0,0,0,0
3,4507583,1,4.00,O,O,1,0,0,0,1,0,0,0,0,0,0,1,0,0,0,0
3,4507204,1,2.00,O,O,1,0,0,0,1,0,0,0,0,0,0,1,0,0,0,0
3,4507524,1,2.00,O,O,1,0,0,0,1,0,0,0,0,0,0,1,0,0,0,0
3,4507148,1,6.00,O,O,1,0,0,0,1,0,0,0,0,0,0,1,0,0,0,0
3,4507004,1,2.00,O,O,1,0,0,0,1,0,0,0,0,0,0,1,0,0,0,0
3,4507003,1,4.00,O,O,1,0,0,0,1,0,0,0,0,0,0,1,0,0,0,0
3,4507360,1,4.00,O,O,1,0,0,0,1,0,0,0,0,0,0,1,0,0,0,0
3,4506970,1,2.00,O,O,1,0,0,0,1,0,0,0,0,0,0,1,0,0,0,0
3,4507314,1,4.00,O,O,1,0,0,0,1,0,0,0,0,0,0,1,0,0,0,0
3,4506969,1,3.00,O,O,1,0,0,0,1,0,0,0,0,0,0,1,0,0,0,0
3,4505884,1,10.00,E,O,1,1,0,0,0,0,0,0,0,0,0,1,0,0,0,1
3,4506817,1,8.00,E,O,1,0,0,1,0,0,0,0,0,0,0,1,0,0,0,1
3,4507657,1,2.00,O,O,1,0,0,0,0,1,0,0,0,0,0,1,0,0,0,1
3,4506505,1,8.00,E,O,1,0,1,0,0,0,0,0,0,0,0,1,0,0,0,1
3,4507506,1,2.00,E,O,1,0,0,0,0,1,0,0,0,0,0,1,0,0,0,1
3,4506865,1,2.00,O,O,1,0,1,0,0,0,0,0,0,0,0,1,0,0,0,1
3,4506918,1,6.00,O,O,1,0,1,0,0,0,0,0,0,0,0,1,0,0,0,1
3,4506076,1,6.00,O,O,1,0,1,0,0,0,0,0,0,0,0,1,0,0,0,1
3,4506660,1,2.00,O,O,1,0,1,0,0,0,0,0,0,0,0,1,0,0,0,1
3,4507400,1,2.00,O,O,1,0,0,1,0,0,0,0,0,0,0,1,0,0,0,1
3,4506885,1,6.00,O,O,1,0,1,0,0,0,0,0,0,0,0,1,0,0,0,1
3,4507211,1,2.00,O,O,1,0,1,0,0,0,0,0,0,0,0,1,0,0,0,1
3,4507184,1,4.00,E,O,1,0,1,0,0,0,0,0,0,0,0,1,0,0,0,1
3,4507610,1,4.00,E,O,1,0,0,0,0,1,0,0,0,0,0,1,0,0,0,1
3,4507568,1,4.00,E,O,1,0,0,0,0,1,0,0,0,0,0,1,0,0,0,1
3,4505950,1,3.00,O,O,1,0,1,0,0,0,0,0,0,0,0,1,0,0,0,1
3,4507490,1,4.00,O,O,1,0,0,1,0,0,0,0,0,0,0,1,0,0,0,1
3,4506015,1,2.00,E,O,1,0,1,0,0,0,0,0,0,0,0,1,0,0,0,1
3,4506815,1,2.00,E,O,1,0,1,0,0,0,0,0,0,0,0,1,0,0,0,1
3,4507552,1,4.00,O,O,1,0,0,1,0,0,0,0,0,0,0,1,0,0,0,1
3,4507423,1,2.00,E,O,1,0,0,1,0,0,0,0,0,0,0,1,0,0,0,1
3,4506833,1,8.00,E,O,1,0,1,0,0,0,0,0,0,0,0,1,0,0,0,1
3,4506541,1,4.00,E,O,1,0,1,0,0,0,0,0,0,0,0,1,0,0,0,1
3,4506849,1,8.00,E,O,1,0,0,1,0,0,0,0,0,0,0,1,0,0,0,1
3,4506848,1,6.00,E,O,1,0,0,1,0,0,0,0,0,0,0,1,0,0,0,1
3,4506194,1,4.00,O,O,1,0,1,0,0,0,0,0,0,0,0,1,0,0,0,1
3,4506767,1,4.00,O,O,1,1,0,0,0,0,0,0,0,0,0,1,0,0,0,1
3,4506249,1,2.00,O,O,1,0,1,0,0,0,0,0,0,0,0,1,0,0,0,1
3,4507398,1,2.00,E,O,1,0,0,1,0,0,0,0,0,0,0,1,0,0,0,1
3,4507596,1,4.00,O,O,1,0,0,1,0,0,0,0,0,0,0,1,0,0,0,1
3,4507492,1,4.00,E,O,1,0,0,1,0,0,0,0,0,0,0,1,0,0,0,1
3,4506624,1,2.00,O,O,1,0,1,0,0,0,0,0,0,0,0,1,0,0,0,1
3,4506475,1,2.00,E,O,1,0,1,0,0,0,0,0,0,0,0,1,0,0,0,1
3,4507513,1,4.00,O,O,1,0,0,1,0,0,0,0,0,0,0,1,0,0,0,1
3,4506810,1,2.00,E,O,1,0,1,0,0,0,0,0,0,0,0,1,0,0,0,1
3,4507125,1,3.00,E,O,1,0,0,0,0,1,0,0,0,0,0,1,0,0,0,1
3,4507271,1,4.00,O,O,1,0,0,1,0,0,0,0,0,0,0,1,0,0,0,1
3,4506255,1,3.00,E,O,1,0,1,0,0,0,0,0,0,0,0,1,0,0,0,1
3,4507616,1,4.00,A,A,1,0,0,0,1,0,0,0,0,0,0,0,1,0,0,1
3,4505318,1,4.00,A,A,1,1,0,0,0,0,0,0,0,0,0,0,1,0,0,1
3,4507222,1,2.00,A,A,1,0,0,0,1,0,0,0,0,0,0,0,1,0,0,1
3,4507451,1,4.00,A,A,1,0,0,0,1,0,0,0,0,0,0,0,1,0,0,1
3,4507169,1,2.00,A,A,1,0,0,0,1,0,0,0,0,0,0,0,1,0,0,1
3,4507277,1,2.00,A,A,1,0,0,0,1,0,0,0,0,0,0,0,1,0,0,1
3,4507541,1,4.00,A,A,1,0,0,0,1,0,0,0,0,0,0,0,1,0,0,1
3,4507109,1,8.00,A,A,1,0,0,1,0,0,0,0,0,0,0,0,1,0,0,1
3,4507406,1,2.00,A,A,1,0,0,0,1,0,0,0,0,0,0,0,1,0,0,1
3,4507512,1,4.00,A,A,1,0,0,1,0,0,0,0,0,0,0,0,1,0,0,1
3,4506038,1,8.00,A,A,1,0,1,0,0,0,0,0,0,0,0,0,1,0,0,1
3,4506684,1,6.00,A,A,1,0,1,0,0,0,0,0,0,0,0,0,1,0,0,1
3,4505949,1,3.00,A,A,1,0,1,0,0,0,0,0,0,0,0,0,1,0,0,1
3,4507612,1,3.00,A,A,1,0,0,1,0,0,0,0,0,0,0,0,1,0,0,1
3,4506009,1,3.00,A,A,1,0,1,0,0,0,0,0,0,0,0,0,1,0,0,1
3,4507108,1,4.00,A,A,1,0,0,1,0,0,0,0,0,0,0,0,1,0,0,1
3,4506989,1,2.00,A,A,1,0,0,1,0,0,0,0,0,0,0,0,1,0,0,1
3,4507561,1,4.00,A,A,1,0,0,0,1,0,0,0,0,0,0,0,1,0,0,1
3,4507281,1,2.00,A,A,1,0,0,0,1,0,0,0,0,0,0,0,1,0,0,1
3,4506870,1,2.00,A,A,1,0,1,0,0,0,0,0,0,0,0,0,1,0,0,1
3,4506999,1,6.00,A,A,1,0,0,0,1,0,0,0,0,0,0,0,1,0,0,1
3,4506931,1,2.00,A,A,1,0,0,1,0,0,0,0,0,0,0,0,1,0,0,1
3,4507144,1,6.00,A,A,1,0,0,0,1,0,0,0,0,0,0,0,1,0,0,1
3,4507366,1,4.00,A,A,1,0,0,0,0,1,0,0,0,0,0,0,1,0,0,0
3,4506393,1,2.00,A,A,1,1,0,0,0,0,0,0,0,0,0,0,1,0,0,1
3,4506410,1,6.00,A,A,1,0,1,0,0,0,0,0,0,0,0,0,1,0,0,1
3,4506084,1,2.00,A,A,1,1,0,0,0,0,0,0,0,0,0,0,1,0,0,1
3,4507013,1,4.00,A,A,1,0,1,0,0,0,0,0,0,0,0,0,1,0,0,1
3,4507246,1,3.00,A,A,1,0,0,1,0,0,0,0,0,0,0,0,1,0,0,1
3,4507156,1,2.00,A,A,1,0,1,0,0,0,0,0,0,0,0,0,1,0,0,1
3,4506224,1,2.00,A,A,1,0,1,0,0,0,0,0,0,0,0,0,1,0,0,1
3,4507292,1,18.00,A,A,1,0,1,0,0,0,0,0,0,0,0,0,1,0,0,1
3,4506055,1,8.00,A,A,1,0,0,1,0,0,0,0,0,0,0,0,1,0,0,1
3,4507359,1,4.00,A,A,1,0,0,0,1,0,0,0,0,0,0,0,1,0,0,1
3,4506923,1,2.00,A,A,1,0,1,0,0,0,0,0,0,0,0,0,1,0,0,1
3,4506788,1,2.00,A,A,1,0,1,0,0,0,0,0,0,0,0,0,1,0,0,1
3,4507288,1,4.00,A,A,1,0,0,0,0,1,0,0,0,0,0,0,1,0,0,0
3,4506859,1,8.00,A,A,1,0,1,0,0,0,0,0,0,0,0,0,1,0,0,1
3,4507445,1,2.00,A,A,1,0,0,1,0,0,0,0,0,0,0,0,1,0,0,1
3,4507028,1,4.00,A,A,1,0,0,0,1,0,0,0,0,0,0,0,1,0,0,1
3,4506952,1,8.00,A,A,1,0,1,0,0,0,0,0,0,0,0,0,1,0,0,1
3,4507351,1,4.00,A,A,1,0,0,1,0,0,0,0,0,0,0,0,1,0,0,1
3,4506960,1,3.00,A,A,1,0,0,1,0,0,0,0,0,0,0,0,1,0,0,1
3,4507300,1,3.00,A,A,1,0,0,1,0,0,0,0,0,0,0,0,1,0,0,1
3,4507397,1,4.00,A,A,1,0,0,1,0,0,0,0,0,0,0,0,1,0,0,1
3,4507218,1,3.00,A,A,1,0,0,1,0,0,0,0,0,0,0,0,1,0,0,1
3,4507273,1,4.00,A,A,1,0,0,1,0,0,0,0,0,0,0,0,1,0,0,1
3,4507020,1,4.00,A,A,1,0,0,1,0,0,0,0,0,0,0,0,1,0,0,1
3,4506877,1,4.00,A,A,1,0,0,1,0,0,0,0,0,0,0,0,1,0,0,1
3,4507048,1,4.00,A,A,1,0,0,1,0,0,0,0,0,0,0,0,1,0,0,1
3,4507573,1,2.00,A,A,1,0,0,1,0,0,0,0,0,0,0,0,1,0,0,1
3,4507191,1,2.00,A,A,1,0,0,1,0,0,0,0,0,0,0,0,1,0,0,1
3,4507344,2,8.00,A,A,1,0,0,0,0,1,0,0,0,0,0,0,1,0,0,0
3,4507594,1,4.00,A,A,1,0,0,1,0,0,0,0,0,0,0,0,1,0,0,1
3,4507006,1,2.00,A,A,1,0,0,0,0,1,0,0,0,0,0,0,1,0,0,0
3,4507491,1,3.00,A,A,1,0,0,1,0,0,0,0,0,0,0,0,1,0,0,1
3,4507256,1,2.00,A,A,1,0,0,0,1,0,0,0,0,0,0,0,1,0,0,1
3,4506941,1,4.00,A,A,1,0,0,0,1,0,0,0,0,0,0,0,1,0,0,1
3,4505982,1,2.00,A,A,1,0,1,0,0,0,0,0,0,0,0,0,1,0,0,1
3,4506816,1,6.00,A,A,1,0,1,0,0,0,0,0,0,0,0,0,1,0,0,1
3,4507151,1,2.00,A,A,1,0,0,0,0,1,0,0,0,0,0,0,1,0,0,0
3,4507469,2,16.00,A,A,1,0,0,1,0,0,0,0,0,0,0,0,1,0,0,1
3,4507316,1,2.00,A,A,1,0,0,0,0,1,0,0,0,0,0,0,1,0,0,0
3,4507088,1,6.00,A,A,1,0,0,0,1,0,0,0,0,0,0,0,1,0,0,1
3,4506039,1,2.00,A,A,1,0,1,0,0,0,0,0,0,0,0,0,1,0,0,1
3,4507227,1,8.00,A,A,1,0,0,0,1,0,0,0,0,0,0,0,1,0,0,1
3,4507533,1,2.00,A,A,1,0,0,1,0,0,0,0,0,0,0,0,1,0,0,1
3,4507173,1,2.00,A,A,1,0,0,0,1,0,0,0,0,0,0,0,1,0,0,1
3,4507420,1,6.00,A,A,1,0,0,1,0,0,0,0,0,0,0,0,1,0,0,1
3,4506900,1,4.00,A,A,1,0,0,1,0,0,0,0,0,0,0,0,1,0,0,1
3,4507642,1,2.00,A,A,1,0,0,0,1,0,0,0,0,0,0,0,1,0,0,1
3,4506073,1,2.00,A,A,1,0,1,0,0,0,0,0,0,0,0,0,1,0,0,1
3,4507511,1,3.00,A,A,1,0,0,1,0,0,0,0,0,0,0,0,1,0,0,1
3,4507118,1,2.00,A,A,1,0,0,0,1,0,0,0,0,0,0,0,1,0,0,1
3,4507500,1,3.00,A,A,1,0,0,0,1,0,0,0,0,0,0,0,1,0,0,1
3,4507430,1,3.00,A,A,1,0,0,0,1,0,0,0,0,0,0,0,1,0,0,1
3,4507309,1,4.00,A,A,1,0,0,0,1,0,0,0,0,0,0,0,1,0,0,1
3,4507477,1,4.00,A,A,1,0,0,0,1,0,0,0,0,0,0,0,1,0,0,1
3,4507521,1,3.00,A,A,1,0,0,0,1,0,0,0,0,0,0,0,1,0,0,1
3,4507632,1,2.00,A,A,1,0,0,0,1,0,0,0,0,0,0,0,1,0,0,1
3,4507553,1,6.00,A,A,1,0,0,1,0,0,0,0,0,0,0,0,1,0,0,1
3,4506899,1,6.00,A,A,1,0,0,1,0,0,0,0,0,0,0,0,1,0,0,1
3,4506484,1,4.00,A,A,1,1,0,0,0,0,0,0,0,0,0,0,1,0,0,1
3,4506878,1,4.00,A,A,1,0,0,1,0,0,0,0,0,0,0,0,1,0,0,1
3,4507622,1,2.00,A,A,1,0,0,0,1,0,0,0,0,0,0,0,1,0,0,1
3,4506134,1,2.00,A,A,1,0,1,0,0,0,0,0,0,0,0,0,1,0,0,1
3,4506285,1,2.00,A,A,1,0,1,0,0,0,0,0,0,0,0,0,1,0,0,1
3,4507383,1,3.00,A,A,1,0,0,0,1,0,0,0,0,0,0,0,1,0,0,1
3,4507058,1,4.00,A,A,1,0,0,0,1,0,0,0,0,0,0,0,1,0,0,1
3,4506347,1,2.00,A,A,1,0,1,0,0,0,0,0,0,0,0,0,1,0,0,1
3,4507192,1,8.00,A,A,1,0,0,1,0,0,0,0,0,0,0,0,1,0,0,1
3,4507574,1,4.00,A,A,1,0,0,1,0,0,0,0,0,0,0,0,1,0,0,1
3,4507446,1,2.00,A,A,1,0,0,1,0,0,0,0,0,0,0,0,1,0,0,1
3,4506322,1,2.00,A,A,1,0,1,0,0,0,0,0,0,0,0,0,1,0,0,1
3,4507057,1,8.00,A,A,1,0,0,0,1,0,0,0,0,0,0,0,1,0,0,1
3,4506535,1,8.00,A,A,1,0,1,0,0,0,0,0,0,0,0,0,1,0,0,1
3,4507247,1,2.00,A,A,1,0,0,1,0,0,0,0,0,0,0,0,1,0,0,1
3,4506932,1,8.00,A,A,1,0,0,1,0,0,0,0,0,0,0,0,1,0,0,1
3,4507079,1,2.00,A,A,1,0,0,1,0,0,0,0,0,0,0,0,1,0,0,1
3,4506225,1,2.00,A,A,1,0,1,0,0,0,0,0,0,0,0,0,1,0,0,1
3,4507164,1,6.00,A,A,1,0,0,1,0,0,0,0,0,0,0,0,1,0,0,1
3,4506635,1,4.00,A,A,1,0,1,0,0,0,0,0,0,0,0,0,1,0,0,1
3,4507520,1,2.00,A,A,1,0,0,0,1,0,0,0,0,0,0,0,1,0,0,1
3,4506609,1,10.00,A,A,1,1,0,0,0,0,0,0,0,0,0,0,1,0,0,1
3,4506727,1,2.00,A,A,1,0,1,0,0,0,0,0,0,0,0,0,1,0,0,1
4,4505361,1,10.00,A,A,4,1,0,1,1,1,0,0,1,0,1,1,1,0,0,0
4,4505932,1,4.00,A,A,4,1,1,0,1,1,0,0,1,1,0,1,1,0,0,0
4,4506207,1,4.00,A,A,3,1,0,1,0,1,0,0,1,0,1,0,1,0,0,0
4,4506203,1,6.00,A,A,5,1,1,1,1,1,0,0,1,1,1,1,1,0,0,0
4,4505519,1,6.00,A,A,5,1,1,1,1,1,0,0,1,1,1,1,1,0,0,0
4,4505446,1,10.00,A,A,3,1,0,1,0,1,0,0,1,0,1,0,1,0,0,0
4,4506298,1,10.00,A,A,3,1,0,1,1,0,0,0,1,0,1,1,0,0,0,0
4,4505930,1,8.00,A,A,3,1,0,1,0,1,0,0,1,0,1,0,1,0,0,0
4,4505926,1,4.00,A,A,3,1,0,1,0,1,0,0,1,0,1,0,1,0,0,0
4,4506521,1,8.00,A,A,3,1,0,1,0,1,0,0,1,0,1,0,1,0,0,0
4,4506176,1,6.00,A,A,2,1,0,1,0,0,0,0,1,0,1,0,0,0,0,0
4,4505906,1,3.00,A,A,3,1,0,1,0,1,0,0,1,0,1,0,1,0,0,0
4,4505256,1,8.00,A,A,5,1,1,1,1,1,0,0,1,1,1,1,1,0,0,0
4,4506395,2,16.00,A,A,2,1,0,0,1,0,0,0,1,0,0,1,0,0,0,0
4,4506020,1,8.00,A,A,5,1,1,1,1,1,0,0,1,1,1,1,1,0,0,0
4,4505877,1,8.00,A,A,5,1,1,1,1,1,0,0,1,1,1,1,1,0,0,0
4,4505797,1,8.00,A,A,3,1,0,1,0,1,0,0,1,0,1,0,1,0,0,0
4,4505773,1,8.00,A,A,3,1,0,1,0,1,0,0,1,0,1,0,1,0,0,0
4,4505613,1,6.00,A,A,3,1,0,1,0,1,0,0,1,0,1,0,1,0,0,0
4,4505572,2,8.00,A,A,3,1,0,1,0,1,0,0,1,0,1,0,1,0,0,0
4,4505994,1,8.00,A,A,3,1,0,1,0,1,0,0,1,0,1,0,1,0,0,0
4,4506391,1,8.00,A,A,3,1,0,1,0,1,0,0,1,0,1,0,1,0,0,0
4,4506363,1,8.00,A,A,3,1,0,1,0,1,0,0,1,0,1,0,1,0,0,0
4,4506297,1,8.00,A,A,3,1,0,1,0,1,0,0,1,0,1,0,1,0,0,0
4,4506208,6,48.00,A,A,3,1,0,1,0,1,0,0,1,0,1,0,1,0,0,0
4,4506144,1,8.00,A,A,5,1,1,1,1,1,0,0,1,1,1,1,1,0,0,0
4,4505874,1,10.00,A,A,3,1,0,1,0,1,0,0,1,0,1,0,1,0,0,0
4,4505597,1,4.00,A,A,3,1,0,1,0,1,0,0,1,0,1,0,1,0,0,0
4,4505362,4,16.00,A,A,5,1,1,1,1,1,0,0,1,1,1,1,1,0,0,0
4,4506114,1,4.00,A,A,3,1,0,1,0,1,0,0,1,0,1,0,1,0,0,0
4,4505598,1,6.00,A,A,3,1,0,1,0,1,0,0,1,0,1,0,1,0,0,0
4,4505729,1,4.00,A,A,3,1,0,1,0,1,0,0,1,0,1,0,1,0,0,0
4,4505338,1,6.00,A,A,3,1,0,1,0,1,0,0,1,0,1,0,1,0,0,0
4,4506050,1,8.00,A,A,4,1,1,0,1,1,0,0,1,1,0,1,1,0,0,0
4,4506369,1,6.00,A,A,3,1,0,1,0,1,0,0,1,0,1,0,1,0,0,0
4,4505883,1,2.00,A,A,3,1,0,1,0,1,0,0,1,0,1,0,1,0,0,0
4,4505404,1,10.00,A,A,5,1,1,1,1,1,0,0,1,1,1,1,1,0,0,0
4,4506739,1,8.00,A,A,3,1,0,1,0,1,0,0,1,0,1,0,1,0,0,0
4,4505543,2,8.00,A,A,5,1,1,1,1,1,0,0,1,1,1,1,1,0,0,0
4,4505303,1,8.00,A,A,5,1,1,1,1,1,0,0,1,1,1,1,1,0,0,0
4,4505837,2,8.00,A,A,5,1,1,1,1,1,0,0,1,1,1,1,1,0,0,0
4,4505336,2,16.00,A,A,3,1,0,1,0,1,0,0,1,0,1,0,1,0,0,0
4,4505302,1,4.00,A,A,3,1,0,1,0,1,0,0,1,0,1,0,1,0,0,0
4,4505224,1,2.00,A,A,3,1,0,1,0,1,0,0,1,0,1,0,1,0,0,0
4,4506117,2,12.00,A,A,3,1,0,1,0,1,0,0,1,0,1,0,1,0,0,0
4,4506299,1,10.00,A,A,3,1,0,1,0,1,0,0,1,0,1,0,1,0,0,0
4,4505319,1,8.00,A,A,5,1,1,1,1,1,0,0,1,1,1,1,1,0,0,0
4,4506057,1,8.00,A,A,3,1,0,1,0,1,0,0,1,0,1,0,1,0,0,0
4,4506736,1,8.00,A,A,3,1,1,0,0,1,0,0,1,1,0,0,1,0,0,0
4,4506703,2,12.00,A,A,3,1,0,1,0,1,0,0,1,0,1,0,1,0,0,0
4,4506580,1,10.00,A,A,4,1,0,1,1,1,0,0,1,0,1,1,1,0,0,0
4,4505768,1,6.00,A,A,3,1,0,1,0,1,0,0,1,0,1,0,1,0,0,0
4,4505642,1,6.00,A,A,2,1,0,0,0,1,0,0,1,0,0,0,1,0,0,0
4,4505612,2,16.00,A,A,3,1,0,1,0,1,0,0,1,0,1,0,1,0,0,0
4,4505544,1,8.00,A,A,3,1,0,1,0,1,0,0,1,0,1,0,1,0,0,0
4,4505864,2,16.00,A,A,5,1,1,1,1,1,0,0,1,1,1,1,1,0,0,0
4,4506115,1,4.00,A,A,3,1,0,1,0,1,0,0,1,0,1,0,1,0,0,0
4,4505665,1,8.00,A,A,3,1,0,1,0,1,0,0,1,0,1,0,1,0,0,0
4,4506611,1,8.00,A,A,2,1,0,1,0,0,0,0,1,0,1,0,0,0,0,0
4,4506451,1,4.00,A,A,3,1,0,1,0,1,0,0,1,0,1,0,1,0,0,0
4,4506420,1,8.00,A,A,5,1,1,1,1,1,0,0,1,1,1,1,1,0,0,0
4,4506177,1,8.00,A,A,3,1,0,1,0,1,0,0,1,0,1,0,1,0,0,0
4,4506581,1,4.00,A,A,3,1,0,1,0,1,0,0,1,0,1,0,1,0,0,0
4,4505911,1,3.00,A,A,3,1,0,1,0,1,0,0,1,0,1,0,1,0,0,0
4,4505540,2,16.00,A,A,5,1,1,1,1,1,0,0,1,1,1,1,1,0,0,0
4,4506614,1,8.00,A,A,3,1,0,1,0,1,0,0,1,0,1,0,1,0,0,0
4,4506330,1,8.00,A,A,5,1,1,1,1,1,0,0,1,1,1,1,1,0,0,0
4,4506328,1,8.00,A,A,3,1,0,1,0,1,0,0,1,0,1,0,1,0,0,0
4,4506242,1,8.00,A,A,5,1,1,1,1,1,0,0,1,1,1,1,1,0,0,0
4,4506054,1,24.00,A,A,5,1,1,1,1,1,0,0,1,1,1,1,1,0,0,0
4,4505935,1,18.00,A,A,3,1,0,1,0,1,0,0,1,0,1,0,1,0,0,0
4,4505817,1,2.00,A,A,3,1,0,1,1,0,0,0,1,0,1,1,0,0,0,0
4,4505463,1,10.00,A,A,5,1,1,1,1,1,0,0,1,1,1,1,1,0,0,0
4,4505340,1,8.00,A,A,3,1,0,1,0,1,0,0,1,0,1,0,1,0,0,0
4,4505425,1,3.00,A,A,3,1,0,1,0,1,0,0,1,0,1,0,1,0,0,0
4,4505465,2,20.00,A,A,5,1,1,1,1,1,0,0,1,1,1,1,1,0,0,0
4,4506018,1,4.00,A,A,3,1,0,1,0,1,0,0,1,0,1,0,1,0,0,0
4,4505857,2,8.00,A,A,1,1,0,0,0,0,0,0,1,0,0,0,0,0,0,0
4,4506483,2,16.00,A,A,5,1,1,1,1,1,0,0,1,1,1,1,1,0,0,0
4,4505879,1,4.00,A,A,3,1,1,1,0,0,0,0,1,1,1,0,0,0,0,0
4,4506116,1,3.00,A,A,3,1,0,1,0,1,0,0,1,0,1,0,1,0,0,0
4,4506059,1,8.00,A,A,3,1,0,1,0,1,0,0,1,0,1,0,1,0,0,0
4,4506329,1,2.00,A,A,3,1,0,1,0,1,0,0,1,0,1,0,1,0,0,0
4,4506111,1,8.00,A,A,3,1,0,1,0,1,0,0,1,0,1,0,1,0,0,0
4,4505539,1,4.00,A,A,3,1,0,1,0,1,0,0,1,0,1,0,1,0,0,0
4,4505796,1,8.00,A,A,3,1,0,1,0,1,0,0,1,0,1,0,1,0,0,0
4,4506429,2,16.00,A,A,3,1,0,1,0,1,0,0,1,0,1,0,1,0,0,0
4,4506148,2,20.00,A,A,5,1,1,1,1,1,0,0,1,1,1,1,1,0,0,0
4,4506456,2,16.00,A,A,3,1,0,1,0,1,0,0,1,0,1,0,1,0,0,0
4,4505595,1,10.00,A,A,3,1,0,1,0,1,0,0,1,0,1,0,1,0,0,0
4,4505494,1,6.00,A,A,3,1,0,1,0,1,0,0,1,0,1,0,1,0,0,0
4,4505298,1,8.00,A,A,3,1,0,1,0,1,0,0,1,0,1,0,1,0,0,0
4,4506147,1,4.00,A,A,3,1,0,1,0,1,0,0,1,0,1,0,1,0,0,0
4,4505252,1,8.00,A,A,3,1,0,1,0,1,0,0,1,0,1,0,1,0,0,0
4,4505902,3,24.00,A,A,3,1,0,1,0,1,0,0,1,0,1,0,1,0,0,0
4,4506019,1,10.00,A,A,3,1,0,1,0,1,0,0,1,0,1,0,1,0,0,0
4,4505704,1,8.00,A,A,3,1,0,1,1,0,0,0,1,0,1,1,0,0,0,0
4,4505813,21,84.00,A,A,4,1,0,1,1,1,0,0,1,0,1,1,1,0,0,0
4,4506668,1,8.00,A,A,5,1,1,1,1,1,0,0,1,1,1,1,1,0,0,0
4,4506241,3,24.00,A,A,5,1,1,1,1,1,0,0,1,1,1,1,1,0,0,0
4,4506268,1,6.00,A,A,3,1,0,1,0,1,0,0,1,0,1,0,1,0,0,0
4,4505799,2,8.00,A,A,4,1,1,1,0,1,0,0,1,1,1,0,1,0,0,0
4,4505816,1,8.00,A,A,3,1,0,1,0,1,0,0,1,0,1,0,1,0,0,0
4,4505562,1,8.00,A,A,3,1,0,1,0,1,0,0,1,0,1,0,1,0,0,0
4,4505541,1,4.00,A,A,5,1,1,1,1,1,0,0,1,1,1,1,1,0,0,0
4,4505955,1,4.00,A,A,4,1,1,1,0,1,0,0,1,1,1,0,1,0,0,0
4,4505835,1,4.00,A,A,3,1,0,1,0,1,0,0,1,0,1,0,1,0,0,0
4,4505819,1,4.00,A,A,3,1,0,1,0,1,0,0,1,0,1,0,1,0,0,0
4,4506234,1,8.00,A,A,5,1,1,1,1,1,0,0,1,1,1,1,1,0,0,0
4,4505846,2,20.00,A,A,5,1,1,1,1,1,0,0,1,1,1,1,1,0,0,0
4,4506143,1,6.00,A,A,3,1,0,1,0,1,0,0,1,0,1,0,1,0,0,0
4,4505491,2,16.00,A,A,3,1,0,1,0,1,0,0,1,0,1,0,1,0,0,0
4,4505517,1,8.00,A,A,3,1,0,1,0,1,0,0,1,0,1,0,1,0,0,0
4,4505229,12,24.00,A,A,3,1,0,1,0,1,0,0,1,0,1,0,1,0,0,0
4,4506300,1,3.00,A,A,3,1,0,1,0,1,0,0,1,0,1,0,1,0,0,0
4,4506455,1,6.00,A,A,3,1,0,1,0,1,0,0,1,0,1,0,1,0,0,0
4,4506397,1,4.00,A,A,3,1,0,1,0,1,0,0,1,0,1,0,1,0,0,0
4,4505495,1,6.00,A,A,5,1,1,1,1,1,0,0,1,1,1,1,1,0,0,0
4,4505402,1,4.00,A,A,3,1,0,1,0,1,0,0,1,0,1,0,1,0,0,0
4,4506702,15,120.00,A,A,3,1,0,1,0,1,0,0,1,0,1,0,1,0,0,0
4,4505343,1,8.00,A,A,3,1,0,1,0,1,0,0,1,0,1,0,1,0,0,0
4,4505798,1,10.00,A,A,5,1,1,1,1,1,0,0,1,1,1,1,1,0,0,0
4,4506550,4,32.00,A,A,4,1,1,0,1,1,0,0,1,1,0,1,1,0,0,0
4,4505839,1,6.00,A,A,3,1,0,1,0,1,0,0,1,0,1,0,1,0,0,0
4,4505365,1,6.00,A,A,5,1,1,1,1,1,0,0,1,1,1,1,1,0,0,0
4,4505471,1,8.00,A,A,3,1,0,1,0,1,0,0,1,0,1,0,1,0,0,0
4,4505206,4,32.00,A,A,5,1,1,1,1,1,0,0,1,1,1,1,1,0,0,0
4,4505898,1,8.00,A,A,3,1,0,1,0,1,0,0,1,0,1,0,1,0,0,0
4,4505277,2,16.00,A,A,3,1,0,1,0,1,0,0,1,0,1,0,1,0,0,0
4,4505253,1,8.00,A,A,3,1,0,1,0,1,0,0,1,0,1,0,1,0,0,0
4,4506396,10,60.00,A,A,2,1,0,0,1,0,0,0,1,0,0,1,0,0,0,0
4,4505913,3,6.00,A,A,3,1,0,1,0,1,0,0,1,0,1,0,1,0,0,0
4,4505422,1,10.00,A,A,5,1,1,1,1,1,0,0,1,1,1,1,1,0,0,0
4,4506793,3,6.00,A,A,3,1,0,1,0,1,0,0,1,0,1,0,1,0,0,0
4,4505426,1,4.00,A,A,4,1,0,1,1,1,0,0,1,0,1,1,1,0,0,0
4,4506029,1,8.00,A,A,5,1,1,1,1,1,0,0,1,1,1,1,1,0,0,0
4,4506336,1,8.00,A,A,3,1,0,1,0,1,0,0,1,0,1,0,1,0,0,0
4,4505279,1,8.00,A,A,3,1,0,1,0,1,0,0,1,0,1,0,1,0,0,0
4,4506270,1,2.00,A,A,3,1,0,1,0,1,0,0,1,0,1,0,1,0,0,0
4,4506120,1,8.00,A,A,3,1,0,1,0,1,0,0,1,0,1,0,1,0,0,0
4,4506737,3,18.00,A,A,3,1,0,1,0,1,0,0,1,0,1,0,1,0,0,0
4,4506333,1,4.00,A,A,3,1,0,1,0,1,0,0,1,0,1,0,1,0,0,0
4,4505280,1,4.00,A,A,5,1,1,1,1,1,0,0,1,1,1,1,1,0,0,0
4,4505903,1,8.00,A,A,2,1,0,1,0,0,0,0,1,0,1,0,0,0,0,0
4,4505890,2,16.00,A,A,5,1,1,1,1,1,0,0,1,1,1,1,1,0,0,0
4,4505523,1,18.00,A,A,3,1,0,1,0,1,0,0,1,0,1,0,1,0,0,0
4,4506119,1,4.00,A,A,3,1,0,1,0,1,0,0,1,0,1,0,1,0,0,0
4,4505386,1,8.00,A,A,3,1,0,1,0,1,0,0,1,0,1,0,1,0,0,0
4,4505341,1,6.00,A,A,3,1,0,1,0,1,0,0,1,0,1,0,1,0,0,0
4,4505734,6,48.00,A,A,4,1,1,0,1,1,0,0,1,1,0,1,1,0,0,0
4,4505388,1,10.00,A,A,5,1,1,1,1,1,0,0,1,1,1,1,1,0,0,0
4,4506545,1,6.00,A,A,3,1,0,1,0,1,0,0,1,0,1,0,1,0,0,0
4,4506517,1,10.00,A,A,3,1,0,1,0,1,0,0,1,0,1,0,1,0,0,0
4,4505633,1,8.00,A,A,3,1,0,1,0,1,0,0,1,0,1,0,1,0,0,0
4,4505616,1,8.00,A,A,5,1,1,1,1,1,0,0,1,1,1,1,1,0,0,0
4,4505596,1,8.00,A,A,5,1,1,1,1,1,0,0,1,1,1,1,1,0,0,0
4,4505910,15,60.00,A,A,5,1,1,1,1,1,0,0,1,1,1,1,1,0,0,0
4,4505493,1,8.00,A,A,3,1,0,1,0,1,0,0,1,0,1,0,1,0,0,0
4,4506797,1,8.00,A,A,3,1,0,1,0,1,0,0,1,0,1,0,1,0,0,0
4,4505928,1,6.00,A,A,3,1,0,1,0,1,0,0,1,0,1,0,1,0,0,0
4,4506426,1,8.00,A,A,3,1,0,1,0,1,0,0,1,0,1,0,1,0,0,0
4,4505688,1,8.00,A,A,5,1,1,1,1,1,0,0,1,1,1,1,1,0,0,0
4,4505406,5,10.00,A,A,5,1,1,1,1,1,0,0,1,1,1,1,1,0,0,0
4,4505571,7,56.00,A,A,3,1,0,1,0,1,0,0,1,0,1,0,1,0,0,0
4,4506110,2,16.00,A,A,3,1,0,1,0,1,0,0,1,0,1,0,1,0,0,0
4,4505858,2,8.00,A,A,5,1,1,1,1,1,0,0,1,1,1,1,1,0,0,0
4,4505775,1,4.00,A,A,3,1,0,1,0,1,0,0,1,0,1,0,1,0,0,0
4,4505472,1,8.00,A,A,3,1,0,1,0,1,0,0,1,0,1,0,1,0,0,0
4,4505709,1,10.00,A,A,3,1,0,1,0,1,0,0,1,0,1,0,1,0,0,0
4,4505497,2,20.00,A,A,5,1,1,1,1,1,0,0,1,1,1,1,1,0,0,0
4,4505641,1,4.00,A,A,5,1,1,1,1,1,0,0,1,1,1,1,1,0,0,0
4,4505420,1,3.00,A,A,3,1,0,1,0,1,0,0,1,0,1,0,1,0,0,0
4,4505659,1,6.00,A,A,3,1,0,1,0,1,0,0,1,0,1,0,1,0,0,0
4,4506516,1,8.00,A,A,5,1,1,1,1,1,0,0,1,1,1,1,1,0,0,0
4,4505297,1,4.00,A,A,3,1,0,1,0,1,0,0,1,0,1,0,1,0,0,0
4,4505498,1,8.00,A,A,5,1,1,1,1,1,0,0,1,1,1,1,1,0,0,0
4,4506269,2,16.00,A,A,3,1,0,1,0,1,0,0,1,0,1,0,1,0,0,0
4,4505925,1,8.00,A,A,3,1,0,1,0,1,0,0,1,0,1,0,1,0,0,0
4,4506454,2,16.00,A,A,3,1,0,1,0,1,0,0,1,0,1,0,1,0,0,0
4,4506182,1,10.00,A,A,5,1,1,1,1,1,0,0,1,1,1,1,1,0,0,0
4,4506639,1,3.00,A,A,3,1,0,1,0,1,0,0,1,0,1,0,1,0,0,0
4,4505424,1,8.00,A,A,3,1,0,1,0,1,0,0,1,0,1,0,1,0,0,0
4,4505515,1,8.00,A,A,3,1,0,1,0,1,0,0,1,0,1,0,1,0,0,0
4,4505255,1,8.00,A,A,3,1,0,1,0,1,0,0,1,0,1,0,1,0,0,0
4,4505684,1,8.00,A,A,5,1,1,1,1,1,0,0,1,1,1,1,1,0,0,0
4,4505451,2,16.00,A,A,5,1,1,1,1,1,0,0,1,1,1,1,1,0,0,0
4,4505886,1,10.00,A,A,3,1,0,1,0,1,0,0,1,0,1,0,1,0,0,0
4,4505820,1,8.00,A,A,3,1,1,0,1,0,0,0,1,1,0,1,0,0,0,0
4,4505711,2,20.00,A,A,5,1,1,1,1,1,0,0,1,1,1,1,1,0,0,0
4,4505888,1,8.00,A,A,3,1,0,1,0,1,0,0,1,0,1,0,1,0,0,0
4,4506048,1,8.00,A,A,3,1,0,1,0,1,0,0,1,0,1,0,1,0,0,0
4,4505496,1,8.00,A,A,3,1,0,1,0,1,0,0,1,0,1,0,1,0,0,0
4,4505614,2,16.00,A,A,3,1,0,1,0,1,0,0,1,0,1,0,1,0,0,0
4,4505685,1,4.00,A,A,3,1,0,1,0,1,0,0,1,0,1,0,1,0,0,0
4,4505640,1,10.00,A,A,3,1,0,1,0,1,0,0,1,0,1,0,1,0,0,0
4,4505793,1,10.00,A,A,5,1,1,1,1,1,0,0,1,1,1,1,1,0,0,0
4,4505878,1,8.00,A,A,3,1,0,1,0,1,0,0,1,0,1,0,1,0,0,0
4,4506091,2,16.00,A,A,3,1,0,1,0,1,0,0,1,0,1,0,1,0,0,0
4,4505359,1,8.00,A,A,5,1,1,1,1,1,0,0,1,1,1,1,1,0,0,0
4,4505997,1,6.00,A,A,3,1,0,1,0,1,0,0,1,0,1,0,1,0,0,0
4,4506240,1,8.00,A,A,3,1,0,1,0,1,0,0,1,0,1,0,1,0,0,0
4,4505536,1,8.00,A,A,3,1,0,1,0,1,0,0,1,0,1,0,1,0,0,0
4,4506212,1,8.00,A,A,5,1,1,1,1,1,0,0,1,1,1,1,1,0,0,0
4,4505431,1,6.00,A,A,3,1,0,1,0,1,0,0,1,0,1,0,1,0,0,0
4,4505986,8,24.00,A,A,4,1,1,0,1,1,0,0,1,1,0,1,1,0,0,0
4,4506700,1,4.00,A,A,5,1,1,1,1,1,0,0,1,1,1,1,1,0,0,0
4,4505772,1,10.00,A,A,3,1,0,0,1,1,0,0,1,0,0,1,1,0,0,0
4,4505245,1,4.00,A,A,3,1,0,1,0,1,0,0,1,0,1,0,1,0,0,0
4,4506638,4,24.00,A,A,3,1,0,1,0,1,0,0,1,0,1,0,1,0,0,0
4,4506669,1,4.00,A,A,3,1,0,1,0,1,0,0,1,0,1,0,1,0,0,0
4,4506701,1,8.00,A,A,3,1,0,1,0,1,0,0,1,0,1,0,1,0,0,0
4,4506485,4,16.00,A,A,3,1,0,1,0,1,0,0,1,0,1,0,1,0,0,0
4,4506235,1,6.00,A,A,5,1,1,1,1,1,0,0,1,1,1,1,1,0,0,0
4,4506236,2,16.00,A,A,3,1,0,1,0,1,0,0,1,0,1,0,1,0,0,0
4,4505516,1,3.00,A,A,3,1,0,1,0,1,0,0,1,0,1,0,1,0,0,0
4,4506327,2,8.00,A,A,5,1,1,1,1,1,0,0,1,1,1,1,1,0,0,0
4,4505841,1,3.00,A,A,4,1,1,0,1,1,0,0,1,1,0,1,1,0,0,0
4,4505639,1,6.00,A,A,3,1,0,1,0,1,0,0,1,0,1,0,1,0,0,0
4,4505205,1,8.00,A,A,5,1,1,1,1,1,0,0,1,1,1,1,1,0,0,0
4,4506175,1,8.00,A,A,3,1,0,1,0,1,0,0,1,0,1,0,1,0,0,0
4,4505873,2,8.00,A,A,3,1,0,1,0,1,0,0,1,0,1,0,1,0,0,0
4,4505812,1,8.00,A,A,4,1,0,1,1,1,0,0,1,0,1,1,1,0,0,0
4,4505959,4,32.00,A,A,5,1,1,1,1,1,0,0,1,1,1,1,1,0,0,0
4,4505405,1,8.00,A,A,3,1,0,1,0,1,0,0,1,0,1,0,1,0,0,0
4,4505730,2,16.00,A,A,2,1,0,0,1,0,0,0,1,0,0,1,0,0,0,0
4,4505246,1,8.00,A,A,2,1,0,0,1,0,0,0,1,0,0,1,0,0,0,0
4,4506488,1,8.00,A,A,3,1,0,1,0,1,0,0,1,0,1,0,1,0,0,0
4,4505227,2,16.00,A,A,3,1,0,1,0,1,0,0,1,0,1,0,1,0,0,0
4,4506332,1,8.00,A,A,4,1,1,0,1,1,0,0,1,1,0,1,1,0,0,0
4,4506053,1,8.00,A,A,3,1,0,1,0,1,0,0,1,0,1,0,1,0,0,0
4,4505202,1,4.00,A,A,3,1,0,1,0,1,0,0,1,0,1,0,1,0,0,0
4,4505845,1,8.00,A,A,5,1,1,1,1,1,0,0,1,1,1,1,1,0,0,0
4,4506461,1,8.00,A,A,5,1,1,1,1,1,0,0,1,1,1,1,1,0,0,0
4,4506118,20,160.00,A,A,5,1,1,1,1,1,0,0,1,1,1,1,1,0,0,0
4,4505859,1,8.00,A,A,3,1,0,1,0,1,0,0,1,0,1,0,1,0,0,0
4,4506519,1,6.00,A,A,3,1,0,1,0,1,0,0,1,0,1,0,1,0,0,0
4,4505568,1,8.00,A,A,5,1,1,1,1,1,0,0,1,1,1,1,1,0,0,0
4,4506359,1,10.00,A,A,3,1,0,1,0,1,0,0,1,0,1,0,1,0,0,0
4,4505609,4,16.00,A,A,5,1,1,1,1,1,0,0,1,1,1,1,1,0,0,0
4,4505876,7,56.00,A,A,3,1,0,1,0,1,0,0,1,0,1,0,1,0,0,0
4,4505838,1,8.00,A,A,5,1,1,1,1,1,0,0,1,1,1,1,1,0,0,0
4,4505383,3,30.00,A,A,5,1,1,1,1,1,0,0,1,1,1,1,1,0,0,0
4,4506738,4,16.00,A,A,3,1,0,1,0,1,0,0,1,0,1,0,1,0,0,0
4,4506798,7,56.00,A,A,3,1,0,1,0,1,0,0,1,0,1,0,1,0,0,0
4,4506360,2,12.00,A,A,3,1,0,1,0,1,0,0,1,0,1,0,1,0,0,0
4,4505854,1,6.00,A,A,5,1,1,1,1,1,0,0,1,1,1,1,1,0,0,0
4,4506238,1,6.00,A,A,5,1,1,1,1,1,0,0,1,1,1,1,1,0,0,0
4,4506079,1,8.00,A,A,4,1,1,0,1,1,0,0,1,1,0,1,1,0,0,0
4,4505909,1,10.00,A,A,5,1,1,1,1,1,0,0,1,1,1,1,1,0,0,0
4,4505300,1,8.00,A,A,3,1,0,1,0,1,0,0,1,0,1,0,1,0,0,0
4,4505991,1,6.00,A,A,5,1,1,1,1,1,0,0,1,1,1,1,1,0,0,0
4,4505448,1,3.00,A,A,3,1,0,1,0,1,0,0,1,0,1,0,1,0,0,0
4,4505363,3,9.00,A,A,3,1,0,1,0,1,0,0,1,0,1,0,1,0,0,0
4,4505660,2,16.00,A,A,3,1,0,1,0,1,0,0,1,0,1,0,1,0,0,0
4,4506548,1,10.00,A,A,3,1,0,1,0,1,0,0,1,0,1,0,1,0,0,0
4,4506612,1,4.00,A,A,3,1,0,1,0,1,0,0,1,0,1,0,1,0,0,0
4,4505276,1,8.00,A,A,3,1,0,1,0,1,0,0,1,0,1,0,1,0,0,0
4,4505518,1,6.00,A,A,3,1,0,1,0,1,0,0,1,0,1,0,1,0,0,0
4,4505323,1,4.00,A,A,3,1,0,1,0,1,0,0,1,0,1,0,1,0,0,0
4,4505564,1,8.00,A,A,3,1,0,1,0,1,0,0,1,0,1,0,1,0,0,0
4,4506088,5,30.00,A,A,3,1,0,1,0,1,0,0,1,0,1,0,1,0,0,0
4,4506180,4,32.00,A,A,3,1,0,1,0,1,0,0,1,0,1,0,1,0,0,0
4,4506301,1,8.00,A,A,3,1,0,1,0,1,0,0,1,0,1,0,1,0,0,0
4,4506303,2,16.00,A,A,5,1,1,1,1,1,0,0,1,1,1,1,1,0,0,0
4,4506085,1,8.00,A,A,2,1,0,0,1,0,0,0,1,0,0,1,0,0,0,0
4,4506305,2,16.00,A,A,3,1,0,1,0,1,0,0,1,0,1,0,1,0,0,0
4,4506544,1,3.00,A,A,3,1,0,1,0,1,0,0,1,0,1,0,1,0,0,0
4,4506607,1,8.00,A,A,3,1,0,1,0,1,0,0,1,0,1,0,1,0,0,0
4,4505663,3,24.00,A,A,3,1,0,1,0,1,0,0,1,0,1,0,1,0,0,0
4,4505254,1,10.00,A,A,5,1,1,1,1,1,0,0,1,1,1,1,1,0,0,0
4,4506113,1,4.00,A,A,2,1,0,0,1,0,0,0,1,0,0,1,0,0,0,0
4,4505968,1,6.00,A,A,3,1,0,1,0,1,0,0,1,0,1,0,1,0,0,0
4,4506087,10,80.00,A,A,3,1,0,1,0,1,0,0,1,0,1,0,1,0,0,0
4,4506150,1,3.00,A,A,3,1,0,1,0,1,0,0,1,0,1,0,1,0,0,0
4,4506239,1,8.00,A,A,5,1,1,1,1,1,0,0,1,1,1,1,1,0,0,0
4,4506641,1,6.00,A,A,3,1,0,1,0,1,0,0,1,0,1,0,1,0,0,0
4,4505274,2,16.00,A,A,5,1,1,1,1,1,0,0,1,1,1,1,1,0,0,0
4,4505792,1,3.00,A,A,3,1,0,1,0,1,0,0,1,0,1,0,1,0,0,0
4,4505870,1,6.00,A,A,3,1,0,1,0,1,0,0,1,0,1,0,1,0,0,0
4,4505938,2,16.00,A,A,5,1,1,1,1,1,0,0,1,1,1,1,1,0,0,0
4,4505969,4,24.00,A,A,4,1,0,1,1,1,0,0,1,0,1,1,1,0,0,0
4,4505638,1,4.00,A,A,3,1,0,1,0,1,0,0,1,0,1,0,1,0,0,0
4,4505988,1,6.00,A,A,5,1,1,1,1,1,0,0,1,1,1,1,1,0,0,0
4,4506304,5,20.00,A,A,3,1,0,1,0,1,0,0,1,0,1,0,1,0,0,0
4,4506082,2,16.00,A,A,3,1,0,1,0,1,0,0,1,0,1,0,1,0,0,0
4,4506575,1,8.00,A,A,5,1,1,1,1,1,0,0,1,1,1,1,1,0,0,0
4,4506080,1,8.00,A,A,3,1,1,0,1,0,0,0,1,1,0,1,0,0,0,0
4,4506302,18,72.00,A,A,3,1,0,1,0,1,0,0,1,0,1,0,1,0,0,0
4,4506610,10,80.00,A,A,3,1,0,1,0,1,0,0,1,0,1,0,1,0,0,0
4,4505681,1,8.00,A,A,3,1,0,1,0,1,0,0,1,0,1,0,1,0,0,0
4,4506399,2,8.00,A,A,5,1,1,1,1,1,0,0,1,1,1,1,1,0,0,0
4,4505989,1,8.00,A,A,5,1,1,1,1,1,0,0,1,1,1,1,1,0,0,0
4,4506577,2,8.00,A,A,3,1,0,1,0,1,0,0,1,0,1,0,1,0,0,0
4,4506762,1,8.00,A,A,3,1,0,1,0,1,0,0,1,0,1,0,1,0,0,0
4,4506141,1,10.00,A,A,5,1,1,1,1,1,0,0,1,1,1,1,1,0,0,0
4,4506022,1,8.00,A,A,3,1,0,1,0,1,0,0,1,0,1,0,1,0,0,0
4,4505966,13,52.00,A,A,5,1,1,1,1,1,0,0,1,1,1,1,1,0,0,0
4,4505590,1,6.00,A,A,3,1,0,1,0,1,0,0,1,0,1,0,1,0,0,0
4,4506583,18,144.00,A,A,3,1,0,1,0,1,0,0,1,0,1,0,1,0,0,0
4,4506089,1,6.00,A,A,3,1,0,1,0,1,0,0,1,0,1,0,1,0,0,0
4,4505378,1,6.00,A,A,4,1,1,0,1,1,0,0,1,1,0,1,1,0,0,0
4,4505712,1,8.00,A,A,2,1,0,0,1,0,0,0,1,0,0,1,0,0,0,0
4,4506179,1,8.00,A,A,3,1,0,1,0,1,0,0,1,0,1,0,1,0,0,0
4,4506549,1,6.00,A,A,3,1,0,1,0,1,0,0,1,0,1,0,1,0,0,0
4,4505615,1,8.00,A,A,5,1,1,1,1,1,0,0,1,1,1,1,1,0,0,0
4,4505367,2,16.00,A,A,5,1,1,1,1,1,0,0,1,1,1,1,1,0,0,0
4,4505844,1,8.00,A,A,3,1,0,1,0,1,0,0,1,0,1,0,1,0,0,0
4,4505662,2,16.00,A,A,5,1,1,1,1,1,0,0,1,1,1,1,1,0,0,0
4,4505542,1,6.00,A,A,3,1,0,1,0,1,0,0,1,0,1,0,1,0,0,0
4,4505993,1,8.00,A,A,3,1,0,1,0,1,0,0,1,0,1,0,1,0,0,0
4,4505566,1,4.00,A,A,5,1,1,1,1,1,0,0,1,1,1,1,1,0,0,0
4,4506205,1,3.00,A,A,3,1,0,1,0,1,0,0,1,0,1,0,1,0,0,0
4,4505521,1,8.00,A,A,3,1,0,1,0,1,0,0,1,0,1,0,1,0,0,0
4,4505565,1,4.00,A,A,3,1,0,1,0,1,0,0,1,0,1,0,1,0,0,0
4,4505800,1,8.00,A,A,3,1,0,1,0,1,0,0,1,0,1,0,1,0,0,0
4,4505904,2,16.00,A,A,3,1,0,1,0,1,0,0,1,0,1,0,1,0,0,0
4,4505931,11,88.00,A,A,3,1,0,1,0,1,0,0,1,0,1,0,1,0,0,0
4,4506021,1,8.00,A,A,5,1,1,1,1,1,0,0,1,1,1,1,1,0,0,0
4,4506174,1,6.00,A,A,3,1,0,1,0,1,0,0,1,0,1,0,1,0,0,0
4,4506265,1,8.00,A,A,5,1,1,1,1,1,0,0,1,1,1,1,1,0,0,0
4,4506486,2,12.00,A,A,5,1,1,1,1,1,0,0,1,1,1,1,1,0,0,0
4,4506673,1,10.00,A,A,5,1,1,1,1,1,0,0,1,1,1,1,1,0,0,0
4,4506704,1,8.00,A,A,4,1,0,1,1,1,0,0,1,0,1,1,1,0,0,0
4,4505591,1,6.00,A,A,3,1,0,1,0,1,0,0,1,0,1,0,1,0,0,0
4,4506394,1,4.00,A,A,3,1,0,1,0,1,0,0,1,0,1,0,1,0,0,0
4,4506482,2,16.00,A,A,3,1,0,1,0,1,0,0,1,0,1,0,1,0,0,0
4,4505450,1,10.00,A,A,3,1,0,1,0,1,0,0,1,0,1,0,1,0,0,0
4,4505453,1,8.00,A,A,3,1,0,1,0,1,0,0,1,0,1,0,1,0,0,0
4,4505961,1,4.00,A,A,3,1,0,1,0,1,0,0,1,0,1,0,1,0,0,0
4,4506267,1,6.00,A,A,3,1,0,1,0,1,0,0,1,0,1,0,1,0,0,0
4,4506699,1,8.00,A,A,3,1,0,1,0,1,0,0,1,0,1,0,1,0,0,0
4,4506428,1,8.00,A,A,3,1,0,1,0,1,0,0,1,0,1,0,1,0,0,0
4,4505228,1,4.00,A,A,3,1,0,1,0,1,0,0,1,0,1,0,1,0,0,0
4,4505403,1,8.00,A,A,3,1,0,1,0,1,0,0,1,0,1,0,1,0,0,0
4,4505299,1,4.00,A,A,3,1,0,1,0,1,0,0,1,0,1,0,1,0,0,0
4,4505593,1,2.00,A,A,3,1,0,1,0,1,0,0,1,0,1,0,1,0,0,0
4,4505842,3,24.00,A,A,4,1,0,1,1,1,0,0,1,0,1,1,1,0,0,0
4,4506204,1,4.00,A,A,3,1,0,1,0,1,0,0,1,0,1,0,1,0,0,0
4,4505251,1,6.00,A,A,3,1,0,1,0,1,0,0,1,0,1,0,1,0,0,0
4,4505777,1,8.00,A,A,5,1,1,1,1,1,0,0,1,1,1,1,1,0,0,0
4,4506547,1,8.00,A,A,3,1,0,1,0,1,0,0,1,0,1,0,1,0,0,0
4,4505296,1,3.00,A,A,3,1,0,1,0,1,0,0,1,0,1,0,1,0,0,0
4,4505320,1,4.00,A,A,5,1,1,1,1,1,0,0,1,1,1,1,1,0,0,0
4,4505875,2,12.00,A,A,3,1,0,1,0,1,0,0,1,0,1,0,1,0,0,0
4,4506027,1,6.00,A,A,4,1,0,1,1,1,0,0,1,0,1,1,1,0,0,0
4,4506209,1,6.00,A,A,3,1,0,1,0,1,0,0,1,0,1,0,1,0,0,0
4,4506734,1,6.00,A,A,3,1,0,1,0,1,0,0,1,0,1,0,1,0,0,0
4,4505821,1,8.00,A,A,3,1,0,0,1,1,0,0,1,0,0,1,1,0,0,0
4,4505791,1,8.00,A,A,5,1,1,1,1,1,0,0,1,1,1,1,1,0,0,0
4,4506173,1,4.00,A,A,4,1,1,1,1,0,0,0,1,1,1,1,0,0,0,0
4,4506637,1,8.00,A,A,5,1,1,1,1,1,0,0,1,1,1,1,1,0,0,0
4,4506206,1,8.00,A,A,3,1,0,1,1,0,0,0,1,0,1,1,0,0,0,0
4,4506487,6,24.00,A,A,5,1,1,1,1,1,0,0,1,1,1,1,1,0,0,0
4,4505822,1,6.00,A,A,5,1,1,1,1,1,0,0,1,1,1,1,1,0,0,0
4,4506520,1,10.00,A,A,3,1,0,1,0,1,0,0,1,0,1,0,1,0,0,0
4,4505726,1,3.00,A,A,3,1,0,1,0,1,0,0,1,0,1,0,1,0,0,0
4,4505469,1,8.00,A,A,3,1,1,0,1,0,0,0,1,1,0,1,0,0,0,0
4,4505301,1,8.00,A,A,2,1,0,0,1,0,0,0,1,0,0,1,0,0,0,0
4,4506049,1,6.00,A,A,2,1,0,0,1,0,0,0,1,0,0,1,0,0,0,0
4,4506362,1,3.00,A,A,3,1,0,1,0,1,0,0,1,0,1,0,1,0,0,0
4,4505208,1,8.00,A,A,3,1,0,1,0,1,0,0,1,0,1,0,1,0,0,0
4,4506425,5,40.00,A,A,3,1,0,1,0,1,0,0,1,0,1,0,1,0,0,0
4,4505384,1,6.00,A,A,4,1,0,1,1,1,0,0,1,0,1,1,1,0,0,0
4,4505407,1,8.00,A,A,5,1,1,1,1,1,0,0,1,1,1,1,1,0,0,0
4,4505987,1,8.00,A,A,3,1,0,1,0,1,0,0,1,0,1,0,1,0,0,0
4,4506025,1,8.00,A,A,3,1,0,1,0,1,0,0,1,0,1,0,1,0,0,0
4,4506335,1,6.00,A,A,3,1,0,1,0,1,0,0,1,0,1,0,1,0,0,0
4,4506423,1,10.00,A,A,5,1,1,1,1,1,0,0,1,1,1,1,1,0,0,0
4,4506459,1,8.00,A,A,2,1,0,0,1,0,0,0,1,0,0,1,0,0,0,0
4,4506733,1,8.00,A,A,2,1,0,0,1,0,0,0,1,0,0,1,0,0,0,0
4,4506608,1,10.00,A,A,5,1,1,1,1,1,0,0,1,1,1,1,1,0,0,0
4,4505561,2,16.00,A,A,4,1,1,1,0,1,0,0,1,1,1,0,1,0,0,0
4,4506731,1,10.00,A,A,4,1,0,1,1,1,0,0,1,0,1,1,1,0,0,0
4,4505965,2,16.00,A,A,4,1,0,1,1,1,0,0,1,0,1,1,1,0,0,0
4,4506086,1,8.00,A,A,4,1,0,1,1,1,0,0,1,0,1,1,1,0,0,0
4,4506056,1,8.00,A,A,4,1,0,1,1,1,0,0,1,0,1,1,1,0,0,0
4,4505278,1,8.00,A,A,4,1,1,0,1,1,0,0,1,0,1,1,1,0,0,1
4,4505728,1,8.00,A,A,4,1,1,1,0,1,0,0,1,1,1,0,1,0,0,0
4,4505872,8,32.00,A,A,4,1,0,1,1,1,0,0,1,1,1,0,1,0,0,1
4,4505683,1,6.00,A,A,4,1,0,1,1,1,0,0,1,1,1,0,1,0,0,1
4,4505776,1,10.00,A,A,4,1,1,0,1,1,0,0,1,0,1,1,1,0,0,1
4,4505880,2,24.00,A,A,4,1,1,1,0,1,0,0,1,1,1,0,1,0,0,0
4,4505563,2,16.00,A,A,4,1,1,1,0,1,0,0,1,1,1,0,1,0,0,0
4,4505293,1,4.00,A,A,4,1,0,1,1,1,0,0,1,1,1,0,1,0,0,1
4,4505467,1,4.00,A,A,4,1,1,0,1,1,0,0,1,1,1,0,1,0,0,1
4,4506643,1,8.00,A,A,4,1,1,0,1,1,0,0,1,0,1,1,1,0,0,1
4,4505400,1,6.00,A,A,4,1,1,0,1,1,0,0,1,1,1,0,1,0,0,1
4,4505470,1,8.00,A,A,4,1,0,1,1,1,0,0,1,0,1,1,1,0,0,0
4,4505427,1,8.00,A,A,4,1,1,0,1,1,0,0,1,0,1,1,1,0,0,1
4,4505514,1,8.00,A,A,4,1,1,0,1,1,0,0,1,1,0,1,1,0,0,0
4,4505916,1,4.00,A,A,4,1,0,1,1,1,0,0,1,0,1,1,1,0,0,0
4,4505708,1,3.00,A,A,4,1,0,1,1,1,0,0,1,1,1,0,1,0,0,1
4,4506274,2,16.00,A,A,4,1,1,1,0,1,0,0,1,0,1,1,1,0,0,1
4,4506421,1,4.00,A,A,4,1,1,0,1,1,0,0,1,0,1,1,1,0,0,1
4,4505958,1,6.00,A,A,4,1,1,1,0,1,0,0,1,1,1,0,1,0,0,0
4,4505795,1,2.00,A,A,4,1,0,1,1,1,0,0,1,1,1,1,0,0,0,1
4,4505860,1,4.00,A,A,4,1,1,1,0,1,0,0,1,1,1,1,0,0,0,1
4,4505661,1,8.00,A,A,2,0,1,0,1,0,0,0,1,0,0,1,0,0,0,1
4,4506756,1,6.00,A,A,2,0,1,0,0,1,0,0,1,0,0,1,0,0,0,1
4,4505862,1,6.00,A,A,2,1,0,0,1,0,0,0,1,0,0,1,0,0,0,0
4,4506017,1,10.00,A,A,2,1,0,0,0,1,0,0,1,0,0,1,0,0,0,1
4,4506509,1,6.00,A,A,2,0,1,0,0,1,0,0,1,0,0,1,0,0,0,1
4,4506796,1,8.00,A,A,2,1,0,0,0,1,0,0,1,0,0,0,1,0,0,0
4,4505771,2,8.00,A,A,2,1,0,0,1,0,0,0,1,0,0,1,0,0,0,0
4,4505915,1,6.00,A,A,2,1,0,0,0,1,0,0,1,0,0,0,1,0,0,0
4,4505270,1,2.00,A,A,2,1,0,0,0,1,0,0,1,0,0,0,1,0,0,0
4,4506805,1,8.00,A,A,2,0,1,0,0,1,0,0,1,0,0,1,0,0,0,1
4,4506133,1,8.00,A,A,2,0,1,0,0,1,0,0,1,0,0,1,0,0,0,1
4,4506592,1,8.00,A,A,2,0,1,0,0,1,0,0,1,0,0,1,0,0,0,1
4,4506164,1,8.00,A,A,2,0,1,0,0,1,0,0,1,0,0,1,0,0,0,1
4,4506828,1,6.00,A,A,2,0,1,0,0,1,0,0,1,0,0,1,0,0,0,1
4,4505885,1,6.00,A,A,2,1,0,0,1,0,0,0,1,0,0,1,0,0,0,0
4,4506103,1,2.00,A,A,2,0,1,0,0,1,0,0,1,0,0,1,0,0,0,1
4,4506237,1,8.00,A,A,2,1,0,0,1,0,0,0,1,0,0,1,0,0,0,0
4,4505912,1,8.00,A,A,2,1,0,0,1,0,0,0,1,0,0,1,0,0,0,0
4,4507266,1,6.00,A,A,2,0,1,0,0,1,0,0,1,0,0,1,0,0,0,1
4,4505934,1,6.00,A,A,2,1,0,0,1,0,0,0,1,0,0,1,0,0,0,0
4,4506562,1,2.00,A,A,2,0,1,0,0,1,0,0,1,0,0,1,0,0,0,1
4,4506500,1,2.00,A,A,2,0,1,0,0,1,0,0,1,0,0,1,0,0,0,1
4,4506368,1,4.00,A,A,2,1,0,0,1,0,0,0,1,0,0,1,0,0,0,0
4,4506501,1,4.00,A,A,2,0,1,0,0,1,0,0,1,0,0,1,0,0,0,1
4,4506145,1,4.00,A,A,2,1,0,0,1,0,0,0,1,0,0,1,0,0,0,0
4,4506982,1,2.00,A,A,2,0,1,0,0,1,0,0,1,0,0,1,0,0,0,1
4,4506449,1,4.00,A,A,2,0,1,0,1,0,0,0,1,0,0,1,0,0,0,1
4,4507101,2,4.00,A,A,2,0,1,0,1,0,0,0,1,0,0,1,0,0,0,1
4,4505981,1,2.00,A,A,2,0,1,0,0,1,0,0,1,0,0,1,0,0,0,1
4,4506602,1,2.00,A,A,2,0,1,0,0,1,0,0,1,0,0,1,0,0,0,1
4,4507319,3,6.00,A,A,2,0,1,0,0,1,0,0,1,0,0,1,0,0,0,1
4,4506578,1,4.00,A,A,2,1,0,0,1,0,0,0,1,0,0,1,0,0,0,0
4,4506010,1,4.00,A,A,2,0,1,0,0,1,0,0,1,0,0,1,0,0,0,1
4,4506090,1,8.00,A,A,2,1,0,0,1,0,0,0,1,0,0,1,0,0,0,0
4,4506165,1,8.00,A,A,2,0,1,0,0,1,0,0,1,0,0,1,0,0,0,1
4,4506695,1,4.00,A,A,2,0,1,0,1,0,0,0,1,0,0,1,0,0,0,1
4,4506331,1,4.00,A,A,2,1,0,0,1,0,0,0,1,0,0,1,0,0,0,0
4,4505964,1,6.00,A,A,2,1,0,0,1,0,0,0,1,0,0,1,0,0,0,0
4,4506510,4,8.00,A,A,2,0,1,0,0,1,0,0,1,0,0,1,0,0,0,1
4,4506685,1,8.00,A,A,2,0,1,0,0,1,0,0,1,0,0,1,0,0,0,1
4,4506576,1,10.00,A,A,2,1,0,0,1,0,0,0,1,0,0,1,0,0,0,0
4,4506411,1,4.00,A,A,2,0,1,0,0,1,0,0,1,0,0,1,0,0,0,1
4,4505933,1,4.00,A,A,2,1,0,0,1,0,0,0,1,0,0,1,0,0,0,0
4,4506667,1,8.00,A,A,2,0,1,0,0,1,0,0,1,0,0,1,0,0,0,1
4,4506380,1,8.00,A,A,2,0,1,0,0,1,0,0,1,0,0,1,0,0,0,1
4,4506563,1,8.00,A,A,2,0,1,0,0,1,0,0,1,0,0,1,0,0,0,1
4,4506919,1,8.00,A,A,2,0,1,0,0,1,0,0,1,0,0,1,0,0,0,1
4,4506318,1,6.00,A,A,2,0,1,0,0,1,0,0,1,0,0,1,0,0,0,1
4,4506792,1,6.00,A,A,2,1,0,0,1,0,0,0,1,0,0,1,0,0,0,0
4,4506523,1,6.00,A,A,2,1,0,0,1,0,0,0,1,0,0,1,0,0,0,0
4,4506761,1,4.00,A,A,2,1,0,0,1,0,0,0,1,0,0,1,0,0,0,0
4,4506524,1,4.00,A,A,2,1,0,0,1,0,0,0,1,0,0,1,0,0,0,0
4,4506569,1,8.00,A,A,2,0,1,0,0,1,0,0,1,0,0,1,0,0,0,1
4,4506860,1,2.00,A,A,2,0,1,0,0,1,0,0,1,0,0,1,0,0,0,1
4,4506625,1,8.00,A,A,2,0,1,0,0,1,0,0,1,0,0,1,0,0,0,1
4,4506424,1,8.00,A,A,2,1,0,0,1,0,0,0,1,0,0,1,0,0,0,0
4,4506507,1,8.00,A,A,2,0,1,0,0,1,0,0,1,0,0,1,0,0,0,1
4,4506286,1,10.00,A,A,2,0,1,0,0,1,0,0,1,0,0,1,0,0,0,1
4,4506656,1,6.00,A,A,2,0,1,0,0,1,0,0,1,0,0,1,0,0,0,1
4,4505225,2,16.00,A,A,2,1,0,0,0,1,0,0,1,0,0,0,1,0,0,0
4,4506392,1,12.00,A,A,2,1,0,0,1,0,0,0,1,0,0,1,0,0,0,0
4,4506260,1,8.00,A,A,2,0,1,0,0,1,0,0,1,0,0,1,0,0,0,1
4,4505727,1,3.00,A,A,2,1,0,0,0,1,0,0,1,0,0,0,1,0,0,0
4,4505990,1,8.00,A,A,2,1,0,0,1,0,0,0,1,0,0,1,0,0,0,0
4,4506891,1,8.00,A,A,2,0,1,0,1,0,0,0,1,0,0,1,0,0,0,1
4,4506422,1,6.00,A,A,2,1,0,0,1,0,0,0,1,0,0,1,0,0,0,0
4,4506060,1,8.00,A,A,2,1,0,0,1,0,0,0,1,0,0,1,0,0,0,0
4,4505962,1,8.00,A,A,2,1,0,0,1,0,0,0,1,0,0,1,0,0,0,0
4,4507238,1,2.00,A,A,2,0,1,0,0,1,0,0,1,0,0,1,0,0,0,1
4,4506572,1,8.00,A,A,2,0,1,0,0,1,0,0,1,0,0,1,0,0,0,1
4,4506028,1,4.00,A,A,2,1,0,0,1,0,0,0,1,0,0,1,0,0,0,0
4,4506233,1,8.00,A,A,2,0,1,0,0,1,0,0,1,0,0,1,0,0,0,1
4,4507009,1,8.00,A,A,2,0,1,0,0,1,0,0,1,0,0,1,0,0,0,1
4,4505917,6,24.00,A,A,2,1,0,0,1,0,0,0,1,0,0,1,0,0,0,0
4,4506663,1,8.00,A,A,2,0,1,0,0,1,0,0,1,0,0,1,0,0,0,1
4,4506644,1,2.00,A,A,2,1,0,0,1,0,0,0,1,0,0,1,0,0,0,0
4,4505815,1,8.00,A,A,2,1,0,0,0,1,0,0,1,0,0,0,1,0,0,0
4,4506446,1,10.00,A,A,2,0,1,0,0,1,0,0,1,0,0,1,0,0,0,1
4,4506546,1,8.00,A,A,2,1,0,0,1,0,0,0,1,0,0,1,0,0,0,0
4,4506784,1,8.00,A,A,2,0,1,0,0,1,0,0,1,0,0,1,0,0,0,1
4,4506745,1,2.00,A,A,2,0,1,0,0,1,0,0,1,0,0,1,0,0,0,1
4,4506518,1,6.00,A,A,2,1,0,0,1,0,0,0,1,0,0,1,0,0,0,0
4,4506599,1,6.00,A,A,2,0,1,0,0,1,0,0,1,0,0,1,0,0,0,1
4,4506195,1,8.00,A,A,2,0,1,0,0,1,0,0,1,0,0,1,0,0,0,1
4,4506978,1,4.00,A,A,2,0,1,0,0,1,0,0,1,0,0,1,0,0,0,1
4,4506292,1,8.00,A,A,2,0,1,0,0,1,0,0,1,0,0,1,0,0,0,1
4,4506640,1,8.00,A,A,2,1,0,0,1,0,0,0,1,0,0,1,0,0,0,0
4,4506613,1,2.00,A,A,2,1,0,0,0,1,0,0,1,0,0,1,0,0,0,1
4,4506201,2,12.00,A,A,2,0,1,0,0,1,0,0,1,0,0,1,0,0,0,1
4,4506763,1,8.00,A,A,2,1,0,0,1,0,0,0,1,0,0,1,0,0,0,0
4,4506170,1,8.00,A,A,2,0,1,0,0,1,0,0,1,0,0,1,0,0,0,1
4,4506835,1,6.00,A,A,2,0,1,0,0,1,0,0,1,0,0,1,0,0,0,1
4,4506722,1,8.00,A,A,2,0,1,0,0,1,0,0,1,0,0,1,0,0,0,1
4,4506457,1,6.00,A,A,2,1,0,0,1,0,0,0,1,0,0,1,0,0,0,0
4,4505889,1,2.00,A,A,2,1,0,0,1,0,0,0,1,0,0,1,0,0,0,0
4,4506886,1,3.00,A,A,2,0,1,0,0,1,0,0,1,0,0,1,0,0,0,1
4,4506460,1,3.00,A,A,2,1,0,0,1,0,0,0,1,0,0,1,0,0,0,0
4,4505996,1,6.00,A,A,2,1,0,0,1,0,0,0,1,0,0,1,0,0,0,0
4,4506200,2,16.00,A,A,2,0,1,0,0,1,0,0,1,0,0,1,0,0,0,1
4,4506366,1,6.00,A,A,2,1,0,0,1,0,0,0,1,0,0,1,0,0,0,0
4,4506364,1,8.00,A,A,2,1,0,0,0,1,0,0,1,0,0,1,0,0,0,1
4,4506365,1,8.00,A,A,2,1,0,0,1,0,0,0,1,0,0,1,0,0,0,0
4,4506478,1,8.00,A,A,2,0,1,0,0,1,0,0,1,0,0,1,0,0,0,1
4,4506811,1,6.00,A,A,2,0,1,0,0,1,0,0,1,0,0,1,0,0,0,1
4,4506832,1,4.00,A,A,2,0,1,0,0,1,0,0,1,0,0,1,0,0,0,1
4,4506794,1,8.00,A,A,2,1,0,0,0,1,0,0,1,0,0,1,0,0,0,1
4,4506839,1,4.00,A,A,2,0,1,0,0,1,0,0,1,0,0,1,0,0,0,1
4,4506358,2,6.00,A,A,2,1,0,0,1,0,0,0,1,0,0,1,0,0,0,0
4,4506272,2,16.00,A,A,2,1,0,0,0,1,0,0,1,0,0,1,0,0,0,1
4,4506181,1,6.00,A,A,2,1,0,0,1,0,0,0,1,0,0,1,0,0,0,0
4,4505995,1,8.00,A,A,2,1,0,0,1,0,0,0,1,0,0,1,0,0,0,0
4,4506211,1,3.00,A,A,2,1,0,0,1,0,0,0,1,0,0,1,0,0,0,0
4,4506735,1,8.00,A,A,2,1,0,0,1,0,0,0,1,0,0,1,0,0,0,0
4,4505967,1,4.00,A,A,2,1,0,0,1,0,0,0,1,0,0,1,0,0,0,0
4,4506863,1,6.00,A,A,2,0,1,0,0,1,0,0,1,0,0,1,0,0,0,1
4,4506795,2,12.00,A,A,2,1,0,0,0,1,0,0,1,0,0,1,0,0,0,1
4,4506472,1,8.00,A,A,2,0,1,0,0,1,0,0,1,0,0,1,0,0,0,1
4,4507071,1,6.00,A,A,2,0,1,0,0,1,0,0,1,0,0,1,0,0,0,1
4,4506838,1,6.00,A,A,2,0,1,0,1,0,0,0,1,0,0,1,0,0,0,1
4,4506642,1,3.00,A,A,2,1,0,0,1,0,0,0,1,0,0,1,0,0,0,0
4,4507155,1,8.00,A,A,2,0,1,0,0,1,0,0,1,0,0,1,0,0,0,1
4,4506568,1,6.00,A,A,2,0,1,0,0,1,0,0,1,0,0,1,0,0,0,1
4,4506389,1,8.00,A,A,2,1,0,0,1,0,0,0,1,0,0,1,0,0,0,0
4,4506294,1,8.00,A,A,2,0,1,0,0,1,0,0,1,0,0,1,0,0,0,1
4,4506112,1,3.00,A,A,2,1,0,0,1,0,0,0,1,0,0,1,0,0,0,0
4,4505666,1,8.00,A,A,2,1,0,0,1,0,0,0,1,0,0,1,0,0,0,0
4,4506690,1,4.00,A,A,2,0,1,0,1,0,0,0,1,0,0,1,0,0,0,1
4,4507040,1,8.00,A,A,2,0,1,0,0,1,0,0,1,0,0,1,0,0,0,1
4,4505887,1,8.00,A,A,2,1,0,0,1,0,0,0,1,0,0,1,0,0,0,0
4,4506780,1,8.00,A,A,2,0,1,0,0,1,0,0,1,0,0,1,0,0,0,1
4,4506427,1,8.00,A,A,2,1,0,0,0,1,0,0,1,0,0,1,0,0,0,1
4,4506058,1,2.00,A,A,2,1,0,0,1,0,0,0,1,0,0,1,0,0,0,0
4,4506041,1,8.00,A,A,2,0,1,0,0,1,0,0,1,0,0,1,0,0,0,1
4,4506367,1,6.00,A,A,2,1,0,0,0,1,0,0,1,0,0,1,0,0,0,1
4,4506458,1,8.00,A,A,2,1,0,0,1,0,0,0,1,0,0,1,0,0,0,0
4,4505569,1,8.00,A,A,2,1,0,0,0,1,0,0,1,0,0,1,0,0,0,1
4,4506149,1,6.00,A,A,2,1,0,0,1,0,0,0,1,0,0,1,0,0,0,0
4,4506868,1,8.00,A,A,2,0,1,0,1,0,0,0,1,0,0,1,0,0,0,1
4,4507011,1,8.00,A,A,2,0,1,0,0,1,0,0,1,0,0,1,0,0,0,1
4,4506052,1,2.00,A,A,2,1,0,0,1,0,0,0,1,0,0,1,0,0,0,0
4,4506594,1,4.00,A,A,2,0,1,0,0,1,0,0,1,0,0,1,0,0,0,1
4,4506718,1,4.00,A,A,2,0,1,0,0,1,0,0,1,0,0,1,0,0,0,1
4,4505861,1,8.00,A,A,2,1,0,0,1,0,0,0,1,0,0,1,0,0,0,0
4,4507183,1,4.00,A,A,2,0,1,0,0,1,0,0,1,0,0,1,0,0,0,1
4,4505908,1,4.00,A,A,2,1,0,0,1,0,0,0,1,0,0,1,0,0,0,0
4,4506688,1,6.00,A,A,2,0,1,0,0,1,0,0,1,0,0,1,0,0,0,1
4,4505840,1,4.00,A,A,2,1,0,0,1,0,0,0,1,0,0,1,0,0,0,0
4,4505881,1,8.00,A,A,2,1,0,0,1,0,0,0,1,0,0,1,0,0,0,0
4,4506026,1,8.00,A,A,2,1,0,0,1,0,0,0,1,0,0,1,0,0,0,0
4,4506231,1,8.00,A,A,2,0,1,0,0,1,0,0,1,0,0,1,0,0,0,1
4,4506662,2,16.00,A,A,2,0,1,0,1,0,0,0,1,0,0,1,0,0,0,1
4,4506075,1,4.00,A,A,2,0,1,0,0,1,0,0,1,0,0,1,0,0,0,1
4,4506151,1,8.00,A,A,2,1,0,0,0,1,0,0,1,0,0,1,0,0,0,1
4,4506514,1,6.00,A,A,2,1,0,0,1,0,0,0,1,0,0,1,0,0,0,0
4,4506384,1,8.00,A,A,2,0,1,0,0,1,0,0,1,0,0,1,0,0,0,1
4,4506606,1,4.00,A,A,2,1,0,0,1,0,0,0,1,0,0,1,0,0,0,0
4,4506271,1,8.00,A,A,2,1,0,0,0,1,0,0,1,0,0,1,0,0,0,1
4,4506480,1,3.00,A,A,2,0,1,0,0,1,0,0,1,0,0,1,0,0,0,1
4,4506887,2,16.00,A,A,2,0,1,0,1,0,0,0,1,0,0,1,0,0,0,1
4,4505473,1,8.00,A,A,2,1,0,0,1,0,0,0,1,0,0,1,0,0,0,0
4,4506452,1,2.00,A,A,2,1,0,0,1,0,0,0,1,0,0,1,0,0,0,0
4,4506694,1,8.00,A,A,2,0,1,0,0,1,0,0,1,0,0,1,0,0,0,1
4,4506387,1,8.00,A,A,2,0,1,0,0,1,0,0,1,0,0,1,0,0,0,1
4,4506864,1,8.00,A,A,2,0,1,0,0,1,0,0,1,0,0,1,0,0,0,1
4,4505430,1,4.00,A,A,2,1,0,0,1,0,0,0,1,0,0,1,0,0,0,0
4,4507039,1,4.00,A,A,2,0,1,0,0,1,0,0,1,0,0,1,0,0,0,1
4,4506732,2,8.00,A,A,2,1,0,0,0,1,0,0,1,0,0,1,0,0,0,1
4,4506319,1,6.00,A,A,2,0,1,0,0,1,0,0,1,0,0,1,0,0,0,1
4,4505452,1,4.00,A,A,2,1,0,0,1,0,0,0,1,0,0,1,0,0,0,0
4,4506951,1,6.00,A,A,2,0,1,0,0,1,0,0,1,0,0,1,0,0,0,1
4,4506083,1,8.00,A,A,2,0,1,0,1,0,0,0,1,0,0,1,0,0,0,1
4,4505960,1,2.00,A,A,2,1,0,0,1,0,0,0,1,0,0,1,0,0,0,0
4,4505570,1,2.00,A,A,2,1,0,0,1,0,0,0,1,0,0,1,0,0,0,0
4,4505387,1,6.00,A,A,2,1,0,0,1,0,0,0,1,0,0,1,0,0,0,0
4,4506250,1,8.00,A,A,2,0,1,0,0,1,0,0,1,0,0,1,0,0,0,1
4,4506146,1,6.00,A,A,2,1,0,1,0,0,0,0,1,0,0,1,0,0,0,1
4,4505567,1,6.00,A,A,2,1,0,0,1,0,0,0,1,0,0,1,0,0,0,0
4,4505366,1,6.00,A,A,2,1,0,0,1,0,0,0,1,0,0,1,0,0,0,0
4,4506543,1,4.00,A,A,2,0,1,0,0,1,0,0,1,0,0,1,0,0,0,1
4,4506752,1,8.00,A,A,2,0,1,0,1,0,0,0,1,0,0,1,0,0,0,1
4,4506293,1,6.00,A,A,2,0,1,0,0,1,0,0,1,0,0,1,0,0,0,1
4,4506751,1,2.00,A,A,2,0,1,0,0,1,0,0,1,0,0,1,0,0,0,1
4,4506390,1,4.00,A,A,2,1,0,0,1,0,0,0,1,0,0,1,0,0,0,0
4,4506747,1,6.00,A,A,2,0,1,0,0,1,0,0,1,0,0,1,0,0,0,1
4,4505914,1,8.00,A,A,2,1,0,0,1,0,0,0,1,0,0,1,0,0,0,0
4,4507185,1,8.00,A,A,2,0,1,0,0,1,0,0,1,0,0,1,0,0,0,1
4,4506477,1,6.00,A,A,2,0,1,0,0,1,0,0,1,0,0,1,0,0,0,1
4,4507293,1,3.00,A,A,2,0,1,0,0,1,0,0,1,0,0,1,0,0,0,1
4,4505937,1,8.00,A,A,2,1,0,0,1,0,0,0,1,0,0,1,0,0,0,0
4,4506202,1,8.00,A,A,2,0,1,0,0,1,0,0,1,0,0,1,0,0,0,1
4,4507098,1,6.00,A,A,2,0,1,0,0,1,0,0,1,0,0,1,0,0,0,1
4,4506258,1,8.00,A,A,2,0,1,0,0,1,0,0,1,0,0,1,0,0,0,1
4,4506349,1,8.00,A,A,2,0,1,0,0,1,0,0,1,0,0,1,0,0,0,1
4,4506508,1,6.00,A,A,2,0,1,0,0,1,0,0,1,0,0,1,0,0,0,1
4,4506600,1,6.00,A,A,2,0,1,0,1,0,0,0,1,0,0,1,0,0,0,1
4,4506633,1,4.00,A,A,2,0,1,0,0,1,0,0,1,0,0,1,0,0,0,1
4,4506634,1,6.00,A,A,2,0,1,0,0,1,0,0,1,0,0,1,0,0,0,1
4,4506385,1,6.00,A,A,2,0,1,0,0,1,0,0,1,0,0,1,0,0,0,1
4,4506323,1,8.00,A,A,2,0,1,0,0,1,0,0,1,0,0,1,0,0,0,1
4,4506980,1,4.00,A,A,2,0,1,0,0,1,0,0,1,0,0,1,0,0,0,1
4,4506357,1,8.00,A,A,2,0,1,0,0,1,0,0,1,0,0,1,0,0,0,1
4,4506513,1,4.00,A,A,2,1,0,0,1,0,0,0,1,0,0,1,0,0,0,0
4,4506597,1,8.00,A,A,2,0,1,0,0,1,0,0,1,0,0,1,0,0,0,1
4,4506447,1,8.00,A,A,2,0,1,0,0,1,0,0,1,0,0,1,0,0,0,1
4,4506051,1,8.00,A,A,2,1,0,0,1,0,0,0,1,0,0,1,0,0,0,0
4,4506443,2,16.00,A,A,2,0,1,0,0,1,0,0,1,0,0,1,0,0,0,1
4,4506785,1,8.00,A,A,2,0,1,0,0,1,0,0,1,0,0,1,0,0,0,1
4,4506836,1,6.00,A,A,2,0,1,0,0,1,0,0,1,0,0,1,0,0,0,1
4,4506169,1,6.00,A,A,2,0,1,0,0,1,0,0,1,0,0,1,0,0,0,1
4,4506266,1,8.00,A,A,2,1,0,0,1,0,0,0,1,0,0,1,0,0,0,0
4,4507136,1,2.00,A,A,2,0,0,1,0,1,0,0,1,0,0,1,0,0,0,1
4,4505929,1,6.00,A,A,2,1,0,0,1,0,0,0,1,0,0,1,0,0,0,0
4,4506725,1,6.00,A,A,2,0,1,0,1,0,0,0,1,0,0,1,0,0,0,1
4,4507221,1,2.00,A,A,2,0,0,1,0,1,0,0,1,0,0,1,0,0,0,1
4,4505322,1,10.00,A,A,2,1,0,0,0,1,0,0,1,0,0,1,0,0,0,1
4,4506567,1,3.00,A,A,2,0,1,0,0,1,0,0,1,0,0,1,0,0,0,1
4,4505945,1,2.00,A,A,2,0,1,0,0,1,0,0,0,1,0,0,1,0,0,0
4,4506417,1,8.00,A,A,3,0,1,1,0,1,0,0,0,1,1,0,1,0,0,0
4,4506072,1,8.00,A,A,2,0,1,0,1,0,0,0,0,1,0,1,0,0,0,0
4,4506190,1,2.00,A,A,2,0,1,0,1,0,0,0,0,1,0,1,0,0,0,0
4,4507130,1,2.00,A,A,4,0,1,1,1,1,0,0,0,1,1,1,1,0,0,0
4,4506273,1,8.00,A,A,3,0,1,1,1,0,0,0,0,1,1,1,0,0,0,0
4,4506105,1,10.00,A,A,3,0,1,0,1,1,0,0,0,1,0,1,1,0,0,0
4,4506448,1,8.00,A,A,2,0,1,0,1,0,0,0,0,1,0,1,0,0,0,0
4,4506504,1,2.00,A,A,3,0,1,1,0,1,0,0,0,1,1,0,1,0,0,0
4,4506672,2,16.00,A,A,3,0,1,0,1,1,0,0,0,1,0,1,1,0,0,0
4,4507265,1,8.00,A,A,3,0,1,1,0,1,0,0,0,1,1,0,1,0,0,0
4,4506716,1,4.00,A,A,2,0,1,0,1,0,0,0,0,1,0,1,0,0,0,0
4,4506538,2,16.00,A,A,2,0,1,0,1,0,0,0,0,1,0,1,0,0,0,0
4,4506281,1,8.00,A,A,2,0,1,0,1,0,0,0,0,1,0,1,0,0,0,0
4,4506439,1,6.00,A,A,2,0,1,0,1,0,0,0,0,1,0,1,0,0,0,0
4,4506764,1,8.00,A,A,4,1,0,1,1,1,0,0,0,1,1,1,1,0,0,1
4,4505843,2,16.00,A,A,4,1,0,1,1,1,0,0,0,1,1,1,1,0,0,1
4,4505226,1,6.00,A,A,2,1,0,0,1,0,0,0,0,1,0,0,1,0,0,1
4,4505492,1,8.00,A,A,2,0,1,0,1,0,0,0,0,1,0,0,1,0,0,1
4,4506671,1,8.00,A,A,2,1,0,1,0,0,0,0,0,1,0,0,1,0,0,1
4,4505871,1,8.00,A,A,2,1,0,0,1,0,0,0,0,1,0,0,1,0,0,1
4,4506712,1,4.00,A,A,2,0,1,0,0,1,0,0,0,1,0,0,1,0,0,0
4,4505445,2,12.00,A,A,2,1,0,0,1,0,0,0,0,1,0,0,1,0,0,1
4,4505856,1,8.00,A,A,2,1,0,0,1,0,0,0,0,1,0,0,1,0,0,1
4,4506376,1,8.00,A,A,2,0,1,0,0,1,0,0,0,1,0,0,1,0,0,0
4,4506068,1,4.00,A,A,2,0,1,0,0,1,0,0,0,1,0,0,1,0,0,0
4,4506245,1,2.00,A,A,2,0,1,0,0,1,0,0,0,1,0,0,1,0,0,0
4,4505790,1,2.00,A,A,2,1,0,0,1,0,0,0,0,1,0,0,1,0,0,1
4,4505444,1,4.00,A,A,2,1,0,0,1,0,0,0,0,1,0,0,1,0,0,1
4,4506774,1,2.00,A,A,2,0,1,0,0,1,0,0,0,1,0,0,1,0,0,0
4,4505490,1,6.00,A,A,2,1,0,0,1,0,0,0,0,1,0,0,1,0,0,1
4,4506309,1,4.00,A,A,2,0,1,0,0,1,0,0,0,1,0,0,1,0,0,0
4,4506532,1,8.00,A,A,2,0,1,0,0,1,0,0,0,1,0,0,1,0,0,0
4,4506464,1,8.00,A,A,2,0,1,0,0,1,0,0,0,1,0,0,1,0,0,0
4,4506340,1,6.00,A,A,2,0,1,0,0,1,0,0,0,1,0,0,1,0,0,0
4,4506585,1,8.00,A,A,2,0,1,0,0,1,0,0,0,1,0,0,1,0,0,0
4,4505399,1,8.00,A,A,2,1,0,0,1,0,0,0,0,1,0,0,1,0,0,1
4,4505705,1,8.00,A,A,2,1,0,0,0,1,0,0,0,1,0,0,1,0,0,1
4,4505979,1,8.00,A,A,2,0,1,0,0,1,0,0,0,1,0,0,1,0,0,0
4,4505380,1,3.00,A,A,2,1,0,0,1,0,0,0,0,1,0,0,1,0,0,1
4,4505560,1,3.00,A,A,2,1,0,0,0,1,0,0,0,1,0,0,1,0,0,1
4,4505897,1,8.00,A,A,2,1,0,0,0,1,0,0,0,1,0,0,1,0,0,1
4,4505513,1,8.00,A,A,2,1,0,0,0,1,0,0,0,1,0,0,1,0,0,1
4,4505946,1,8.00,A,A,2,0,1,0,0,1,0,0,0,1,0,0,1,0,0,0
4,4506775,1,4.00,A,A,2,0,1,0,0,1,0,0,0,1,0,0,1,0,0,0
4,4505635,1,18.00,A,A,2,1,0,0,1,0,0,0,0,1,0,0,1,0,0,1
4,4505464,2,8.00,A,A,2,1,0,0,1,0,0,0,0,1,0,0,1,0,0,1
4,4505271,1,8.00,A,A,2,1,0,0,1,0,0,0,0,1,0,0,1,0,0,1
4,4506378,1,6.00,A,A,2,0,1,0,0,1,0,0,0,1,0,0,1,0,0,0
4,4505247,2,16.00,A,A,2,1,0,0,0,1,0,0,0,1,0,0,1,0,0,1
4,4506162,1,8.00,A,A,2,0,1,0,0,1,0,0,0,1,0,0,1,0,0,0
4,4505947,2,8.00,A,A,2,0,1,0,0,1,0,0,0,1,0,0,1,0,0,0
4,4506498,1,8.00,A,A,2,0,1,0,0,1,0,0,0,1,0,0,1,0,0,0
4,4506246,1,6.00,A,A,2,0,1,0,0,1,0,0,0,1,0,0,1,0,0,0
4,4506559,1,18.00,A,A,2,0,1,0,0,1,0,0,0,1,0,0,1,0,0,0
4,4505706,1,6.00,A,A,2,1,0,0,1,0,0,0,0,1,0,0,1,0,0,1
4,4506622,1,8.00,A,A,2,0,1,0,0,1,0,0,0,1,0,0,1,0,0,0
4,4506742,1,8.00,A,A,2,0,1,0,0,1,0,0,0,1,0,0,1,0,0,0
4,4506497,1,6.00,A,A,2,0,1,0,0,1,0,0,0,1,0,0,1,0,0,0
4,4506655,1,4.00,A,A,2,0,1,0,0,1,0,0,0,1,0,0,1,0,0,0
4,4506873,1,2.00,A,A,2,0,0,1,0,1,0,0,0,1,0,0,1,0,0,1
4,4505339,1,4.00,A,A,2,1,0,0,0,1,0,0,0,1,0,0,1,0,0,1
4,4505948,1,8.00,A,A,2,0,1,0,0,1,0,0,0,1,0,0,1,0,0,0
4,4506436,2,8.00,A,A,2,0,1,0,0,1,0,0,0,1,0,0,1,0,0,0
4,4506531,1,10.00,A,A,2,0,1,0,0,1,0,0,0,1,0,0,1,0,0,0
4,4506223,1,6.00,A,A,2,0,1,0,0,1,0,0,0,1,0,0,1,0,0,0
4,4506804,1,8.00,A,A,2,0,1,0,1,0,0,0,0,1,0,0,1,0,0,1
4,4505707,1,8.00,A,A,2,1,0,0,0,1,0,0,0,1,0,0,1,0,0,1
4,4505447,1,4.00,A,A,2,1,0,0,1,0,0,0,0,1,0,0,1,0,0,1
4,4506820,1,8.00,A,A,2,0,0,1,0,1,0,0,0,1,0,0,1,0,0,1
4,4505321,1,4.00,A,A,2,1,0,1,0,0,0,0,0,1,0,0,1,0,0,1
4,4506803,1,8.00,A,A,2,0,1,0,0,1,0,0,0,1,0,0,1,0,0,0
4,4505637,1,8.00,A,A,2,1,0,1,0,0,0,0,0,1,0,0,1,0,0,1
4,4505636,1,4.00,A,A,2,1,0,1,0,0,0,0,0,1,0,0,1,0,0,1
4,4506802,1,4.00,A,A,2,0,1,0,0,1,0,0,0,1,0,0,1,0,0,0
4,4506827,1,4.00,A,A,2,0,1,0,0,1,0,0,0,1,0,0,1,0,0,0
4,4505814,3,24.00,A,A,2,1,0,1,0,0,0,0,0,1,0,0,1,0,0,1
4,4506284,1,4.00,A,A,2,0,1,0,0,1,0,0,0,1,0,0,1,0,0,0
4,4506247,1,8.00,A,A,2,0,1,0,0,1,0,0,0,1,0,0,1,0,0,0
4,4506346,1,4.00,A,A,2,0,1,0,0,1,0,0,0,1,0,0,1,0,0,0
4,4506282,1,6.00,A,A,2,0,1,0,0,1,0,0,0,1,0,0,1,0,0,0
4,4506408,1,8.00,A,A,2,0,1,0,0,1,0,0,0,1,0,0,1,0,0,0
4,4506533,1,4.00,A,A,2,0,1,0,0,1,0,0,0,1,0,0,1,0,0,0
4,4506776,1,8.00,A,A,2,0,1,0,1,0,0,0,0,1,0,0,1,0,0,1
4,4505381,1,8.00,A,A,2,1,0,1,0,0,0,0,0,1,0,0,1,0,0,1
4,4505382,1,6.00,A,A,2,1,0,1,0,0,0,0,0,1,0,0,1,0,0,1
4,4505324,1,6.00,A,A,2,1,0,0,0,1,0,0,0,1,0,0,1,0,0,1
4,4505953,1,8.00,A,A,2,0,1,0,0,1,0,0,0,1,0,0,1,0,0,0
4,4506129,1,4.00,A,A,2,0,1,0,0,1,0,0,0,1,0,0,1,0,0,0
4,4506099,1,6.00,A,A,2,0,1,0,0,1,0,0,0,1,0,0,1,0,0,0
4,4505733,1,8.00,A,A,2,1,0,0,1,0,0,0,0,1,0,0,1,0,0,1
4,4505421,1,8.00,A,A,2,1,0,0,1,0,0,0,0,1,0,0,1,0,0,1
4,4506627,1,4.00,A,A,2,0,1,0,0,1,0,0,0,1,0,0,1,0,0,0
4,4506252,1,6.00,A,A,2,0,1,0,0,1,0,0,0,1,0,0,1,0,0,0
4,4506351,1,8.00,A,A,2,0,1,0,0,1,0,0,0,1,0,0,1,0,0,0
4,4506476,1,3.00,A,A,2,0,1,0,0,1,0,0,0,1,0,0,1,0,0,0
4,4506503,1,8.00,A,A,2,0,1,0,0,1,0,0,0,1,0,0,1,0,0,0
4,4506383,1,8.00,A,A,2,0,1,0,0,1,0,0,0,1,0,0,1,0,0,0
4,4506565,1,4.00,A,A,2,0,1,0,0,1,0,0,0,1,0,0,1,0,0,0
4,4505207,1,2.00,A,A,2,1,0,0,0,1,0,0,0,1,0,0,1,0,0,1
4,4506199,1,4.00,A,A,2,0,1,0,0,1,0,0,0,1,0,0,1,0,0,0
4,4506198,1,6.00,A,A,2,0,1,0,0,1,0,0,0,1,0,0,1,0,0,0
4,4505686,1,6.00,A,A,2,1,0,0,1,0,0,0,0,1,0,0,1,0,0,1
4,4506042,1,8.00,A,A,2,0,1,0,1,0,0,0,0,1,0,1,0,0,0,0
4,4505250,1,6.00,A,A,2,1,0,0,1,0,0,0,0,1,0,0,1,0,0,1
4,4505984,1,4.00,A,A,2,0,1,0,0,1,0,0,0,1,0,0,1,0,0,0
4,4505980,2,16.00,A,A,2,0,1,0,1,0,0,0,0,1,0,1,0,0,0,0
4,4506442,1,8.00,A,A,2,0,1,0,0,1,0,0,0,1,0,0,1,0,0,0
4,4506315,1,2.00,A,A,2,0,1,0,0,1,0,0,0,1,0,0,1,0,0,0
4,4506168,1,8.00,A,A,2,0,1,0,0,1,0,0,0,1,0,0,1,0,0,0
4,4505275,1,6.00,A,A,2,1,0,0,0,1,0,0,0,1,0,0,1,0,0,1
4,4506137,1,8.00,A,A,2,0,1,0,0,1,0,0,0,1,0,0,1,0,0,0
4,4506687,1,6.00,A,A,2,0,1,0,0,1,0,0,0,1,0,0,1,0,0,0
4,4505894,1,8.00,A,A,2,0,1,0,1,0,0,0,0,1,0,1,0,0,0,0
4,4506749,2,12.00,A,A,2,0,1,0,0,1,0,0,0,1,0,0,1,0,0,0
4,4506435,1,8.00,A,A,2,0,1,0,1,0,0,0,0,1,0,1,0,0,0,0
4,4505818,1,8.00,A,A,2,1,0,0,1,0,0,0,0,1,0,0,1,0,0,1
4,4506157,1,3.00,A,A,2,0,1,0,0,1,0,0,0,1,0,0,1,0,0,0
4,4505794,1,10.00,A,A,2,1,0,0,1,0,0,0,0,1,0,0,1,0,0,1
4,4506032,1,2.00,A,A,2,0,1,0,0,1,0,0,0,1,0,0,1,0,0,0
4,4505687,1,4.00,A,A,2,1,0,0,1,0,0,0,0,1,0,0,1,0,0,1
4,4506564,2,16.00,A,A,2,0,1,0,1,0,0,0,0,1,0,0,1,0,0,1
4,4505774,2,16.00,A,A,2,1,0,1,0,0,0,0,0,1,0,0,1,0,0,1
4,4506342,1,3.00,A,A,2,0,1,0,0,1,0,0,0,1,0,0,1,0,0,0
4,4506218,1,6.00,A,A,2,0,1,0,0,1,0,0,0,1,0,0,1,0,0,0
4,4506529,1,8.00,A,A,2,0,1,0,0,1,0,0,0,1,0,0,1,0,0,0
4,4505710,1,8.00,A,A,2,1,0,0,1,0,0,0,0,1,0,0,1,0,0,1
4,4505664,1,8.00,A,A,2,1,0,0,0,1,0,0,0,1,0,0,1,0,0,1
4,4506773,1,6.00,A,A,2,0,1,0,0,1,0,0,0,1,0,0,1,0,0,0
4,4505907,1,8.00,A,A,2,1,0,0,1,0,0,0,0,1,0,0,1,0,0,1
4,4506679,1,4.00,A,A,2,0,1,0,0,1,0,0,0,1,0,0,1,0,0,0
4,4505836,1,4.00,A,A,2,1,0,0,0,1,0,0,0,1,0,0,1,0,0,1
4,4506407,1,4.00,A,A,2,0,1,0,1,0,0,0,0,1,0,0,1,0,0,1
4,4505230,1,6.00,A,A,2,1,0,0,1,0,0,0,0,1,0,0,1,0,0,1
4,4505731,1,3.00,A,A,2,1,0,0,1,0,0,0,0,1,0,0,1,0,0,1
4,4506307,1,4.00,A,A,2,0,1,0,1,0,0,0,0,1,0,1,0,0,0,0
4,4507212,1,6.00,A,A,2,0,1,0,0,1,0,0,0,1,0,0,1,0,0,0
4,4507213,2,4.00,A,A,2,0,1,0,0,1,0,0,0,1,0,0,1,0,0,0
4,4505732,1,6.00,A,A,2,1,0,0,1,0,0,0,0,1,0,0,1,0,0,1
4,4506670,1,8.00,A,A,2,1,0,0,0,1,0,0,0,1,0,0,1,0,0,1
4,4505905,1,4.00,A,A,2,1,0,0,0,1,0,0,0,1,0,0,1,0,0,1
4,4505927,3,24.00,A,A,2,1,0,0,1,0,0,0,0,1,0,0,1,0,0,1
4,4506001,1,8.00,A,A,2,0,1,0,0,1,0,0,0,1,0,0,1,0,0,0
4,4505951,1,4.00,A,A,2,0,1,0,0,1,0,0,0,1,0,0,1,0,0,0
4,4505474,1,4.00,A,A,2,1,0,0,1,0,0,0,0,1,0,0,1,0,0,1
4,4505992,1,6.00,A,A,2,1,0,1,0,0,0,0,0,1,0,0,1,0,0,1
4,4506782,1,4.00,A,A,2,0,1,0,0,1,0,0,0,1,0,0,1,0,0,0
4,4505294,1,4.00,A,A,2,1,0,0,0,1,0,0,0,1,0,0,1,0,0,1
4,4506296,1,10.00,A,A,2,1,0,0,1,0,0,0,0,1,0,0,1,0,0,1
4,4506178,1,8.00,A,A,2,1,0,0,0,1,0,0,0,1,0,0,1,0,0,1
4,4506740,1,8.00,A,A,2,0,1,0,0,1,0,0,0,1,0,0,1,0,0,0
4,4506023,1,8.00,A,A,2,1,0,0,0,1,0,0,0,1,0,0,1,0,0,1
4,4505963,1,8.00,A,A,2,1,0,0,0,1,0,0,0,1,0,0,1,0,0,1
4,4506313,1,4.00,A,A,2,0,1,0,0,1,0,0,0,1,0,0,1,0,0,0
4,4506861,1,8.00,A,A,2,0,1,0,0,1,0,0,0,1,0,0,1,0,0,0
4,4506571,1,6.00,A,A,2,0,1,0,0,1,0,0,0,1,0,0,1,0,0,0
4,4506800,1,4.00,A,A,2,0,1,0,0,1,0,0,0,1,0,0,1,0,0,0
4,4505865,1,6.00,A,A,2,1,0,0,1,0,0,0,0,1,0,0,1,0,0,1
4,4506453,1,6.00,A,A,2,1,0,0,1,0,0,0,0,1,0,0,1,0,0,1
4,4507042,2,12.00,A,A,2,0,1,0,0,1,0,0,0,1,0,0,1,0,0,0
4,4505429,1,4.00,A,A,2,1,0,0,1,0,0,0,0,1,0,0,1,0,0,1
4,4505203,1,8.00,A,A,2,1,0,0,0,1,0,0,0,1,0,0,1,0,0,1
4,4506024,1,6.00,A,A,2,1,0,1,0,0,0,0,0,1,0,0,1,0,0,1
4,4506730,1,6.00,A,A,2,1,0,0,0,1,0,0,0,1,0,0,1,0,0,1
4,4505983,1,8.00,A,A,2,0,1,0,0,1,0,0,0,1,0,0,1,0,0,0
4,4506494,1,4.00,A,A,2,0,1,0,0,1,0,0,0,1,0,0,1,0,0,0
4,4505924,1,8.00,A,A,2,1,0,0,1,0,0,0,0,1,0,0,1,0,0,1
4,4506515,1,10.00,A,A,2,1,0,0,1,0,0,0,0,1,0,0,1,0,0,1
4,4506172,1,10.00,A,A,2,1,0,0,1,0,0,0,0,1,0,0,1,0,0,1
4,4505454,1,6.00,A,A,2,1,0,0,1,0,0,0,0,1,0,0,1,0,0,1
4,4505522,1,8.00,A,A,2,1,0,0,0,1,0,0,0,1,0,0,1,0,0,1
4,4506807,1,6.00,A,A,2,0,1,0,1,0,0,0,0,1,0,0,1,0,0,1
4,4506601,1,2.00,A,A,2,0,1,0,1,0,0,0,0,1,0,1,0,0,0,0
4,4506036,1,6.00,A,A,2,0,1,0,1,0,0,0,0,1,0,1,0,0,0,0
4,4505940,1,2.00,A,A,1,0,1,0,0,0,0,0,0,1,0,0,0,0,0,0
4,4506401,1,2.00,A,A,1,0,1,0,0,0,0,0,0,1,0,0,0,0,0,0
4,4506214,1,2.00,A,A,1,0,1,0,0,0,0,0,0,1,0,0,0,0,0,0
4,4506769,1,6.00,A,A,1,0,1,0,0,0,0,0,0,1,0,0,0,0,0,0
4,4505939,1,4.00,A,A,1,0,1,0,0,0,0,0,0,1,0,0,0,0,0,0
4,4506553,1,8.00,A,A,1,0,1,0,0,0,0,0,0,1,0,0,0,0,0,0
4,4506552,2,16.00,A,A,1,0,1,0,0,0,0,0,0,1,0,0,0,0,0,0
4,4506184,1,4.00,A,A,1,0,1,0,0,0,0,0,0,1,0,0,0,0,0,0
4,4505999,1,8.00,A,A,1,0,1,0,0,0,0,0,0,1,0,0,0,0,0,0
4,4506462,1,3.00,A,A,1,0,1,0,0,0,0,0,0,1,0,0,0,0,0,0
4,4505891,1,4.00,A,A,1,0,1,0,0,0,0,0,0,1,0,0,0,0,0,0
4,4506276,1,8.00,A,A,1,0,1,0,0,0,0,0,0,1,0,0,0,0,0,0
4,4506339,4,32.00,A,A,1,0,1,0,0,0,0,0,0,1,0,0,0,0,0,0
4,4506092,1,4.00,A,A,1,0,1,0,0,0,0,0,0,1,0,0,0,0,0,0
4,4506400,1,4.00,A,A,1,0,1,0,0,0,0,0,0,1,0,0,0,0,0,0
4,4507538,1,8.00,A,A,1,0,0,0,1,0,0,0,0,1,0,0,0,0,0,1
4,4507558,1,4.00,A,A,1,0,0,0,1,0,0,0,0,1,0,0,0,0,0,1
4,4506645,1,4.00,A,A,1,0,1,0,0,0,0,0,0,1,0,0,0,0,0,0
4,4506030,1,6.00,A,A,1,0,1,0,0,0,0,0,0,1,0,0,0,0,0,0
4,4506031,2,16.00,A,A,1,0,1,0,0,0,0,0,0,1,0,0,0,0,0,0
4,4506708,1,4.00,A,A,1,0,1,0,0,0,0,0,0,1,0,0,0,0,0,0
4,4506554,1,4.00,A,A,1,0,1,0,0,0,0,0,0,1,0,0,0,0,0,0
4,4506215,1,8.00,A,A,1,0,1,0,0,0,0,0,0,1,0,0,0,0,0,0
4,4506213,1,6.00,A,A,1,0,1,0,0,0,0,0,0,1,0,0,0,0,0,0
4,4506647,1,8.00,A,A,1,0,1,0,0,0,0,0,0,1,0,0,0,0,0,0
4,4505972,1,2.00,A,A,1,0,1,0,0,0,0,0,0,1,0,0,0,0,0,0
4,4506122,1,4.00,A,A,1,0,1,0,0,0,0,0,0,1,0,0,0,0,0,0
4,4507356,1,4.00,A,A,1,0,0,0,1,0,0,0,0,1,0,0,0,0,0,1
4,4506512,1,3.00,A,A,1,0,0,1,0,0,0,0,0,1,0,0,0,0,0,1
4,4506790,1,6.00,A,A,1,0,0,1,0,0,0,0,0,1,0,0,0,0,0,1
4,4506370,1,4.00,A,A,1,0,1,0,0,0,0,0,0,1,0,0,0,0,0,0
4,4506768,1,4.00,A,A,1,0,1,0,0,0,0,0,0,1,0,0,0,0,0,0
4,4507278,1,8.00,A,A,1,0,0,0,1,0,0,0,0,1,0,0,0,0,0,1
4,4507252,1,8.00,A,A,1,0,0,0,1,0,0,0,0,1,0,0,0,0,0,1
4,4507378,1,2.00,A,A,1,0,0,0,1,0,0,0,0,1,0,0,0,0,0,1
4,4506697,1,2.00,A,A,1,0,0,1,0,0,0,0,0,1,0,0,0,0,0,1
4,4506337,2,16.00,A,A,1,0,1,0,0,0,0,0,0,1,0,0,0,0,0,0
4,4506121,1,8.00,A,A,1,0,1,0,0,0,0,0,0,1,0,0,0,0,0,0
4,4505725,1,4.00,A,A,1,1,0,0,0,0,0,0,0,1,0,0,0,0,0,1
4,4505317,1,6.00,A,A,1,1,0,0,0,0,0,0,0,1,0,0,0,0,0,1
4,4507305,1,4.00,A,A,1,0,0,0,1,0,0,0,0,1,0,0,0,0,0,1
4,4506061,1,6.00,A,A,1,0,1,0,0,0,0,0,0,1,0,0,0,0,0,0
4,4506183,1,4.00,A,A,1,0,1,0,0,0,0,0,0,1,0,0,0,0,0,0
4,4506489,1,4.00,A,A,1,0,1,0,0,0,0,0,0,1,0,0,0,0,0,0
4,4506450,1,4.00,A,A,1,0,0,1,0,0,0,0,0,1,0,0,0,0,0,1
4,4507102,1,4.00,A,A,1,0,0,1,0,0,0,0,0,1,0,0,0,0,0,1
4,4506603,1,4.00,A,A,1,0,0,1,0,0,0,0,0,1,0,0,0,0,0,1
4,4506729,1,4.00,A,A,1,0,0,1,0,0,0,0,0,1,0,0,0,0,0,1
4,4506262,1,2.00,A,A,1,0,0,1,0,0,0,0,0,1,0,0,0,0,0,1
4,4507391,1,2.00,A,A,1,0,0,1,0,0,0,0,0,1,0,0,0,0,0,1
4,4507331,1,3.00,A,A,1,0,0,0,1,0,0,0,0,1,0,0,0,0,0,1
4,4507402,1,3.00,A,A,1,0,0,0,1,0,0,0,0,1,0,0,0,0,0,1
4,4506617,1,4.00,A,A,1,0,1,0,0,0,0,0,0,1,0,0,0,0,0,0
4,4507053,1,2.00,A,A,1,0,0,0,1,0,0,0,0,1,0,0,0,0,0,1
4,4507015,1,2.00,A,A,1,0,0,1,0,0,0,0,0,1,0,0,0,0,0,1
4,4507158,1,4.00,A,A,1,0,0,1,0,0,0,0,0,1,0,0,0,0,0,1
4,4506872,1,2.00,A,A,1,0,0,1,0,0,0,0,0,1,0,0,0,0,0,1
4,4507345,1,2.00,A,A,1,0,0,1,0,0,0,0,0,1,0,0,0,0,0,1
4,4506128,1,2.00,A,A,1,0,1,0,0,0,0,0,0,1,0,0,0,0,0,0
4,4505893,1,8.00,A,A,1,0,1,0,0,0,0,0,0,1,0,0,0,0,0,0
4,4507617,1,2.00,A,A,1,0,0,0,1,0,0,0,0,1,0,0,0,0,0,1
4,4505682,1,6.00,A,A,1,1,0,0,0,0,0,0,0,1,0,0,0,0,0,1
4,4506558,1,2.00,A,A,1,0,1,0,0,0,0,0,0,1,0,0,0,0,0,0
4,4506406,1,4.00,A,A,1,0,1,0,0,0,0,0,0,1,0,0,0,0,0,0
4,4507516,1,2.00,A,A,1,0,0,0,1,0,0,0,0,1,0,0,0,0,0,1
4,4506064,1,8.00,A,A,1,0,1,0,0,0,0,0,0,1,0,0,0,0,0,0
4,4506651,1,2.00,A,A,1,0,1,0,0,0,0,0,0,1,0,0,0,0,0,0
4,4507287,1,3.00,A,A,1,0,0,0,0,1,0,0,0,1,0,0,0,0,0,1
4,4507341,1,8.00,A,A,1,0,0,0,0,1,0,0,0,1,0,0,0,0,0,1
4,4507073,1,2.00,A,A,1,0,0,1,0,0,0,0,0,1,0,0,0,0,0,1
4,4506964,1,2.00,A,A,1,0,0,0,1,0,0,0,0,1,0,0,0,0,0,1
4,4505512,1,2.00,A,A,1,1,0,0,0,0,0,0,0,1,0,0,0,0,0,1
4,4506094,1,2.00,A,A,1,0,1,0,0,0,0,0,0,1,0,0,0,0,0,0
4,4507401,1,6.00,A,A,1,0,0,0,1,0,0,0,0,1,0,0,0,0,0,1
4,4506994,1,4.00,A,A,1,0,0,0,1,0,0,0,0,1,0,0,0,0,0,1
4,4506124,1,6.00,A,A,1,0,1,0,0,0,0,0,0,1,0,0,0,0,0,0
4,4506159,1,2.00,A,A,1,0,1,0,0,0,0,0,0,1,0,0,0,0,0,0
4,4507598,1,2.00,A,A,1,0,0,0,1,0,0,0,0,1,0,0,0,0,0,1
4,4506186,1,3.00,A,A,1,0,1,0,0,0,0,0,0,1,0,0,0,0,0,0
4,4507251,1,2.00,A,A,1,0,0,0,1,0,0,0,0,1,0,0,0,0,0,1
4,4507304,1,6.00,A,A,1,0,0,0,1,0,0,0,0,1,0,0,0,0,0,1
4,4506824,1,8.00,A,A,1,0,1,0,0,0,0,0,0,1,0,0,0,0,0,0
4,4507168,1,6.00,A,A,1,0,0,0,1,0,0,0,0,1,0,0,0,0,0,1
4,4506530,1,2.00,A,A,1,0,1,0,0,0,0,0,0,1,0,0,0,0,0,0
4,4506819,1,4.00,A,A,1,0,0,1,0,0,0,0,0,1,0,0,0,0,0,1
4,4506801,1,2.00,A,A,1,0,1,0,0,0,0,0,0,1,0,0,0,0,0,0
4,4505976,1,3.00,A,A,1,0,1,0,0,0,0,0,0,1,0,0,0,0,0,0
4,4506325,1,3.00,A,A,1,0,0,1,0,0,0,0,0,1,0,0,0,0,0,1
4,4507268,1,4.00,A,A,1,0,0,1,0,0,0,0,0,1,0,0,0,0,0,1
4,4507320,1,2.00,A,A,1,0,0,1,0,0,0,0,0,1,0,0,0,0,0,1
4,4505941,1,2.00,A,A,1,0,1,0,0,0,0,0,0,1,0,0,0,0,0,0
4,4506574,1,4.00,A,A,1,0,0,1,0,0,0,0,0,1,0,0,0,0,0,1
4,4507240,1,2.00,A,A,1,0,0,1,0,0,0,0,0,1,0,0,0,0,0,1
4,4506343,1,2.00,A,A,1,0,1,0,0,0,0,0,0,1,0,0,0,0,0,0
4,4506856,1,2.00,A,A,1,0,1,0,0,0,0,0,0,1,0,0,0,0,0,0
4,4506893,1,8.00,A,A,1,0,0,1,0,0,0,0,0,1,0,0,0,0,0,1
4,4507294,1,8.00,A,A,1,0,0,1,0,0,0,0,0,1,0,0,0,0,0,1
4,4506757,1,2.00,A,A,1,0,0,1,0,0,0,0,0,1,0,0,0,0,0,1
4,4507425,1,2.00,A,A,1,0,0,0,1,0,0,0,0,1,0,0,0,0,0,1
4,4506984,1,2.00,A,A,1,0,0,1,0,0,0,0,0,1,0,0,0,0,0,1
4,4506840,1,4.00,A,A,1,0,0,1,0,0,0,0,0,1,0,0,0,0,0,1
4,4505920,1,4.00,A,A,1,0,1,0,0,0,0,0,0,1,0,0,0,0,0,0
4,4506324,1,8.00,A,A,1,0,0,1,0,0,0,0,0,1,0,0,0,0,0,1
4,4506221,1,2.00,A,A,1,0,1,0,0,0,0,0,0,1,0,0,0,0,0,0
4,4507330,1,6.00,A,A,1,0,0,0,1,0,0,0,0,1,0,0,0,0,0,1
4,4506854,1,2.00,A,A,1,0,1,0,0,0,0,0,0,1,0,0,0,0,0,0
4,4506006,1,6.00,A,A,1,0,1,0,0,0,0,0,0,1,0,0,0,0,0,0
4,4506925,1,4.00,A,A,1,0,0,1,0,0,0,0,0,1,0,0,0,0,0,1
4,4507267,1,6.00,A,A,1,0,0,1,0,0,0,0,0,1,0,0,0,0,0,1
4,4506219,1,8.00,A,A,1,0,1,0,0,0,0,0,0,1,0,0,0,0,0,0
4,4507464,1,6.00,A,A,1,0,0,1,0,0,0,0,0,1,0,0,0,0,0,1
4,4506191,1,2.00,A,A,1,0,1,0,0,0,0,0,0,1,0,0,0,0,0,0
4,4506161,1,8.00,A,A,1,0,1,0,0,0,0,0,0,1,0,0,0,0,0,0
4,4506653,1,4.00,A,A,1,0,1,0,0,0,0,0,0,1,0,0,0,0,0,0
4,4506818,1,4.00,A,A,1,0,0,1,0,0,0,0,0,1,0,0,0,0,0,1
4,4506680,1,2.00,A,A,1,0,1,0,0,0,0,0,0,1,0,0,0,0,0,0
4,4506155,1,4.00,A,A,1,0,1,0,0,0,0,0,0,1,0,0,0,0,0,0
4,4506604,1,6.00,A,A,1,0,0,1,0,0,0,0,0,1,0,0,0,0,0,1
4,4507171,1,8.00,A,A,1,0,0,0,1,0,0,0,0,1,0,0,0,0,0,1
4,4506904,1,8.00,A,A,1,0,0,0,1,0,0,0,0,1,0,0,0,0,0,1
4,4507113,2,8.00,A,A,1,0,0,0,1,0,0,0,0,1,0,0,0,0,0,1
4,4506130,1,2.00,A,A,1,0,1,0,0,0,0,0,0,1,0,0,0,0,0,0
4,4506283,1,6.00,A,A,1,0,1,0,0,0,0,0,0,1,0,0,0,0,0,0
4,4506470,1,8.00,A,A,1,0,1,0,0,0,0,0,0,1,0,0,0,0,0,0
4,4506826,1,2.00,A,A,1,0,1,0,0,0,0,0,0,1,0,0,0,0,0,0
4,4506345,1,10.00,A,A,1,0,1,0,0,0,0,0,0,1,0,0,0,0,0,0
4,4505449,3,24.00,A,A,1,1,0,0,0,0,0,0,0,1,0,0,0,0,0,1
4,4506100,1,2.00,A,A,1,0,1,0,0,0,0,0,0,1,0,0,0,0,0,0
4,4507074,1,6.00,A,A,1,0,0,1,0,0,0,0,0,1,0,0,0,0,0,1
4,4506714,1,6.00,A,A,1,0,1,0,0,0,0,0,0,1,0,0,0,0,0,0
4,4506852,1,4.00,A,A,1,0,0,0,1,0,0,0,0,1,0,0,0,0,0,1
4,4507044,1,4.00,A,A,1,0,0,1,0,0,0,0,0,1,0,0,0,0,0,1
4,4507497,1,8.00,A,A,1,0,0,0,1,0,0,0,0,1,0,0,0,0,0,1
4,4507332,1,3.00,A,A,1,0,0,0,1,0,0,0,0,1,0,0,0,0,0,1
4,4507370,1,2.00,A,A,1,0,0,1,0,0,0,0,0,1,0,0,0,0,0,1
4,4506437,1,2.00,A,A,1,0,1,0,0,0,0,0,0,1,0,0,0,0,0,0
4,4505273,1,8.00,A,A,1,1,0,0,0,0,0,0,0,1,0,0,0,0,0,1
4,4507115,1,4.00,A,A,1,0,0,0,1,0,0,0,0,1,0,0,0,0,0,1
4,4507085,1,4.00,A,A,1,0,0,0,1,0,0,0,0,1,0,0,0,0,0,1
4,4506590,1,2.00,A,A,1,0,1,0,0,0,0,0,0,1,0,0,0,0,0,0
4,4507016,1,6.00,A,A,1,0,0,1,0,0,0,0,0,1,0,0,0,0,0,1
4,4507559,1,2.00,A,A,1,0,0,0,1,0,0,0,0,1,0,0,0,0,0,1
4,4506758,1,8.00,A,A,1,0,0,1,0,0,0,0,0,1,0,0,0,0,0,1
4,4507346,1,6.00,A,A,1,0,0,1,0,0,0,0,0,1,0,0,0,0,0,1
4,4506791,1,4.00,A,A,1,0,0,1,0,0,0,0,0,1,0,0,0,0,0,1
4,4507392,1,6.00,A,A,1,0,0,1,0,0,0,0,0,1,0,0,0,0,0,1
4,4506985,1,6.00,A,A,1,0,0,1,0,0,0,0,0,1,0,0,0,0,0,1
4,4506654,1,8.00,A,A,1,0,1,0,0,0,0,0,0,1,0,0,0,0,0,0
4,4506841,1,4.00,A,A,1,0,0,1,0,0,0,0,0,1,0,0,0,0,0,1
4,4506192,1,8.00,A,A,1,0,1,0,0,0,0,0,0,1,0,0,0,0,0,0
4,4507295,1,6.00,A,A,1,0,0,1,0,0,0,0,0,1,0,0,0,0,0,1
4,4506070,1,2.00,A,A,1,0,1,0,0,0,0,0,0,1,0,0,0,0,0,0
4,4507539,1,3.00,A,A,1,0,0,0,1,0,0,0,0,1,0,0,0,0,0,1
4,4507198,1,8.00,A,A,1,0,0,0,1,0,0,0,0,1,0,0,0,0,0,1
4,4507441,1,6.00,A,A,1,0,0,1,0,0,0,0,0,1,0,0,0,0,0,1
4,4506997,1,4.00,A,A,1,0,0,0,1,0,0,0,0,1,0,0,0,0,0,1
4,4506926,1,4.00,A,A,1,0,0,1,0,0,0,0,0,1,0,0,0,0,0,1
4,4506743,1,4.00,A,A,1,0,1,0,0,0,0,0,0,1,0,0,0,0,0,0
4,4507104,1,4.00,A,A,1,0,0,1,0,0,0,0,0,1,0,0,0,0,0,1
4,4507132,1,3.00,A,A,1,0,0,1,0,0,0,0,0,1,0,0,0,0,0,1
4,4507187,1,6.00,A,A,1,0,0,1,0,0,0,0,0,1,0,0,0,0,0,1
4,4507269,1,6.00,A,A,1,0,0,1,0,0,0,0,0,1,0,0,0,0,0,1
4,4506858,1,2.00,A,A,1,0,1,0,0,0,0,0,0,1,0,0,0,0,0,0
4,4506591,1,8.00,A,A,1,0,1,0,0,0,0,0,0,1,0,0,0,0,0,0
4,4506326,1,4.00,A,A,1,0,0,1,0,0,0,0,0,1,0,0,0,0,0,1
4,4507214,2,6.00,A,A,1,0,0,1,0,0,0,0,0,1,0,0,0,0,0,1
4,4505901,1,6.00,A,A,1,1,0,0,0,0,0,0,0,1,0,0,0,0,0,1
4,4506605,1,8.00,A,A,1,0,0,1,0,0,0,0,0,1,0,0,0,0,0,1
4,4506956,1,8.00,A,A,1,0,0,1,0,0,0,0,0,1,0,0,0,0,0,1
4,4505592,1,2.00,A,A,1,1,0,0,0,0,0,0,0,1,0,0,0,0,0,1
4,4506561,1,4.00,A,A,1,0,1,0,0,0,0,0,0,1,0,0,0,0,0,0
4,4506193,1,8.00,A,A,1,0,1,0,0,0,0,0,0,1,0,0,0,0,0,0
4,4506071,1,4.00,A,A,1,0,1,0,0,0,0,0,0,1,0,0,0,0,0,0
4,4507159,1,2.00,A,A,1,0,0,1,0,0,0,0,0,1,0,0,0,0,0,1
4,4507580,1,4.00,A,A,1,0,0,0,1,0,0,0,0,1,0,0,0,0,0,1
4,4506744,1,4.00,A,A,1,0,1,0,0,0,0,0,0,1,0,0,0,0,0,0
4,4506938,1,6.00,A,A,1,0,0,0,1,0,0,0,0,1,0,0,0,0,0,1
4,4507357,1,2.00,A,A,1,0,0,0,1,0,0,0,0,1,0,0,0,0,0,1
4,4507279,1,8.00,A,A,1,0,0,0,1,0,0,0,0,1,0,0,0,0,0,1
4,4507428,1,8.00,A,A,1,0,0,0,1,0,0,0,0,1,0,0,0,0,0,1
4,4506438,1,2.00,A,A,1,0,1,0,0,0,0,0,0,1,0,0,0,0,0,0
4,4507322,1,6.00,A,A,1,0,0,1,0,0,0,0,0,1,0,0,0,0,0,1
4,4506907,1,2.00,A,A,1,0,0,0,1,0,0,0,0,1,0,0,0,0,0,1
4,4507170,1,2.00,A,A,1,0,0,0,1,0,0,0,0,1,0,0,0,0,0,1
4,4506623,1,4.00,A,A,1,0,1,0,0,0,0,0,0,1,0,0,0,0,0,0
4,4507242,1,6.00,A,A,1,0,0,1,0,0,0,0,0,1,0,0,0,0,0,1
4,4506927,1,6.00,A,A,1,0,0,1,0,0,0,0,0,1,0,0,0,0,0,1
4,4506496,1,8.00,A,A,1,0,1,0,0,0,0,0,0,1,0,0,0,0,0,0
4,4505204,1,3.00,A,A,1,1,0,0,0,0,0,0,0,1,0,0,0,0,0,1
4,4506163,1,2.00,A,A,1,0,1,0,0,0,0,0,0,1,0,0,0,0,0,0
4,4506037,1,6.00,A,A,1,0,1,0,0,0,0,0,0,1,0,0,0,0,0,0
4,4506263,1,8.00,A,A,1,0,0,1,0,0,0,0,0,1,0,0,0,0,0,1
4,4506955,1,4.00,A,A,1,0,0,1,0,0,0,0,0,1,0,0,0,0,0,1
4,4506499,1,3.00,A,A,1,0,1,0,0,0,0,0,0,1,0,0,0,0,0,0
4,4506008,1,8.00,A,A,1,0,1,0,0,0,0,0,0,1,0,0,0,0,0,0
4,4506409,1,3.00,A,A,1,0,1,0,0,0,0,0,0,1,0,0,0,0,0,0
4,4506379,1,2.00,A,A,1,0,1,0,0,0,0,0,0,1,0,0,0,0,0,0
4,4505385,1,8.00,A,A,1,1,0,0,0,0,0,0,0,1,0,0,0,0,0,1
4,4506857,1,2.00,A,A,1,0,1,0,0,0,0,0,0,1,0,0,0,0,0,0
4,4505466,2,12.00,A,A,1,1,0,0,0,0,0,0,0,1,0,0,0,0,0,1
4,4506957,1,8.00,A,A,1,0,0,1,0,0,0,0,0,1,0,0,0,0,0,1
4,4507142,1,8.00,A,A,1,0,0,0,1,0,0,0,0,1,0,0,0,0,0,1
4,4506966,1,6.00,A,A,1,0,0,0,1,0,0,0,0,1,0,0,0,0,0,1
4,4507530,1,4.00,A,A,1,0,0,1,0,0,0,0,0,1,0,0,0,0,0,1
4,4507188,1,8.00,A,A,1,0,0,1,0,0,0,0,0,1,0,0,0,0,0,1
4,4507416,1,4.00,A,A,1,0,0,1,0,0,0,0,0,1,0,0,0,0,0,1
4,4506007,1,4.00,A,A,1,0,1,0,0,0,0,0,0,1,0,0,0,0,0,0
4,4507403,1,6.00,A,A,1,0,0,0,1,0,0,0,0,1,0,0,0,0,0,1
4,4506715,1,4.00,A,A,1,0,1,0,0,0,0,0,0,1,0,0,0,0,0,0
4,4506683,1,2.00,A,A,1,0,1,0,0,0,0,0,0,1,0,0,0,0,0,0
4,4507380,1,2.00,A,A,1,0,0,0,1,0,0,0,0,1,0,0,0,0,0,1
4,4506895,1,4.00,A,A,1,0,0,1,0,0,0,0,0,1,0,0,0,0,0,1
4,4507224,1,8.00,A,A,1,0,0,0,1,0,0,0,0,1,0,0,0,0,0,1
4,4507215,1,4.00,A,A,1,0,0,1,0,0,0,0,0,1,0,0,0,0,0,1
4,4506012,1,4.00,A,A,1,0,1,0,0,0,0,0,0,1,0,0,0,0,0,0
4,4506167,1,2.00,A,A,1,0,1,0,0,0,0,0,0,1,0,0,0,0,0,0
4,4507131,1,4.00,A,A,1,0,0,1,0,0,0,0,0,1,0,0,0,0,0,1
4,4506222,1,6.00,A,A,1,0,1,0,0,0,0,0,0,1,0,0,0,0,0,0
4,4506808,1,2.00,A,A,1,0,1,0,0,0,0,0,0,1,0,0,0,0,0,0
4,4507508,1,2.00,A,A,1,0,0,1,0,0,0,0,0,1,0,0,0,0,0,1
4,4505295,1,4.00,A,A,1,1,0,0,0,0,0,0,0,1,0,0,0,0,0,1
4,4507103,1,4.00,A,A,1,0,0,1,0,0,0,0,0,1,0,0,0,0,0,1
4,4507026,1,4.00,A,A,1,0,0,0,1,0,0,0,0,1,0,0,0,0,0,1
4,4507413,1,2.00,A,A,1,0,0,0,0,1,0,0,0,1,0,0,0,0,0,1
4,4507297,1,8.00,A,A,1,0,0,1,0,0,0,0,0,1,0,0,0,0,0,1
4,4507579,1,6.00,A,A,1,0,0,0,1,0,0,0,0,1,0,0,0,0,0,1
4,4507427,1,4.00,A,A,1,0,0,0,1,0,0,0,0,1,0,0,0,0,0,1
4,4506987,1,4.00,A,A,1,0,0,1,0,0,0,0,0,1,0,0,0,0,0,1
4,4506986,1,3.00,A,A,1,0,0,1,0,0,0,0,0,1,0,0,0,0,0,1
4,4506874,1,4.00,A,A,1,0,0,1,0,0,0,0,0,1,0,0,0,0,0,1
4,4507466,1,2.00,A,A,1,0,0,1,0,0,0,0,0,1,0,0,0,0,0,1
4,4507488,1,2.00,A,A,1,0,0,1,0,0,0,0,0,1,0,0,0,0,0,1
4,4507324,1,3.00,A,A,1,0,0,1,0,0,0,0,0,1,0,0,0,0,0,1
4,4506897,1,2.00,A,A,1,0,0,1,0,0,0,0,0,1,0,0,0,0,0,1
4,4507599,2,12.00,A,A,1,0,0,0,1,0,0,0,0,1,0,0,0,0,0,1
4,4507600,1,6.00,A,A,1,0,0,0,1,0,0,0,0,1,0,0,0,0,0,1
4,4506228,1,8.00,A,A,1,0,1,0,0,0,0,0,0,1,0,0,0,0,0,0
4,4507076,1,6.00,A,A,1,0,0,1,0,0,0,0,0,1,0,0,0,0,0,1
4,4507161,1,2.00,A,A,1,0,0,1,0,0,0,0,0,1,0,0,0,0,0,1
4,4507321,1,2.00,A,A,1,0,0,1,0,0,0,0,0,1,0,0,0,0,0,1
4,4507348,1,2.00,A,A,1,0,0,1,0,0,0,0,0,1,0,0,0,0,0,1
4,4507141,1,4.00,A,A,1,0,0,0,1,0,0,0,0,1,0,0,0,0,0,1
4,4507056,1,4.00,A,A,1,0,0,0,1,0,0,0,0,1,0,0,0,0,0,1
4,4506821,1,4.00,A,A,1,0,0,1,0,0,0,0,0,1,0,0,0,0,0,1
4,4506413,1,4.00,A,A,1,0,1,0,0,0,0,0,0,1,0,0,0,0,0,0
4,4507619,1,8.00,A,A,1,0,0,0,1,0,0,0,0,1,0,0,0,0,0,1
4,4506316,1,2.00,A,A,1,0,1,0,0,0,0,0,0,1,0,0,0,0,0,0
4,4507196,1,8.00,A,A,1,0,0,0,1,0,0,0,0,1,0,0,0,0,0,1
4,4507372,1,6.00,A,A,1,0,0,1,0,0,0,0,0,1,0,0,0,0,0,1
4,4506158,1,6.00,A,A,1,0,1,0,0,0,0,0,0,1,0,0,0,0,0,0
4,4506843,1,4.00,A,A,1,0,0,1,0,0,0,0,0,1,0,0,0,0,0,1
4,4506760,1,8.00,A,A,1,0,0,1,0,0,0,0,0,1,0,0,0,0,0,1
4,4507509,1,8.00,A,A,1,0,0,1,0,0,0,0,0,1,0,0,0,0,0,1
4,4505401,1,2.00,A,A,1,1,0,0,0,0,0,0,0,1,0,0,0,0,0,1
4,4506883,1,6.00,A,A,1,0,0,0,1,0,0,0,0,1,0,0,0,0,0,1
4,4506996,1,4.00,A,A,1,0,0,0,1,0,0,0,0,1,0,0,0,0,0,1
4,4505769,1,2.00,A,A,1,1,0,0,0,0,0,0,0,1,0,0,0,0,0,1
4,4505342,1,6.00,A,A,1,1,0,0,0,0,0,0,0,1,0,0,0,0,0,1
4,4506711,1,4.00,A,A,1,0,1,0,0,0,0,0,0,1,0,0,0,0,0,0
4,4506229,1,2.00,A,A,1,0,1,0,0,0,0,0,0,1,0,0,0,0,0,0
4,4506188,1,3.00,A,A,1,0,1,0,0,0,0,0,0,1,0,0,0,0,0,0
4,4507440,1,2.00,A,A,1,0,0,1,0,0,0,0,0,1,0,0,0,0,0,1
4,4506404,1,2.00,A,A,1,0,1,0,0,0,0,0,0,1,0,0,0,0,0,0
4,4507106,1,4.00,A,A,1,0,0,1,0,0,0,0,0,1,0,0,0,0,0,1
4,4505975,1,6.00,A,A,1,0,1,0,0,0,0,0,0,1,0,0,0,0,0,0
4,4506096,1,4.00,A,A,1,0,1,0,0,0,0,0,0,1,0,0,0,0,0,0
4,4507253,1,2.00,A,A,1,0,0,0,1,0,0,0,0,1,0,0,0,0,0,1
4,4507045,1,8.00,A,A,1,0,0,1,0,0,0,0,0,1,0,0,0,0,0,1
4,4507609,1,2.00,A,A,1,0,0,0,0,1,0,0,0,1,0,0,0,0,0,1
4,4506842,1,8.00,A,A,1,0,0,1,0,0,0,0,0,1,0,0,0,0,0,1
4,4506217,1,6.00,A,A,1,0,1,0,0,0,0,0,0,1,0,0,0,0,0,0
4,4507355,1,8.00,A,A,1,0,0,0,1,0,0,0,0,1,0,0,0,0,0,1
4,4507394,1,4.00,A,A,1,0,0,1,0,0,0,0,0,1,0,0,0,0,0,1
4,4506896,1,3.00,A,A,1,0,0,1,0,0,0,0,0,1,0,0,0,0,0,1
4,4506710,2,16.00,A,A,1,0,1,0,0,0,0,0,0,1,0,0,0,0,0,0
4,4507550,1,3.00,A,A,1,0,0,1,0,0,0,0,0,1,0,0,0,0,0,1
4,4507243,1,4.00,A,A,1,0,0,1,0,0,0,0,0,1,0,0,0,0,0,1
4,4507270,1,4.00,A,A,1,0,0,1,0,0,0,0,0,1,0,0,0,0,0,1
4,4506928,1,2.00,A,A,1,0,0,1,0,0,0,0,0,1,0,0,0,0,0,1
4,4507306,1,6.00,A,A,1,0,0,0,1,0,0,0,0,1,0,0,0,0,0,1
4,4506894,1,6.00,A,A,1,0,0,1,0,0,0,0,0,1,0,0,0,0,0,1
4,4506375,1,3.00,A,A,1,0,1,0,0,0,0,0,0,1,0,0,0,0,0,0
4,4506650,1,4.00,A,A,1,0,1,0,0,0,0,0,0,1,0,0,0,0,0,0
4,4507620,1,4.00,A,A,1,0,0,0,1,0,0,0,0,1,0,0,0,0,0,1
4,4506965,1,8.00,A,A,1,0,0,0,1,0,0,0,0,1,0,0,0,0,0,1
4,4507417,1,4.00,A,A,1,0,0,1,0,0,0,0,0,1,0,0,0,0,0,1
4,4507442,1,4.00,A,A,1,0,0,1,0,0,0,0,0,1,0,0,0,0,0,1
4,4505974,1,4.00,A,A,1,0,1,0,0,0,0,0,0,1,0,0,0,0,0,0
4,4507133,1,2.00,A,A,1,0,0,1,0,0,0,0,0,1,0,0,0,0,0,1
4,4506678,1,2.00,A,A,1,0,1,0,0,0,0,0,0,1,0,0,0,0,0,0
4,4506772,1,6.00,A,A,1,0,1,0,0,0,0,0,0,1,0,0,0,0,0,0
4,4507389,1,8.00,A,A,1,0,0,0,0,1,0,0,0,1,0,0,0,0,0,1
4,4506619,1,4.00,A,A,1,0,1,0,0,0,0,0,0,1,0,0,0,0,0,0
4,4506374,1,4.00,A,A,1,0,1,0,0,0,0,0,0,1,0,0,0,0,0,0
4,4506288,2,12.00,A,A,1,0,1,0,0,0,0,0,0,1,0,0,0,0,0,0
4,4506289,1,6.00,A,A,1,0,0,0,0,1,0,0,0,1,0,0,0,0,0,1
4,4507116,1,8.00,A,A,1,0,0,0,1,0,0,0,0,1,0,0,0,0,0,1
4,4507475,1,8.00,A,A,1,0,0,0,1,0,0,0,0,1,0,0,0,0,0,1
4,4506341,1,2.00,A,A,1,0,1,0,0,0,0,0,0,1,0,0,0,0,0,0
4,4507134,1,6.00,A,A,1,0,0,1,0,0,0,0,0,1,0,0,0,0,0,1
4,4506528,1,4.00,A,A,1,0,1,0,0,0,0,0,0,1,0,0,0,0,0,0
4,4506465,1,4.00,A,A,1,0,1,0,0,0,0,0,0,1,0,0,0,0,0,0
4,4507371,1,4.00,A,A,1,0,0,1,0,0,0,0,0,1,0,0,0,0,0,1
4,4506586,1,6.00,A,A,1,0,1,0,0,0,0,0,0,1,0,0,0,0,0,0
4,4506618,1,2.00,A,A,1,0,1,0,0,0,0,0,0,1,0,0,0,0,0,0
4,4506719,1,4.00,A,A,1,0,1,0,0,0,0,0,0,1,0,0,0,0,0,0
4,4507075,1,4.00,A,A,1,0,0,1,0,0,0,0,0,1,0,0,0,0,0,1
4,4506434,1,3.00,A,A,1,0,1,0,0,0,0,0,0,1,0,0,0,0,0,0
4,4506034,1,4.00,A,A,1,0,1,0,0,0,0,0,0,1,0,0,0,0,0,0
4,4507347,1,2.00,A,A,1,0,0,1,0,0,0,0,0,1,0,0,0,0,0,1
4,4506126,1,4.00,A,A,1,0,1,0,0,0,0,0,0,1,0,0,0,0,0,0
4,4507234,1,18.00,A,A,1,0,0,0,0,1,0,0,0,1,0,0,0,0,0,1
4,4506939,1,6.00,A,A,1,0,0,0,1,0,0,0,0,1,0,0,0,0,0,1
4,4506306,1,8.00,A,A,1,0,1,0,0,0,0,0,0,1,0,0,0,0,0,0
4,4506466,1,6.00,A,A,1,0,1,0,0,0,0,0,0,1,0,0,0,0,0,0
4,4505922,1,4.00,A,A,1,0,1,0,0,0,0,0,0,1,0,0,0,0,0,0
4,4507465,1,3.00,A,A,1,0,0,1,0,0,0,0,0,1,0,0,0,0,0,1
4,4505537,1,3.00,A,A,1,1,0,0,0,0,0,0,0,1,0,0,0,0,0,1
4,4506189,1,6.00,A,A,1,0,1,0,0,0,0,0,0,1,0,0,0,0,0,0
4,4506823,1,6.00,A,A,1,0,1,0,0,0,0,0,0,1,0,0,0,0,0,0
4,4506851,1,4.00,A,A,1,0,0,0,1,0,0,0,0,1,0,0,0,0,0,1
4,4507225,1,4.00,A,A,1,0,0,0,1,0,0,0,0,1,0,0,0,0,0,1
4,4505944,1,8.00,A,A,1,0,1,0,0,0,0,0,0,1,0,0,0,0,0,0
4,4507254,1,6.00,A,A,1,0,0,0,1,0,0,0,0,1,0,0,0,0,0,1
4,4506067,1,4.00,A,A,1,0,1,0,0,0,0,0,0,1,0,0,0,0,0,0
4,4507571,1,4.00,A,A,1,0,0,1,0,0,0,0,0,1,0,0,0,0,0,1
4,4507453,1,10.00,A,A,1,0,0,0,1,0,0,0,0,1,0,0,0,0,0,1
4,4506002,1,4.00,A,A,1,0,1,0,0,0,0,0,0,1,0,0,0,0,0,0
4,4506244,1,8.00,A,A,1,0,1,0,0,0,0,0,0,1,0,0,0,0,0,0
4,4505921,1,2.00,A,A,1,0,1,0,0,0,0,0,0,1,0,0,0,0,0,0
4,4506279,1,8.00,A,A,1,0,1,0,0,0,0,0,0,1,0,0,0,0,0,0
4,4506527,1,6.00,A,A,1,0,1,0,0,0,0,0,0,1,0,0,0,0,0,0
4,4506799,1,2.00,A,A,1,0,1,0,0,0,0,0,0,1,0,0,0,0,0,0
4,4506187,1,2.00,A,A,1,0,1,0,0,0,0,0,0,1,0,0,0,0,0,0
4,4507307,1,4.00,A,A,1,0,0,0,1,0,0,0,0,1,0,0,0,0,0,1
4,4506065,1,3.00,A,A,1,0,1,0,0,0,0,0,0,1,0,0,0,0,0,0
4,4506373,1,4.00,A,A,1,0,1,0,0,0,0,0,0,1,0,0,0,0,0,0
4,4507381,1,3.00,A,A,1,0,0,0,1,0,0,0,0,1,0,0,0,0,0,1
4,4506677,1,6.00,A,A,1,0,1,0,0,0,0,0,0,1,0,0,0,0,0,0
4,4507519,1,3.00,A,A,1,0,0,0,1,0,0,0,0,1,0,0,0,0,0,1
4,4506648,1,2.00,A,A,1,0,1,0,0,0,0,0,0,1,0,0,0,0,0,0
4,4506095,1,8.00,A,A,1,0,1,0,0,0,0,0,0,1,0,0,0,0,0,0
4,4506493,2,16.00,A,A,1,0,1,0,0,0,0,0,0,1,0,0,0,0,0,0
4,4506216,1,4.00,A,A,1,0,1,0,0,0,0,0,0,1,0,0,0,0,0,0
4,4506433,1,8.00,A,A,1,0,1,0,0,0,0,0,0,1,0,0,0,0,0,0
4,4505942,1,8.00,A,A,1,0,1,0,0,0,0,0,0,1,0,0,0,0,0,0
4,4506125,1,3.00,A,A,1,0,1,0,0,0,0,0,0,1,0,0,0,0,0,0
4,4506403,1,3.00,A,A,1,0,1,0,0,0,0,0,0,1,0,0,0,0,0,0
4,4506156,1,8.00,A,A,1,0,1,0,0,0,0,0,0,1,0,0,0,0,0,0
4,4506709,1,2.00,A,A,1,0,1,0,0,0,0,0,0,1,0,0,0,0,0,0
4,4505973,1,8.00,A,A,1,0,1,0,0,0,0,0,0,1,0,0,0,0,0,0
4,4506771,1,4.00,A,A,1,0,1,0,0,0,0,0,0,1,0,0,0,0,0,0
4,4505900,1,6.00,A,A,1,1,0,0,0,0,0,0,0,1,0,0,0,0,0,1
4,4506555,1,4.00,A,A,1,0,1,0,0,0,0,0,0,1,0,0,0,0,0,0
4,4506659,2,16.00,A,A,1,0,1,0,0,0,0,0,0,1,0,0,0,0,0,0
4,4505611,1,3.00,A,A,1,1,0,0,0,0,0,0,0,1,0,0,0,0,0,1
4,4506280,1,2.00,A,A,1,0,1,0,0,0,0,0,0,1,0,0,0,0,0,0
4,4506243,1,2.00,A,A,1,0,1,0,0,0,0,0,0,1,0,0,0,0,0,0
4,4506066,1,8.00,A,A,1,0,1,0,0,0,0,0,0,1,0,0,0,0,0,0
4,4507498,1,4.00,A,A,1,0,0,0,1,0,0,0,0,1,0,0,0,0,0,1
4,4507443,1,4.00,A,A,1,0,0,1,0,0,0,0,0,1,0,0,0,0,0,1
4,4505863,1,8.00,A,A,1,1,0,0,0,0,0,0,0,1,0,0,0,0,0,1
4,4506853,1,8.00,A,A,1,0,0,0,1,0,0,0,0,1,0,0,0,0,0,1
4,4507195,1,8.00,A,A,1,0,0,0,1,0,0,0,0,1,0,0,0,0,0,1
4,4506830,1,4.00,A,A,1,0,1,0,0,0,0,0,0,1,0,0,0,0,0,0
4,4507296,1,2.00,A,A,1,0,0,1,0,0,0,0,0,1,0,0,0,0,0,1
4,4505272,1,2.00,A,A,1,1,0,0,0,0,0,0,0,1,0,0,0,0,0,1
4,4505899,1,4.00,A,A,1,1,0,0,0,0,0,0,0,1,0,0,0,0,0,1
4,4505538,1,2.00,A,A,1,1,0,0,0,0,0,0,0,1,0,0,0,0,0,1
4,4506595,1,4.00,A,A,1,0,1,0,0,0,0,0,0,1,0,0,0,0,0,0
4,4507517,1,6.00,A,A,1,0,0,0,1,0,0,0,0,1,0,0,0,0,0,1
4,4505360,1,2.00,A,A,1,1,0,0,0,0,0,0,0,1,0,0,0,0,0,1
4,4506621,1,4.00,A,A,1,0,1,0,0,0,0,0,0,1,0,0,0,0,0,0
4,4507052,1,2.00,A,A,1,0,0,0,1,0,0,0,0,1,0,0,0,0,0,1
4,4507536,1,4.00,A,A,1,0,0,0,1,0,0,0,0,1,0,0,0,0,0,1
4,4506377,1,2.00,A,A,1,0,1,0,0,0,0,0,0,1,0,0,0,0,0,0
4,4506884,1,3.00,A,A,1,0,0,0,1,0,0,0,0,1,0,0,0,0,0,1
4,4506589,1,4.00,A,A,1,0,1,0,0,0,0,0,0,1,0,0,0,0,0,0
4,4506035,1,3.00,A,A,1,0,1,0,0,0,0,0,0,1,0,0,0,0,0,0
4,4507276,1,4.00,A,A,1,0,0,0,1,0,0,0,0,1,0,0,0,0,0,1
4,4506469,1,8.00,A,A,1,0,1,0,0,0,0,0,0,1,0,0,0,0,0,0
4,4507577,1,4.00,A,A,1,0,0,0,1,0,0,0,0,1,0,0,0,0,0,1
4,4505978,1,4.00,A,A,1,0,1,0,0,0,0,0,0,1,0,0,0,0,0,0
4,4507527,1,4.00,A,A,1,0,0,0,0,1,0,0,0,1,0,0,0,0,0,1
4,4506882,1,8.00,A,A,1,0,0,0,1,0,0,0,0,1,0,0,0,0,0,1
4,4507114,1,8.00,A,A,1,0,0,0,1,0,0,0,0,1,0,0,0,0,0,1
4,4507025,1,6.00,A,A,1,0,0,0,1,0,0,0,0,1,0,0,0,0,0,1
4,4506074,1,6.00,A,A,1,0,1,0,0,0,0,0,0,1,0,0,0,0,0,0
4,4507494,1,2.00,A,A,1,0,0,0,1,0,0,0,0,1,0,0,0,0,0,1
4,4506871,1,6.00,A,A,1,0,0,1,0,0,0,0,0,1,0,0,0,0,0,1
4,4506636,1,2.00,A,A,1,0,0,1,0,0,0,0,0,1,0,0,0,0,0,1
4,4506850,1,8.00,A,A,1,0,0,0,1,0,0,0,0,1,0,0,0,0,0,1
4,4506713,1,2.00,A,A,1,0,1,0,0,0,0,0,0,1,0,0,0,0,0,0
4,4506381,1,6.00,A,A,1,0,1,0,0,0,0,0,0,1,0,0,0,0,0,0
4,4506657,1,6.00,A,A,1,0,1,0,0,0,0,0,0,1,0,0,0,0,0,0
4,4506069,1,6.00,A,A,1,0,1,0,0,0,0,0,0,1,0,0,0,0,0,0
4,4505634,1,4.00,A,A,1,1,0,0,0,0,0,0,0,1,0,0,0,0,0,1
4,4507262,1,4.00,A,A,1,0,0,0,0,1,0,0,0,1,0,0,0,0,0,1
4,4506881,1,6.00,A,A,1,0,0,0,1,0,0,0,0,1,0,0,0,0,0,1
4,4507083,1,6.00,A,A,1,0,0,0,1,0,0,0,0,1,0,0,0,0,0,1
4,4507112,1,4.00,A,A,1,0,0,0,1,0,0,0,0,1,0,0,0,0,0,1
4,4507140,1,8.00,A,A,1,0,0,0,1,0,0,0,0,1,0,0,0,0,0,1
4,4506287,1,2.00,A,A,1,0,1,0,0,0,0,0,0,1,0,0,0,0,0,0
4,4506135,2,16.00,A,A,1,0,1,0,0,0,0,0,0,1,0,0,0,0,0,0
4,4507618,2,12.00,A,A,1,0,0,0,1,0,0,0,0,1,0,0,0,0,0,1
4,4507223,2,16.00,A,A,1,0,0,0,1,0,0,0,0,1,0,0,0,0,0,1
4,4507379,2,16.00,A,A,1,0,0,0,1,0,0,0,0,1,0,0,0,0,0,1
4,4506686,1,6.00,A,A,1,0,1,0,0,0,0,0,0,1,0,0,0,0,0,0
4,4506344,1,8.00,A,A,1,0,1,0,0,0,0,0,0,1,0,0,0,0,0,0
4,4507487,1,2.00,A,A,1,0,0,1,0,0,0,0,0,1,0,0,0,0,0,1
4,4506681,1,8.00,A,A,1,0,1,0,0,0,0,0,0,1,0,0,0,0,0,0
4,4507495,1,6.00,A,A,1,0,0,0,1,0,0,0,0,1,0,0,0,0,0,1
4,4506825,1,2.00,A,A,1,0,1,0,0,0,0,0,0,1,0,0,0,0,0,0
4,4506936,1,6.00,A,A,1,0,0,0,1,0,0,0,0,1,0,0,0,0,0,1
4,4507578,1,4.00,A,A,1,0,0,0,1,0,0,0,0,1,0,0,0,0,0,1
4,4507094,1,3.00,A,A,1,0,0,0,0,1,0,0,0,1,0,0,0,0,0,1
4,4507537,1,2.00,A,A,1,0,0,0,1,0,0,0,0,1,0,0,0,0,0,1
4,4506308,1,6.00,A,A,1,0,1,0,0,0,0,0,0,1,0,0,0,0,0,0
4,4506652,1,6.00,A,A,1,0,1,0,0,0,0,0,0,1,0,0,0,0,0,0
4,4507638,1,2.00,A,A,1,0,0,0,0,1,0,0,0,1,0,0,0,0,0,1
4,4506160,1,2.00,A,A,1,0,1,0,0,0,0,0,0,1,0,0,0,0,0,0
4,4506855,1,4.00,A,A,1,0,1,0,0,0,0,0,0,1,0,0,0,0,0,0
4,4507461,1,2.00,A,A,1,0,0,0,0,1,0,0,0,1,0,0,0,0,0,1
4,4507473,1,4.00,A,A,1,0,0,0,1,0,0,0,0,1,0,0,0,0,0,1
4,4507412,1,4.00,A,A,1,0,0,0,0,1,0,0,0,1,0,0,0,0,0,1
4,4506946,1,6.00,A,A,1,0,0,0,1,0,0,0,0,1,0,0,0,0,0,1
4,4507484,1,4.00,A,A,1,0,0,0,0,1,0,0,0,1,0,0,0,0,0,1
4,4507178,1,2.00,A,A,1,0,0,0,1,0,0,0,0,1,0,0,0,0,0,1
4,4507063,1,10.00,A,A,1,0,0,0,1,0,0,0,0,1,0,0,0,0,0,1
4,4507207,1,4.00,A,A,1,0,0,0,0,1,0,0,0,1,0,0,0,0,0,1
4,4507621,1,2.00,A,A,1,0,0,0,1,0,0,0,0,1,0,0,0,0,0,1
4,4507482,1,3.00,A,A,1,0,0,0,1,0,0,0,0,1,0,0,0,0,0,1
4,4507454,1,2.00,A,A,1,0,0,0,1,0,0,0,0,1,0,0,0,0,0,1
4,4507201,1,8.00,A,A,1,0,0,0,1,0,0,0,0,1,0,0,0,0,0,1
4,4507334,1,6.00,A,A,1,0,0,0,1,0,0,0,0,1,0,0,0,0,0,1
4,4507396,1,8.00,A,A,1,0,0,1,0,0,0,0,0,1,0,0,0,0,0,1
4,4506696,1,6.00,A,A,1,0,0,1,0,0,0,0,0,1,0,0,0,0,0,1
4,4506295,1,4.00,A,A,1,0,1,0,0,0,0,0,0,1,0,0,0,0,0,0
4,4507468,1,3.00,A,A,1,0,0,1,0,0,0,0,0,1,0,0,0,0,0,1
4,4507012,1,4.00,A,A,1,0,1,0,0,0,0,0,0,1,0,0,0,0,0,0
4,4506787,1,6.00,A,A,1,0,1,0,0,0,0,0,0,1,0,0,0,0,0,0
4,4506468,1,12.00,E,E,1,0,1,0,0,0,0,0,0,1,0,0,0,0,0,0
4,4506463,1,4.00,E,E,1,0,1,0,0,0,0,0,0,1,0,0,0,0,0,0
4,4506063,1,4.00,O,E,1,0,1,0,0,0,0,0,0,1,0,0,0,0,0,1
4,4506556,1,4.00,E,E,1,0,1,0,0,0,0,0,0,1,0,0,0,0,0,0
4,4506491,1,4.00,E,E,1,0,1,0,0,0,0,0,0,1,0,0,0,0,0,0
4,4506097,1,4.00,E,E,1,0,1,0,0,0,0,0,0,1,0,0,0,0,0,0
4,4506310,1,2.00,E,E,1,0,1,0,0,0,0,0,0,1,0,0,0,0,0,0
4,4506093,1,6.00,E,E,1,0,1,0,0,0,0,0,0,1,0,0,0,0,0,0
4,4506371,1,4.00,E,E,1,0,1,0,0,0,0,0,0,1,0,0,0,0,0,0
4,4506154,1,2.00,E,E,1,0,1,0,0,0,0,0,0,1,0,0,0,0,0,0
4,4506040,1,4.00,E,E,1,0,1,0,0,0,0,0,0,1,0,0,0,0,0,0
4,4506615,1,4.00,E,E,1,0,1,0,0,0,0,0,0,1,0,0,0,0,0,0
4,4506706,1,4.00,E,E,1,0,1,0,0,0,0,0,0,1,0,0,0,0,0,0
4,4506492,1,2.00,E,E,1,0,1,0,0,0,0,0,0,1,0,0,0,0,0,0
4,4506005,1,2.00,E,E,1,0,1,0,0,0,0,0,0,1,0,0,0,0,0,0
4,4506471,1,3.00,E,E,1,0,1,0,0,0,0,0,0,1,0,0,0,0,0,0
4,4506676,1,2.00,E,E,1,0,1,0,0,0,0,0,0,1,0,0,0,0,0,0
4,4506560,1,6.00,E,E,1,0,1,0,0,0,0,0,0,1,0,0,0,0,0,0
4,4506646,1,2.00,E,E,1,0,1,0,0,0,0,0,0,1,0,0,0,0,0,0
4,4506372,1,4.00,E,E,1,0,1,0,0,0,0,0,0,1,0,0,0,0,0,0
4,4506277,1,6.00,E,E,1,0,1,0,0,0,0,0,0,1,0,0,0,0,0,0
4,4506402,1,6.00,E,E,1,0,1,0,0,0,0,0,0,1,0,0,0,0,0,0
4,4506432,1,2.00,E,E,1,0,1,0,0,0,0,0,0,1,0,0,0,0,0,0
4,4506682,1,8.00,E,E,1,0,1,0,0,0,0,0,0,1,0,0,0,0,0,0
4,4505977,1,3.00,E,E,1,0,1,0,0,0,0,0,0,1,0,0,0,0,0,0
4,4506220,1,2.00,E,E,1,0,1,0,0,0,0,0,0,1,0,0,0,0,0,0
4,4506626,1,4.00,E,E,1,0,1,0,0,0,0,0,0,1,0,0,0,0,0,0
4,4506431,1,4.00,E,E,1,0,1,0,0,0,0,0,0,1,0,0,0,0,0,0
4,4505918,1,2.00,E,E,1,0,1,0,0,0,0,0,0,1,0,0,0,0,0,0
4,4506338,1,4.00,E,E,1,0,1,0,0,0,0,0,0,1,0,0,0,0,0,0
4,4506526,1,2.00,4,4,1,0,1,0,0,0,0,0,0,1,0,0,0,0,0,0
4,4506131,1,2.00,4,4,1,0,1,0,0,0,0,0,0,1,0,0,0,0,0,0
4,4506004,1,2.00,4,4,1,0,1,0,0,0,0,0,0,1,0,0,0,0,0,0
4,4506062,1,4.00,4,4,1,0,1,0,0,0,0,0,0,1,0,0,0,0,0,0
4,4506185,1,2.00,4,4,1,0,1,0,0,0,0,0,0,1,0,0,0,0,0,0
4,4506430,1,4.00,4,4,1,0,1,0,0,0,0,0,0,1,0,0,0,0,0,0
4,4506098,1,4.00,4,4,1,0,1,0,0,0,0,0,0,1,0,0,0,0,0,0
4,4506584,1,4.00,4,4,1,0,1,0,0,0,0,0,0,1,0,0,0,0,0,0
4,4507656,1,4.00,A,A,1,0,0,0,0,1,0,0,0,0,1,0,0,0,0,1
4,4505423,2,16.00,A,A,3,0,0,1,1,1,0,0,0,0,1,1,1,0,0,0
4,4506845,1,4.00,A,A,2,0,0,1,0,1,0,0,0,0,1,0,1,0,0,0
4,4507157,1,8.00,A,A,2,0,0,1,0,1,0,0,0,0,1,0,1,0,0,0
4,4507374,1,8.00,A,A,2,0,0,1,0,1,0,0,0,0,1,0,1,0,0,0
4,4507078,1,6.00,A,A,2,0,0,1,0,1,0,0,0,0,1,0,1,0,0,0
4,4507326,1,10.00,A,A,2,0,0,1,0,1,0,0,0,0,1,0,1,0,0,0
4,4505936,1,2.00,A,A,1,1,0,0,0,0,0,0,0,0,1,0,0,0,0,1
4,4506596,1,8.00,A,A,1,0,1,0,0,0,0,0,0,0,1,0,0,0,0,1
4,4507518,1,4.00,A,A,1,0,0,0,1,0,0,0,0,0,1,0,0,0,0,1
4,4506988,1,8.00,A,A,1,0,0,1,0,0,0,0,0,0,1,0,0,0,0,0
4,4506275,1,4.00,A,A,1,0,1,0,0,0,0,0,0,0,1,0,0,0,0,1
4,4506152,1,4.00,A,A,1,0,1,0,0,0,0,0,0,0,1,0,0,0,0,1
4,4506003,1,6.00,A,A,1,0,1,0,0,0,0,0,0,0,1,0,0,0,0,1
4,4507189,1,4.00,A,A,1,0,0,1,0,0,0,0,0,0,1,0,0,0,0,0
4,4507244,1,2.00,A,A,1,0,0,1,0,0,0,0,0,0,1,0,0,0,0,0
4,4506033,1,2.00,A,A,1,0,1,0,0,0,0,0,0,0,1,0,0,0,0,1
4,4507601,1,2.00,A,A,1,0,0,0,1,0,0,0,0,0,1,0,0,0,0,1
4,4506875,1,2.00,A,A,1,0,0,1,0,0,0,0,0,0,1,0,0,0,0,0
4,4506930,2,16.00,A,A,1,0,0,1,0,0,0,0,0,0,1,0,0,0,0,0
4,4506976,1,8.00,A,A,1,0,0,0,0,1,0,0,0,0,1,0,0,0,0,1
4,4507592,1,4.00,A,A,1,0,0,1,0,0,0,0,0,0,1,0,0,0,0,0
4,4506724,1,8.00,A,A,1,0,1,0,0,0,0,0,0,0,1,0,0,0,0,1
4,4507018,1,4.00,A,A,1,0,0,1,0,0,0,0,0,0,1,0,0,0,0,0
4,4507418,1,4.00,A,A,1,0,0,1,0,0,0,0,0,0,1,0,0,0,0,0
4,4506920,1,8.00,A,A,1,0,1,0,0,0,0,0,0,0,1,0,0,0,0,1
4,4506959,1,6.00,A,A,1,0,0,1,0,0,0,0,0,0,1,0,0,0,0,0
4,4507086,1,4.00,A,A,1,0,0,0,1,0,0,0,0,0,1,0,0,0,0,1
4,4506405,1,4.00,A,A,1,0,1,0,0,0,0,0,0,0,1,0,0,0,0,1
4,4505923,1,4.00,A,A,1,0,1,0,0,0,0,0,0,0,1,0,0,0,0,1
4,4506495,1,6.00,A,A,1,0,1,0,0,0,0,0,0,0,1,0,0,0,0,1
4,4507019,1,4.00,A,A,1,0,0,1,0,0,0,0,0,0,1,0,0,0,0,0
4,4506876,1,6.00,A,A,1,0,0,1,0,0,0,0,0,0,1,0,0,0,0,0
4,4506557,1,8.00,A,A,1,0,1,0,0,0,0,0,0,0,1,0,0,0,0,1
4,4507135,1,6.00,A,A,1,0,0,1,0,0,0,0,0,0,1,0,0,0,0,0
4,4507190,1,4.00,A,A,1,0,0,1,0,0,0,0,0,0,1,0,0,0,0,0
4,4506254,1,2.00,A,A,1,0,1,0,0,0,0,0,0,0,1,0,0,0,0,1
4,4506253,1,4.00,A,A,1,0,1,0,0,0,0,0,0,0,1,0,0,0,0,1
4,4507572,1,4.00,A,A,1,0,0,1,0,0,0,0,0,0,1,0,0,0,0,0
4,4506822,1,2.00,A,A,1,0,0,1,0,0,0,0,0,0,1,0,0,0,0,0
4,4507245,1,4.00,A,A,1,0,0,1,0,0,0,0,0,0,1,0,0,0,0,0
4,4507107,1,2.00,A,A,1,0,0,1,0,0,0,0,0,0,1,0,0,0,0,0
4,4507444,1,4.00,A,A,1,0,0,1,0,0,0,0,0,0,1,0,0,0,0,0
4,4507047,1,2.00,A,A,1,0,0,1,0,0,0,0,0,0,1,0,0,0,0,0
4,4506043,1,2.00,A,A,1,0,1,0,0,0,0,0,0,0,1,0,0,0,0,1
4,4507162,1,2.00,A,A,1,0,0,1,0,0,0,0,0,0,1,0,0,0,0,0
4,4507226,1,3.00,A,A,1,0,0,0,1,0,0,0,0,0,1,0,0,0,0,1
4,4507358,1,3.00,A,A,1,0,0,0,1,0,0,0,0,0,1,0,0,0,0,1
4,4507467,1,4.00,A,A,1,0,0,1,0,0,0,0,0,0,1,0,0,0,0,0
4,4506898,1,4.00,A,A,1,0,0,1,0,0,0,0,0,0,1,0,0,0,0,0
4,4507255,1,4.00,A,A,1,0,0,0,1,0,0,0,0,0,1,0,0,0,0,1
4,4507631,1,2.00,A,A,1,0,0,0,1,0,0,0,0,0,1,0,0,0,0,1
4,4507308,1,4.00,A,A,1,0,0,0,1,0,0,0,0,0,1,0,0,0,0,1
4,4506693,1,2.00,A,A,1,0,1,0,0,0,0,0,0,0,1,0,0,0,0,1
4,4507419,1,3.00,A,A,1,0,0,1,0,0,0,0,0,0,1,0,0,0,0,0
4,4507476,1,2.00,A,A,1,0,0,0,1,0,0,0,0,0,1,0,0,0,0,1
4,4506889,1,4.00,A,A,1,0,1,0,0,0,0,0,0,0,1,0,0,0,0,1
4,4506908,1,8.00,A,A,1,0,0,0,1,0,0,0,0,0,1,0,0,0,0,1
4,4507272,1,4.00,A,A,1,0,0,1,0,0,0,0,0,0,1,0,0,0,0,0
4,4507647,1,8.00,A,A,1,0,0,0,1,0,0,0,0,0,1,0,0,0,0,1
4,4507607,1,3.00,A,A,1,0,0,0,1,0,0,0,0,0,1,0,0,0,0,1
4,4506664,1,8.00,A,A,1,0,1,0,0,0,0,0,0,0,1,0,0,0,0,1
4,4506753,1,6.00,A,A,1,0,1,0,0,0,0,0,0,0,1,0,0,0,0,1
4,4505943,1,3.00,A,A,1,0,1,0,0,0,0,0,0,0,1,0,0,0,0,1
4,4507046,1,3.00,A,A,1,0,0,1,0,0,0,0,0,0,1,0,0,0,0,0
4,4506570,1,3.00,A,A,1,0,1,0,0,0,0,0,0,0,1,0,0,0,0,1
4,4507424,1,2.00,A,A,1,0,0,1,0,0,0,0,0,0,1,0,0,0,0,0
4,4507072,1,4.00,A,A,1,0,1,0,0,0,0,0,0,0,1,0,0,0,0,1
4,4506441,1,8.00,A,A,1,0,1,0,0,0,0,0,0,0,1,0,0,0,0,1
4,4507556,1,2.00,A,A,1,0,0,0,1,0,0,0,0,0,1,0,0,0,0,1
4,4507377,1,2.00,A,A,1,0,0,0,1,0,0,0,0,0,1,0,0,0,0,1
4,4506831,1,4.00,A,A,1,0,1,0,0,0,0,0,0,0,1,0,0,0,0,1
4,4506136,1,2.00,A,A,1,0,1,0,0,0,0,0,0,0,1,0,0,0,0,1
4,4506197,1,3.00,A,A,1,0,1,0,0,0,0,0,0,0,1,0,0,0,0,1
4,4506311,1,4.00,A,A,1,0,1,0,0,0,0,0,0,0,1,0,0,0,0,1
4,4506248,1,3.00,A,A,1,0,1,0,0,0,0,0,0,0,1,0,0,0,0,1
4,4507340,1,6.00,A,A,1,0,0,0,1,0,0,0,0,0,1,0,0,0,0,1
4,4506226,1,4.00,A,A,1,0,1,0,0,0,0,0,0,0,1,0,0,0,0,1
4,4506102,1,6.00,A,A,1,0,1,0,0,0,0,0,0,0,1,0,0,0,0,1
4,4506314,1,2.00,A,A,1,0,1,0,0,0,0,0,0,0,1,0,0,0,0,1
4,4505520,1,2.00,A,A,1,1,0,0,0,0,0,0,0,0,1,0,0,0,0,1
4,4506915,1,8.00,A,A,1,0,0,0,1,0,0,0,0,0,1,0,0,0,0,1
4,4507566,1,2.00,A,A,1,0,0,0,1,0,0,0,0,0,1,0,0,0,0,1
4,4505952,1,8.00,A,A,1,0,1,0,0,0,0,0,0,0,1,0,0,0,0,1
4,4506726,1,6.00,A,A,1,0,1,0,0,0,0,0,0,0,1,0,0,0,0,1
4,4506754,1,2.00,A,A,1,0,1,0,0,0,0,0,0,0,1,0,0,0,0,1
4,4506981,1,2.00,A,A,1,0,1,0,0,0,0,0,0,0,1,0,0,0,0,1
4,4506963,1,2.00,A,A,1,0,0,1,0,0,0,0,0,0,1,0,0,0,0,0
4,4506993,1,6.00,A,A,1,0,0,1,0,0,0,0,0,0,1,0,0,0,0,0
4,4506196,1,2.00,A,A,1,0,1,0,0,0,0,0,0,0,1,0,0,0,0,1
4,4506779,1,6.00,A,A,1,0,1,0,0,0,0,0,0,0,1,0,0,0,0,1
4,4507232,1,2.00,A,A,1,0,0,0,1,0,0,0,0,0,1,0,0,0,0,1
4,4506666,1,4.00,A,A,1,0,1,0,0,0,0,0,0,0,1,0,0,0,0,1
4,4507504,1,6.00,A,A,1,0,0,0,1,0,0,0,0,0,1,0,0,0,0,1
4,4507167,1,8.00,A,A,1,0,0,1,0,0,0,0,0,0,1,0,0,0,0,0
4,4505617,1,8.00,A,A,1,1,0,0,0,0,0,0,0,0,1,0,0,0,0,1
4,4507597,1,4.00,A,A,1,0,0,1,0,0,0,0,0,0,1,0,0,0,0,0
4,4506536,1,4.00,A,A,1,0,1,0,0,0,0,0,0,0,1,0,0,0,0,1
4,4506251,1,4.00,A,A,1,0,1,0,0,0,0,0,0,0,1,0,0,0,0,1
4,4506658,1,2.00,A,A,1,0,1,0,0,0,0,0,0,0,1,0,0,0,0,1
4,4507546,1,2.00,A,A,1,0,0,0,1,0,0,0,0,0,1,0,0,0,0,1
4,4507449,1,4.00,A,A,1,0,0,1,0,0,0,0,0,0,1,0,0,0,0,0
4,4507329,1,8.00,A,A,1,0,0,0,1,0,0,0,0,0,1,0,0,0,0,1
4,4506350,1,4.00,A,A,1,0,1,0,0,0,0,0,0,0,1,0,0,0,0,1
4,4507587,1,6.00,A,A,1,0,0,0,1,0,0,0,0,0,1,0,0,0,0,1
4,4507637,1,3.00,A,A,1,0,0,0,1,0,0,0,0,0,1,0,0,0,0,1
4,4506974,1,2.00,A,A,1,0,0,0,1,0,0,0,0,0,1,0,0,0,0,1
4,4507122,1,2.00,A,A,1,0,0,0,1,0,0,0,0,0,1,0,0,0,0,1
4,4506573,1,6.00,A,A,1,0,0,1,0,0,0,0,0,0,1,0,0,0,0,0
4,4506979,1,4.00,A,A,1,0,1,0,0,0,0,0,0,0,1,0,0,0,0,1
4,4507033,1,3.00,A,A,1,0,0,0,1,0,0,0,0,0,1,0,0,0,0,1
4,4507129,1,4.00,A,A,1,0,1,0,0,0,0,0,0,0,1,0,0,0,0,1
4,4507515,1,6.00,A,A,1,0,0,0,1,0,0,0,0,0,1,0,0,0,0,1
4,4507250,1,4.00,A,A,1,0,0,0,1,0,0,0,0,0,1,0,0,0,0,1
4,4507286,1,8.00,A,A,1,0,0,0,1,0,0,0,0,0,1,0,0,0,0,1
4,4506382,1,4.00,A,A,1,0,1,0,0,0,0,0,0,0,1,0,0,0,0,1
4,4506953,1,3.00,A,A,1,0,0,1,0,0,0,0,0,0,1,0,0,0,0,0
4,4507450,1,2.00,A,A,1,0,0,0,1,0,0,0,0,0,1,0,0,0,0,1
4,4505428,1,6.00,A,A,1,1,0,0,0,0,0,0,0,0,1,0,0,0,0,1
4,4506502,1,4.00,A,A,1,0,1,0,0,0,0,0,0,0,1,0,0,0,0,1
4,4506011,1,2.00,A,A,1,0,1,0,0,0,0,0,0,0,1,0,0,0,0,1
4,4506166,1,4.00,A,A,1,0,1,0,0,0,0,0,0,0,1,0,0,0,0,1
4,4506924,1,3.00,A,A,1,0,0,1,0,0,0,0,0,0,1,0,0,0,0,0
4,4506227,1,2.00,A,A,1,0,1,0,0,0,0,0,0,0,1,0,0,0,0,1
4,4506892,1,2.00,A,A,1,0,0,1,0,0,0,0,0,0,1,0,0,0,0,0
4,4506348,2,4.00,A,A,1,0,1,0,0,0,0,0,0,0,1,0,0,0,0,1
4,4506537,1,8.00,A,A,1,0,1,0,0,0,0,0,0,0,1,0,0,0,0,1
4,4507354,1,8.00,A,A,1,0,0,0,1,0,0,0,0,0,1,0,0,0,0,1
4,4506983,1,6.00,A,A,1,0,0,1,0,0,0,0,0,0,1,0,0,0,0,0
4,4506142,1,6.00,A,A,1,1,0,0,0,0,0,0,0,0,1,0,0,0,0,1
4,4506789,1,4.00,A,A,1,0,0,1,0,0,0,0,0,0,1,0,0,0,0,0
4,4507593,1,8.00,A,A,1,0,0,1,0,0,0,0,0,0,1,0,0,0,0,0
4,4506412,1,6.00,A,A,1,0,1,0,0,0,0,0,0,0,1,0,0,0,0,1
4,4507350,1,2.00,E,E,1,0,0,1,0,0,0,0,0,0,1,0,0,0,0,0
4,4507298,1,4.00,E,E,1,0,0,1,0,0,0,0,0,0,1,0,0,0,0,0
4,4505249,3,24.00,A,A,2,0,0,0,1,1,0,0,0,0,0,1,1,0,0,0
4,4506723,1,2.00,A,A,1,0,1,0,0,0,0,0,0,0,0,1,0,0,0,1
4,4507448,1,4.00,A,A,1,0,0,1,0,0,0,0,0,0,0,1,0,0,0,1
4,4506728,1,8.00,A,A,1,0,1,0,0,0,0,0,0,0,0,1,0,0,0,1
4,4507082,1,2.00,A,A,1,0,0,0,1,0,0,0,0,0,0,1,0,0,0,0
4,4505667,1,8.00,A,A,1,1,0,0,0,0,0,0,0,0,0,1,0,0,0,1
4,4505668,2,16.00,A,A,1,0,0,0,0,1,0,0,0,0,0,1,0,0,0,1
4,4507041,1,2.00,A,A,1,0,1,0,0,0,0,0,0,0,0,1,0,0,0,1
4,4506829,1,6.00,A,A,1,0,1,0,0,0,0,0,0,0,0,1,0,0,0,1
4,4506777,1,2.00,A,A,1,0,1,0,0,0,0,0,0,0,0,1,0,0,0,1
4,4506582,1,4.00,A,A,1,1,0,0,0,0,0,0,0,0,0,1,0,0,0,1
4,4507038,1,4.00,A,A,1,0,1,0,0,0,0,0,0,0,0,1,0,0,0,1
4,4507000,1,2.00,A,A,1,0,0,0,1,0,0,0,0,0,0,1,0,0,0,0
4,4507228,1,6.00,A,A,1,0,0,0,1,0,0,0,0,0,0,1,0,0,0,0
4,4506566,1,3.00,A,A,1,0,1,0,0,0,0,0,0,0,0,1,0,0,0,1
4,4506691,1,6.00,A,A,1,0,1,0,0,0,0,0,0,0,0,1,0,0,0,1
4,4506210,1,6.00,A,A,1,1,0,0,0,0,0,0,0,0,0,1,0,0,0,1
4,4506321,1,8.00,A,A,1,0,1,0,0,0,0,0,0,0,0,1,0,0,0,1
4,4506866,1,6.00,A,A,1,0,1,0,0,0,0,0,0,0,0,1,0,0,0,1
4,4507505,1,2.00,A,A,1,0,0,0,1,0,0,0,0,0,0,1,0,0,0,0
4,4507123,1,2.00,A,A,1,0,0,0,1,0,0,0,0,0,0,1,0,0,0,0
4,4507567,1,2.00,A,A,1,0,0,0,1,0,0,0,0,0,0,1,0,0,0,0
4,4507436,1,2.00,A,A,1,0,0,0,1,0,0,0,0,0,0,1,0,0,0,0
4,4507365,1,2.00,A,A,1,0,0,0,1,0,0,0,0,0,0,1,0,0,0,0
4,4507216,1,4.00,A,A,1,0,0,1,0,0,0,0,0,0,0,1,0,0,0,1
4,4506257,1,2.00,A,A,1,0,1,0,0,0,0,0,0,0,0,1,0,0,0,1
4,4506418,1,2.00,A,A,1,0,1,0,0,0,0,0,0,0,0,1,0,0,0,1
4,4507608,1,2.00,A,A,1,0,0,0,1,0,0,0,0,0,0,1,0,0,0,0
4,4506949,1,2.00,A,A,1,0,1,0,0,0,0,0,0,0,0,1,0,0,0,1
4,4506998,1,6.00,A,A,1,0,0,0,1,0,0,0,0,0,0,1,0,0,0,0
4,4507231,1,4.00,A,A,1,0,0,0,1,0,0,0,0,0,0,1,0,0,0,0
4,4507032,1,2.00,A,A,1,0,0,0,1,0,0,0,0,0,0,1,0,0,0,0
4,4507481,1,6.00,A,A,1,0,0,0,1,0,0,0,0,0,0,1,0,0,0,0
4,4507586,1,3.00,A,A,1,0,0,0,1,0,0,0,0,0,0,1,0,0,0,0
4,4507532,1,6.00,A,A,1,0,0,1,0,0,0,0,0,0,0,1,0,0,0,1
4,4506320,1,4.00,A,A,1,0,1,0,0,0,0,0,0,0,0,1,0,0,0,1
4,4506814,1,2.00,A,A,1,0,1,0,0,0,0,0,0,0,0,1,0,0,0,1
4,4507172,1,2.00,A,A,1,0,0,0,1,0,0,0,0,0,0,1,0,0,0,0
4,4506844,1,4.00,A,A,1,0,0,1,0,0,0,0,0,0,0,1,0,0,0,1
4,4507205,1,2.00,A,A,1,0,0,0,1,0,0,0,0,0,0,1,0,0,0,0
4,4506717,1,6.00,A,A,1,0,1,0,0,0,0,0,0,0,0,1,0,0,0,1
4,4507472,1,3.00,A,A,1,0,0,0,1,0,0,0,0,0,0,1,0,0,0,0
4,4506474,1,3.00,A,A,1,0,1,0,0,0,0,0,0,0,0,1,0,0,0,1
4,4506551,3,24.00,A,A,1,0,0,1,0,0,0,0,0,0,0,1,0,0,0,1
4,4505248,2,16.00,A,A,1,1,0,0,0,0,0,0,0,0,0,1,0,0,0,1
4,4506975,1,2.00,A,A,1,0,0,0,1,0,0,0,0,0,0,1,0,0,0,0
4,4506356,1,2.00,A,A,1,0,1,0,0,0,0,0,0,0,0,1,0,0,0,1
4,4507438,1,4.00,A,A,1,0,0,0,0,1,0,0,0,0,0,1,0,0,0,1
4,4506522,1,6.00,A,A,1,1,0,0,0,0,0,0,0,0,0,1,0,0,0,1
4,4506542,1,6.00,A,A,1,0,1,0,0,0,0,0,0,0,0,1,0,0,0,1
4,4507462,1,4.00,A,A,1,0,0,0,0,1,0,0,0,0,0,1,0,0,0,1
4,4506812,1,2.00,A,A,1,0,1,0,0,0,0,0,0,0,0,1,0,0,0,1
4,4506046,1,2.00,A,A,1,0,1,0,0,0,0,0,0,0,0,1,0,0,0,1
4,4506847,1,2.00,A,A,1,0,0,1,0,0,0,0,0,0,0,1,0,0,0,1
4,4507111,1,2.00,A,A,1,0,0,1,0,0,0,0,0,0,0,1,0,0,0,1
4,4506942,1,2.00,A,A,1,0,0,0,1,0,0,0,0,0,0,1,0,0,0,0
4,4507352,1,6.00,A,A,1,0,0,1,0,0,0,0,0,0,0,1,0,0,0,1
4,4507301,1,8.00,A,A,1,0,0,1,0,0,0,0,0,0,0,1,0,0,0,1
4,4506901,1,6.00,A,A,1,0,0,1,0,0,0,0,0,0,0,1,0,0,0,1
4,4507471,1,8.00,A,A,1,0,0,1,0,0,0,0,0,0,0,1,0,0,0,1
4,4507059,1,3.00,A,A,1,0,0,0,1,0,0,0,0,0,0,1,0,0,0,0
4,4506991,1,2.00,A,A,1,0,0,1,0,0,0,0,0,0,0,1,0,0,0,1
4,4507569,1,8.00,A,A,1,0,0,0,0,1,0,0,0,0,0,1,0,0,0,1
4,4507203,1,8.00,A,A,1,0,0,0,1,0,0,0,0,0,0,1,0,0,0,0
4,4505985,1,8.00,A,A,1,0,1,0,0,0,0,0,0,0,0,1,0,0,0,1
4,4507181,1,2.00,A,A,1,0,0,0,0,1,0,0,0,0,0,1,0,0,0,1
4,4506948,1,10.00,A,A,1,0,1,0,0,0,0,0,0,0,0,1,0,0,0,1
4,4506961,2,12.00,A,A,1,0,0,1,0,0,0,0,0,0,0,1,0,0,0,1
4,4507283,1,2.00,A,A,1,0,0,0,1,0,0,0,0,0,0,1,0,0,0,0
4,4507060,1,6.00,A,A,1,0,0,0,1,0,0,0,0,0,0,1,0,0,0,0
4,4506386,1,8.00,A,A,1,0,1,0,0,0,0,0,0,0,0,1,0,0,0,1
4,4507625,1,6.00,A,A,1,0,0,0,1,0,0,0,0,0,0,1,0,0,0,0
4,4507194,1,8.00,A,A,1,0,0,1,0,0,0,0,0,0,0,1,0,0,0,1
4,4506171,1,6.00,A,A,1,0,1,0,0,0,0,0,0,0,0,1,0,0,0,1
4,4506766,1,2.00,A,A,1,1,0,0,0,0,0,0,0,0,0,1,0,0,0,1
4,4507051,1,3.00,A,A,1,0,0,1,0,0,0,0,0,0,0,1,0,0,0,1
4,4506943,1,2.00,A,A,1,0,0,0,1,0,0,0,0,0,0,1,0,0,0,0
4,4506317,1,6.00,A,A,1,0,1,0,0,0,0,0,0,0,0,1,0,0,0,1
4,4506444,1,4.00,A,A,1,0,1,0,0,0,0,0,0,0,0,1,0,0,0,1
4,4507081,1,8.00,A,A,1,0,0,1,0,0,0,0,0,0,0,1,0,0,0,1
4,4506354,1,2.00,A,A,1,0,1,0,0,0,0,0,0,0,0,1,0,0,0,1
4,4507635,1,8.00,A,A,1,0,0,0,1,0,0,0,0,0,0,1,0,0,0,0
4,4507576,1,8.00,A,A,1,0,0,1,0,0,0,0,0,0,0,1,0,0,0,1
4,4507312,1,6.00,A,A,1,0,0,0,1,0,0,0,0,0,0,1,0,0,0,0
4,4507275,1,3.00,A,A,1,0,0,1,0,0,0,0,0,0,0,1,0,0,0,1
4,4506944,1,2.00,A,A,1,0,0,0,1,0,0,0,0,0,0,1,0,0,0,0
4,4506540,1,2.00,A,A,1,0,1,0,0,0,0,0,0,0,0,1,0,0,0,1
4,4507535,1,6.00,A,A,1,0,0,1,0,0,0,0,0,0,0,1,0,0,0,1
4,4507176,1,4.00,A,A,1,0,0,0,1,0,0,0,0,0,0,1,0,0,0,0
4,4507235,1,6.00,A,A,1,0,0,0,0,1,0,0,0,0,0,1,0,0,0,1
4,4506880,1,8.00,A,A,1,0,0,1,0,0,0,0,0,0,0,1,0,0,0,1
4,4507023,1,6.00,A,A,1,0,0,1,0,0,0,0,0,0,0,1,0,0,0,1
4,4507634,1,2.00,A,A,1,0,0,0,1,0,0,0,0,0,0,1,0,0,0,0
4,4506992,1,6.00,A,A,1,0,0,1,0,0,0,0,0,0,0,1,0,0,0,1
4,4507311,1,6.00,A,A,1,0,0,0,1,0,0,0,0,0,0,1,0,0,0,0
4,4507603,1,2.00,A,A,1,0,0,0,1,0,0,0,0,0,0,1,0,0,0,0
4,4506972,1,4.00,A,A,1,0,0,0,1,0,0,0,0,0,0,1,0,0,0,0
4,4506902,1,2.00,A,A,1,0,0,1,0,0,0,0,0,0,0,1,0,0,0,1
4,4506879,1,6.00,A,A,1,0,0,1,0,0,0,0,0,0,0,1,0,0,0,1
4,4506256,1,6.00,A,A,1,0,1,0,0,0,0,0,0,0,0,1,0,0,0,1
4,4507302,1,2.00,A,A,1,0,0,1,0,0,0,0,0,0,0,1,0,0,0,1
4,4507544,1,4.00,A,A,1,0,0,0,1,0,0,0,0,0,0,1,0,0,0,0
4,4507643,1,6.00,A,A,1,0,0,0,1,0,0,0,0,0,0,1,0,0,0,0
4,4507624,1,4.00,A,A,1,0,0,0,1,0,0,0,0,0,0,1,0,0,0,0
4,4506934,1,2.00,A,A,1,0,0,1,0,0,0,0,0,0,0,1,0,0,0,1
4,4506106,1,4.00,A,A,1,0,1,0,0,0,0,0,0,0,0,1,0,0,0,1
4,4507447,1,6.00,A,A,1,0,0,1,0,0,0,0,0,0,0,1,0,0,0,1
4,4506355,1,6.00,A,A,1,0,1,0,0,0,0,0,0,0,0,1,0,0,0,1
4,4506506,1,4.00,A,A,1,0,1,0,0,0,0,0,0,0,0,1,0,0,0,1
4,4507376,1,2.00,A,A,1,0,0,1,0,0,0,0,0,0,0,1,0,0,0,1
4,4507615,1,2.00,A,A,1,0,0,1,0,0,0,0,0,0,0,1,0,0,0,1
4,4506962,1,2.00,A,A,1,0,0,1,0,0,0,0,0,0,0,1,0,0,0,1
4,4506910,1,4.00,A,A,1,0,0,0,1,0,0,0,0,0,0,1,0,0,0,0
4,4506598,1,4.00,A,A,1,0,1,0,0,0,0,0,0,0,0,1,0,0,0,1
4,4506809,1,8.00,A,A,1,0,1,0,0,0,0,0,0,0,0,1,0,0,0,1
4,4507653,1,2.00,A,A,1,0,0,0,0,1,0,0,0,0,0,1,0,0,0,1
4,4506398,1,2.00,A,A,1,1,0,0,0,0,0,0,0,0,0,1,0,0,0,1
4,4506781,2,16.00,A,A,1,0,1,0,0,0,0,0,0,0,0,1,0,0,0,1
4,4506140,1,2.00,A,A,1,0,1,0,0,0,0,0,0,0,0,1,0,0,0,1
4,4507282,1,2.00,A,A,1,0,0,0,1,0,0,0,0,0,0,1,0,0,0,0
4,4507595,1,8.00,A,A,1,0,0,1,0,0,0,0,0,0,0,1,0,0,0,1
4,4507633,1,8.00,A,A,1,0,0,0,1,0,0,0,0,0,0,1,0,0,0,0
4,4506933,1,4.00,A,A,1,0,0,1,0,0,0,0,0,0,0,1,0,0,0,1
4,4507050,1,6.00,A,A,1,0,0,1,0,0,0,0,0,0,0,1,0,0,0,1
4,4507585,1,3.00,A,A,1,0,0,0,1,0,0,0,0,0,0,1,0,0,0,0
4,4507528,1,6.00,A,A,1,0,0,0,0,1,0,0,0,0,0,1,0,0,0,1
4,4507145,1,2.00,A,A,1,0,0,0,1,0,0,0,0,0,0,1,0,0,0,0
4,4507562,1,6.00,A,A,1,0,0,0,1,0,0,0,0,0,0,1,0,0,0,0
4,4506232,1,2.00,A,A,1,0,1,0,0,0,0,0,0,0,0,1,0,0,0,1
4,4506016,1,2.00,A,A,1,0,1,0,0,0,0,0,0,0,0,1,0,0,0,1
4,4507493,1,8.00,A,A,1,0,0,1,0,0,0,0,0,0,0,1,0,0,0,1
4,4506045,1,2.00,A,A,1,0,1,0,0,0,0,0,0,0,0,1,0,0,0,1
4,4507623,1,4.00,A,A,1,0,0,0,1,0,0,0,0,0,0,1,0,0,0,0
4,4506631,1,2.00,A,A,1,0,1,0,0,0,0,0,0,0,0,1,0,0,0,1
4,4506108,1,4.00,A,A,1,0,1,0,0,0,0,0,0,0,0,1,0,0,0,1
4,4507542,1,4.00,A,A,1,0,0,0,1,0,0,0,0,0,0,1,0,0,0,0
4,4507584,1,6.00,A,A,1,0,0,0,1,0,0,0,0,0,0,1,0,0,0,0
4,4506445,1,3.00,A,A,1,0,1,0,0,0,0,0,0,0,0,1,0,0,0,1
4,4507091,1,2.00,A,A,1,0,0,0,1,0,0,0,0,0,0,1,0,0,0,0
4,4506720,1,2.00,A,A,1,0,1,0,0,0,0,0,0,0,0,1,0,0,0,1
4,4507031,1,4.00,A,A,1,0,0,0,1,0,0,0,0,0,0,1,0,0,0,0
4,4507165,1,6.00,A,A,1,0,0,1,0,0,0,0,0,0,0,1,0,0,0,1
4,4507478,1,3.00,A,A,1,0,0,0,1,0,0,0,0,0,0,1,0,0,0,0
4,4506291,1,4.00,A,A,1,0,1,0,0,0,0,0,0,0,0,1,0,0,0,1
4,4507422,1,2.00,A,A,1,0,0,1,0,0,0,0,0,0,0,1,0,0,0,1
4,4506352,1,3.00,A,A,1,0,1,0,0,0,0,0,0,0,0,1,0,0,0,1
4,4506630,1,4.00,A,A,1,0,1,0,0,0,0,0,0,0,0,1,0,0,0,1
4,4507470,1,8.00,A,A,1,0,0,1,0,0,0,0,0,0,0,1,0,0,0,1
4,4507433,1,4.00,A,A,1,0,0,0,1,0,0,0,0,0,0,1,0,0,0,0
4,4507002,1,4.00,A,A,1,0,0,0,1,0,0,0,0,0,0,1,0,0,0,0
4,4507614,1,6.00,A,A,1,0,0,1,0,0,0,0,0,0,0,1,0,0,0,1
4,4507564,1,8.00,A,A,1,0,0,0,1,0,0,0,0,0,0,1,0,0,0,0
4,4507543,1,8.00,A,A,1,0,0,0,1,0,0,0,0,0,0,1,0,0,0,0
4,4507548,1,8.00,A,A,1,0,0,0,0,1,0,0,0,0,0,1,0,0,0,1
4,4506783,1,2.00,A,A,1,0,1,0,0,0,0,0,0,0,0,1,0,0,0,1
4,4506947,1,8.00,A,A,1,0,1,0,0,0,0,0,0,0,0,1,0,0,0,1
4,4507457,1,6.00,A,A,1,0,0,0,1,0,0,0,0,0,0,1,0,0,0,0
4,4507480,1,3.00,A,A,1,0,0,0,1,0,0,0,0,0,0,1,0,0,0,0
4,4507327,1,6.00,A,A,1,0,0,1,0,0,0,0,0,0,0,1,0,0,0,1
4,4507248,1,2.00,A,A,1,0,0,1,0,0,0,0,0,0,0,1,0,0,0,1
4,4507328,1,4.00,A,A,1,0,0,1,0,0,0,0,0,0,0,1,0,0,0,1
4,4506834,1,2.00,A,A,1,0,1,0,0,0,0,0,0,0,0,1,0,0,0,1
4,4507030,1,8.00,A,A,1,0,0,0,1,0,0,0,0,0,0,1,0,0,0,0
4,4507432,1,2.00,A,A,1,0,0,0,1,0,0,0,0,0,0,1,0,0,0,0
4,4507274,1,8.00,A,A,1,0,0,1,0,0,0,0,0,0,0,1,0,0,0,1
4,4507563,1,4.00,A,A,1,0,0,0,1,0,0,0,0,0,0,1,0,0,0,0
4,4507259,1,2.00,A,A,1,0,0,0,1,0,0,0,0,0,0,1,0,0,0,0
4,4507147,1,8.00,A,A,1,0,0,0,1,0,0,0,0,0,0,1,0,0,0,0
4,4507229,1,6.00,A,A,1,0,0,0,1,0,0,0,0,0,0,1,0,0,0,0
4,4507479,1,4.00,A,A,1,0,0,0,1,0,0,0,0,0,0,1,0,0,0,0
4,4506705,2,16.00,A,A,1,0,1,0,0,0,0,0,0,0,0,1,0,0,0,1
4,4507408,1,6.00,A,A,1,0,0,0,1,0,0,0,0,0,0,1,0,0,0,0
4,4507022,1,8.00,A,A,1,0,0,1,0,0,0,0,0,0,0,1,0,0,0,1
4,4507649,1,8.00,A,A,1,0,0,0,0,1,0,0,0,0,0,1,0,0,0,1
4,4507399,1,8.00,A,A,1,0,0,1,0,0,0,0,0,0,0,1,0,0,0,1
4,4507554,1,4.00,A,A,1,0,0,1,0,0,0,0,0,0,0,1,0,0,0,1
4,4507230,1,4.00,A,A,1,0,0,0,1,0,0,0,0,0,0,1,0,0,0,0
4,4507080,1,4.00,A,A,1,0,0,1,0,0,0,0,0,0,0,1,0,0,0,1
4,4507138,1,4.00,A,A,1,0,0,1,0,0,0,0,0,0,0,1,0,0,0,1
4,4506479,1,6.00,A,A,1,0,1,0,0,0,0,0,0,0,0,1,0,0,0,1
4,4506078,1,4.00,A,A,1,0,1,0,0,0,0,0,0,0,0,1,0,0,0,1
4,4507121,1,2.00,A,A,1,0,0,0,1,0,0,0,0,0,0,1,0,0,0,0
4,4507606,1,4.00,A,A,1,0,0,0,1,0,0,0,0,0,0,1,0,0,0,0
4,4507434,1,4.00,A,A,1,0,0,0,1,0,0,0,0,0,0,1,0,0,0,0
4,4507502,1,4.00,A,A,1,0,0,0,1,0,0,0,0,0,0,1,0,0,0,0
4,4506109,1,4.00,A,A,1,0,1,0,0,0,0,0,0,0,0,1,0,0,0,1
4,4506013,1,10.00,A,A,1,0,1,0,0,0,0,0,0,0,0,1,0,0,0,1
4,4507456,1,8.00,A,A,1,0,0,0,1,0,0,0,0,0,0,1,0,0,0,0
4,4507166,1,4.00,A,A,1,0,0,1,0,0,0,0,0,0,0,1,0,0,0,1
4,4507407,1,2.00,A,A,1,0,0,0,1,0,0,0,0,0,0,1,0,0,0,0
4,4507555,1,8.00,A,A,1,0,0,1,0,0,0,0,0,0,0,1,0,0,0,1
4,4507338,1,8.00,A,A,1,0,0,0,1,0,0,0,0,0,0,1,0,0,0,0
4,4507310,1,2.00,A,A,1,0,0,0,1,0,0,0,0,0,0,1,0,0,0,0
4,4506414,1,4.00,A,A,1,0,1,0,0,0,0,0,0,0,0,1,0,0,0,1
4,4507342,1,8.00,A,A,1,0,0,0,0,1,0,0,0,0,0,1,0,0,0,1
4,4507258,1,8.00,A,A,1,0,0,0,1,0,0,0,0,0,0,1,0,0,0,0
4,4507458,1,4.00,A,A,1,0,0,0,1,0,0,0,0,0,0,1,0,0,0,0
4,4507605,1,4.00,A,A,1,0,0,0,1,0,0,0,0,0,0,1,0,0,0,0
4,4507514,1,4.00,A,A,1,0,0,1,0,0,0,0,0,0,0,1,0,0,0,1
4,4507257,1,2.00,A,A,1,0,0,0,1,0,0,0,0,0,0,1,0,0,0,0
4,4506689,1,2.00,A,A,1,0,1,0,0,0,0,0,0,0,0,1,0,0,0,1
4,4507646,1,4.00,A,A,1,0,0,0,1,0,0,0,0,0,0,1,0,0,0,0
4,4506628,1,2.00,A,A,1,0,1,0,0,0,0,0,0,0,0,1,0,0,0,1
4,4506916,1,2.00,A,A,1,0,1,0,0,0,0,0,0,0,0,1,0,0,0,1
4,4506661,1,2.00,A,A,1,0,1,0,0,0,0,0,0,0,0,1,0,0,0,1
4,4506139,1,8.00,A,A,1,0,1,0,0,0,0,0,0,0,0,1,0,0,0,1
4,4506579,1,8.00,A,A,1,1,0,0,0,0,0,0,0,0,0,1,0,0,0,1
4,4507089,1,6.00,A,A,1,0,0,0,1,0,0,0,0,0,0,1,0,0,0,0
4,4506044,1,8.00,A,A,1,0,1,0,0,0,0,0,0,0,0,1,0,0,0,1
4,4506416,1,4.00,A,A,1,0,1,0,0,0,0,0,0,0,0,1,0,0,0,1
4,4507629,1,4.00,A,A,1,0,0,0,0,1,0,0,0,0,0,1,0,0,0,1
4,4507110,1,8.00,A,A,1,0,0,1,0,0,0,0,0,0,0,1,0,0,0,1
4,4507220,1,4.00,A,A,1,0,0,1,0,0,0,0,0,0,0,1,0,0,0,1
4,4507645,1,10.00,A,A,1,0,0,0,1,0,0,0,0,0,0,1,0,0,0,0
4,4507384,1,3.00,A,A,1,0,0,0,1,0,0,0,0,0,0,1,0,0,0,0
4,4507095,1,2.00,A,A,1,0,0,0,0,1,0,0,0,0,0,1,0,0,0,1
4,4506913,1,6.00,A,A,1,0,0,0,1,0,0,0,0,0,0,1,0,0,0,0
4,4507249,1,2.00,A,A,1,0,0,1,0,0,0,0,0,0,0,1,0,0,0,1
4,4507575,1,10.00,A,A,1,0,0,1,0,0,0,0,0,0,0,1,0,0,0,1
4,4507522,1,8.00,A,A,1,0,0,0,1,0,0,0,0,0,0,1,0,0,0,0
4,4507362,1,6.00,A,A,1,0,0,0,1,0,0,0,0,0,0,1,0,0,0,0
4,4506911,1,2.00,A,A,1,0,0,0,1,0,0,0,0,0,0,1,0,0,0,0
4,4506230,1,4.00,A,A,1,0,1,0,0,0,0,0,0,0,0,1,0,0,0,1
4,4506629,1,2.00,A,A,1,0,1,0,0,0,0,0,0,0,0,1,0,0,0,1
4,4507361,1,6.00,A,A,1,0,0,0,1,0,0,0,0,0,0,1,0,0,0,0
4,4506917,1,3.00,A,A,1,0,1,0,0,0,0,0,0,0,0,1,0,0,0,1
4,4507119,1,4.00,A,A,1,0,0,0,1,0,0,0,0,0,0,1,0,0,0,0
4,4506415,1,2.00,A,A,1,0,1,0,0,0,0,0,0,0,0,1,0,0,0,1
4,4506014,1,2.00,A,A,1,0,1,0,0,0,0,0,0,0,0,1,0,0,0,1
4,4506107,1,2.00,A,A,1,0,1,0,0,0,0,0,0,0,0,1,0,0,0,1
4,4506077,1,4.00,A,A,1,0,1,0,0,0,0,0,0,0,0,1,0,0,0,1
4,4505954,1,3.00,A,A,1,0,1,0,0,0,0,0,0,0,0,1,0,0,0,1
4,4506765,2,16.00,A,A,1,0,1,0,0,0,0,0,0,0,0,1,0,0,0,1
4,4506721,1,4.00,A,A,1,0,1,0,0,0,0,0,0,0,0,1,0,0,0,1
4,4506290,1,4.00,A,A,1,0,1,0,0,0,0,0,0,0,0,1,0,0,0,1
4,4507065,1,2.00,A,A,1,0,0,0,0,1,0,0,0,0,0,1,0,0,0,1
4,4506353,1,2.00,A,A,1,0,1,0,0,0,0,0,0,0,0,1,0,0,0,1
4,4506539,1,4.00,A,A,1,0,1,0,0,0,0,0,0,0,0,1,0,0,0,1
4,4507639,1,6.00,A,A,1,0,0,0,0,1,0,0,0,0,0,1,0,0,0,1
4,4507202,1,2.00,A,A,1,0,0,0,1,0,0,0,0,0,0,1,0,0,0,0
4,4507336,1,8.00,A,A,1,0,0,0,1,0,0,0,0,0,0,1,0,0,0,0
4,4507534,1,2.00,A,A,1,0,0,1,0,0,0,0,0,0,0,1,0,0,0,1
4,4507501,1,8.00,A,A,1,0,0,0,1,0,0,0,0,0,0,1,0,0,0,0
4,4507315,1,4.00,A,A,1,0,0,0,1,0,0,0,0,0,0,1,0,0,0,0
4,4507193,1,6.00,A,A,1,0,0,1,0,0,0,0,0,0,0,1,0,0,0,1
4,4506259,1,8.00,A,A,1,0,1,0,0,0,0,0,0,0,0,1,0,0,0,1
4,4507139,1,4.00,A,A,1,0,0,1,0,0,0,0,0,0,0,1,0,0,0,1
4,4507588,1,2.00,A,A,1,0,0,0,1,0,0,0,0,0,0,1,0,0,0,0
4,4506890,1,6.00,A,A,1,0,1,0,0,0,0,0,0,0,0,1,0,0,0,1
4,4507375,1,4.00,A,A,1,0,0,1,0,0,0,0,0,0,0,1,0,0,0,1
4,4507644,1,8.00,A,A,1,0,0,0,1,0,0,0,0,0,0,1,0,0,0,0
4,4507064,1,8.00,A,A,1,0,0,0,1,0,0,0,0,0,0,1,0,0,0,0
4,4506388,1,4.00,A,A,1,0,1,0,0,0,0,0,0,0,0,1,0,0,0,1
4,4507604,1,6.00,A,A,1,0,0,0,1,0,0,0,0,0,0,1,0,0,0,0
4,4507437,1,4.00,A,A,1,0,0,0,0,1,0,0,0,0,0,1,0,0,0,1
4,4507364,1,2.00,A,A,1,0,0,0,1,0,0,0,0,0,0,1,0,0,0,0
4,4507411,1,3.00,A,A,1,0,0,0,1,0,0,0,0,0,0,1,0,0,0,0
4,4507077,1,3.00,A,A,1,0,0,1,0,0,0,0,0,0,0,1,0,0,0,1
4,4507233,1,2.00,A,A,1,0,0,0,1,0,0,0,0,0,0,1,0,0,0,0
4,4507210,1,4.00,A,A,1,0,1,0,0,0,0,0,0,0,0,1,0,0,0,1
4,4507483,1,2.00,A,A,1,0,0,0,1,0,0,0,0,0,0,1,0,0,0,0
4,4507303,1,2.00,A,A,1,0,0,1,0,0,0,0,0,0,0,1,0,0,0,1
4,4506903,1,2.00,A,A,1,0,0,1,0,0,0,0,0,0,0,1,0,0,0,1
4,4507526,1,4.00,A,A,1,0,0,0,1,0,0,0,0,0,0,1,0,0,0,0
4,4506632,1,8.00,A,A,1,0,1,0,0,0,0,0,0,0,0,1,0,0,0,1
4,4506132,1,6.00,A,A,1,0,1,0,0,0,0,0,0,0,0,1,0,0,0,1
4,4506921,1,4.00,A,A,1,0,1,0,0,0,0,0,0,0,0,1,0,0,0,1
4,4507099,1,8.00,A,A,1,0,1,0,0,0,0,0,0,0,0,1,0,0,0,1
4,4506786,1,4.00,A,A,1,0,1,0,0,0,0,0,0,0,0,1,0,0,0,1
4,4507627,1,4.00,A,A,1,0,0,0,1,0,0,0,0,0,0,1,0,0,0,0
4,4507237,1,4.00,A,A,1,0,1,0,0,0,0,0,0,0,0,1,0,0,0,1
4,4507005,1,6.00,A,A,1,0,0,0,1,0,0,0,0,0,0,1,0,0,0,0
4,4507260,1,2.00,A,A,1,0,0,0,1,0,0,0,0,0,0,1,0,0,0,0
4,4507143,1,4.00,A,A,1,0,0,0,1,0,0,0,0,0,0,1,0,0,0,0
4,4506047,1,4.00,A,A,1,0,1,0,0,0,0,0,0,0,0,1,0,0,0,1
4,4507460,1,2.00,A,A,1,0,0,0,1,0,0,0,0,0,0,1,0,0,0,0
4,4507388,1,6.00,A,A,1,0,0,0,1,0,0,0,0,0,0,1,0,0,0,0
4,4507459,1,3.00,A,A,1,0,0,0,1,0,0,0,0,0,0,1,0,0,0,0
4,4507540,1,4.00,A,A,1,0,0,0,1,0,0,0,0,0,0,1,0,0,0,0
4,4507531,1,6.00,A,A,1,0,0,1,0,0,0,0,0,0,0,1,0,0,0,1
4,4507551,1,3.00,A,A,1,0,0,1,0,0,0,0,0,0,0,1,0,0,0,1
4,4507261,1,2.00,A,A,1,0,0,0,1,0,0,0,0,0,0,1,0,0,0,0
4,4507560,1,2.00,A,A,1,0,0,0,1,0,0,0,0,0,0,1,0,0,0,0
4,4507068,1,2.00,A,A,1,0,1,0,0,0,0,0,0,0,0,1,0,0,0,1
4,4507489,1,2.00,A,A,1,0,0,1,0,0,0,0,0,0,0,1,0,0,0,1
4,4506467,1,4.00,A,A,1,0,1,0,0,0,0,0,0,0,0,1,0,0,0,1
4,4507217,1,2.00,A,A,1,0,0,1,0,0,0,0,0,0,0,1,0,0,0,1
4,4507299,1,4.00,A,A,1,0,0,1,0,0,0,0,0,0,0,1,0,0,0,1
4,4506813,1,4.00,A,A,1,0,1,0,0,0,0,0,0,0,0,1,0,0,0,1
4,4506958,1,4.00,A,A,1,0,0,1,0,0,0,0,0,0,0,1,0,0,0,1
4,4507069,1,3.00,A,A,1,0,1,0,0,0,0,0,0,0,0,1,0,0,0,1
4,4507070,1,4.00,A,A,1,0,1,0,0,0,0,0,0,0,0,1,0,0,0,1
4,4507395,1,6.00,A,A,1,0,0,1,0,0,0,0,0,0,0,1,0,0,0,1
4,4506837,1,3.00,A,A,1,0,1,0,0,0,0,0,0,0,0,1,0,0,0,1
4,4507062,1,3.00,A,A,1,0,0,0,1,0,0,0,0,0,0,1,0,0,0,0
4,4506945,1,4.00,A,A,1,0,0,0,1,0,0,0,0,0,0,1,0,0,0,0
4,4507636,1,2.00,A,A,1,0,0,0,1,0,0,0,0,0,0,1,0,0,0,0
4,4506914,1,2.00,A,A,1,0,0,0,1,0,0,0,0,0,0,1,0,0,0,0
4,4507339,1,2.00,A,A,1,0,0,0,1,0,0,0,0,0,0,1,0,0,0,0
4,4505956,1,6.00,A,A,1,1,0,0,0,0,0,0,0,0,0,1,0,0,0,1
4,4507429,1,4.00,A,A,1,0,0,0,1,0,0,0,0,0,0,1,0,0,0,0
4,4507177,1,2.00,A,A,1,0,0,0,1,0,0,0,0,0,0,1,0,0,0,0
4,4507387,1,4.00,A,A,1,0,0,0,1,0,0,0,0,0,0,1,0,0,0,0
4,4507525,1,2.00,A,A,1,0,0,0,1,0,0,0,0,0,0,1,0,0,0,0
4,4507510,1,2.00,A,A,1,0,0,1,0,0,0,0,0,0,0,1,0,0,0,1
4,4507199,1,4.00,A,A,1,0,0,0,1,0,0,0,0,0,0,1,0,0,0,0
4,4507154,1,4.00,A,A,1,0,1,0,0,0,0,0,0,0,0,1,0,0,0,1
4,4507027,1,8.00,A,A,1,0,0,0,1,0,0,0,0,0,0,1,0,0,0,0
4,4507410,1,2.00,A,A,1,0,0,0,1,0,0,0,0,0,0,1,0,0,0,0
4,4507285,1,6.00,A,A,1,0,0,0,1,0,0,0,0,0,0,1,0,0,0,0
4,4507363,1,2.00,A,A,1,0,0,0,1,0,0,0,0,0,0,1,0,0,0,0
4,4507503,1,2.00,A,A,1,0,0,0,1,0,0,0,0,0,0,1,0,0,0,0
4,4506665,1,4.00,A,A,1,0,1,0,0,0,0,0,0,0,0,1,0,0,0,1
4,4507333,1,4.00,A,A,1,0,0,0,1,0,0,0,0,0,0,1,0,0,0,0
4,4507565,1,4.00,A,A,1,0,0,0,1,0,0,0,0,0,0,1,0,0,0,0
4,4506138,2,4.00,A,A,1,0,1,0,0,0,0,0,0,0,0,1,0,0,0,1
4,4507626,1,2.00,A,A,1,0,0,0,1,0,0,0,0,0,0,1,0,0,0,0
4,4507373,1,4.00,A,A,1,0,0,1,0,0,0,0,0,0,0,1,0,0,0,1
4,4506867,1,4.00,A,A,1,0,1,0,0,0,0,0,0,0,0,1,0,0,0,1
4,4507180,1,4.00,A,A,1,0,0,0,0,1,0,0,0,0,0,1,0,0,0,1
4,4507010,1,8.00,A,A,1,0,1,0,0,0,0,0,0,0,0,1,0,0,0,1
4,4507127,1,6.00,A,A,1,0,1,0,0,0,0,0,0,0,0,1,0,0,0,1
4,4507349,1,8.00,A,A,1,0,0,1,0,0,0,0,0,0,0,1,0,0,0,1
4,4507325,1,2.00,A,A,1,0,0,1,0,0,0,0,0,0,0,1,0,0,0,1
4,4506950,1,6.00,A,A,1,0,1,0,0,0,0,0,0,0,0,1,0,0,0,1
4,4506481,1,3.00,A,A,1,0,1,0,0,0,0,0,0,0,0,1,0,0,0,1
4,4505957,1,2.00,A,A,1,1,0,0,0,0,0,0,0,0,0,1,0,0,0,1
4,4507581,1,4.00,A,A,1,0,0,0,1,0,0,0,0,0,0,1,0,0,0,0
4,4506419,1,8.00,A,A,1,0,1,0,0,0,0,0,0,0,0,1,0,0,0,1
4,4507239,1,8.00,A,A,1,0,0,1,0,0,0,0,0,0,0,1,0,0,0,1
4,4506888,1,4.00,A,A,1,0,1,0,0,0,0,0,0,0,0,1,0,0,0,1
4,4506692,1,8.00,A,A,1,0,1,0,0,0,0,0,0,0,0,1,0,0,0,1
4,4507137,1,4.00,A,A,1,0,0,1,0,0,0,0,0,0,0,1,0,0,0,1
4,4506846,1,2.00,A,A,1,0,0,1,0,0,0,0,0,0,0,1,0,0,0,1
4,4507021,1,3.00,A,A,1,0,0,1,0,0,0,0,0,0,0,1,0,0,0,1
4,4507219,1,4.00,A,A,1,0,0,1,0,0,0,0,0,0,0,1,0,0,0,1
4,4506104,1,6.00,A,A,1,0,1,0,0,0,0,0,0,0,0,1,0,0,0,1
4,4506440,1,4.00,A,A,1,0,1,0,0,0,0,0,0,0,0,1,0,0,0,1
4,4506593,1,6.00,A,A,1,0,1,0,0,0,0,0,0,0,0,1,0,0,0,1
4,4506534,1,4.00,A,A,1,0,1,0,0,0,0,0,0,0,0,1,0,0,0,1
4,4507335,2,12.00,A,A,1,0,0,0,1,0,0,0,0,0,0,1,0,0,0,0
4,4506990,1,6.00,A,A,1,0,0,1,0,0,0,0,0,0,0,1,0,0,0,1
4,4506312,1,6.00,A,A,1,0,1,0,0,0,0,0,0,0,0,1,0,0,0,1
4,4507589,1,2.00,A,A,1,0,0,0,0,1,0,0,0,0,0,1,0,0,0,1
4,4507582,1,4.00,A,A,1,0,0,0,1,0,0,0,0,0,0,1,0,0,0,0
4,4506778,1,2.00,A,A,1,0,1,0,0,0,0,0,0,0,0,1,0,0,0,1
4,4506746,1,2.00,A,A,1,0,1,0,0,0,0,0,0,0,0,1,0,0,0,1
4,4507382,1,6.00,A,A,1,0,0,0,1,0,0,0,0,0,0,1,0,0,0,0
4,4507163,1,6.00,A,A,1,0,0,1,0,0,0,0,0,0,0,1,0,0,0,1
4,4507087,1,8.00,A,A,1,0,0,0,1,0,0,0,0,0,0,1,0,0,0,0
4,4506473,1,4.00,A,A,1,0,1,0,0,0,0,0,0,0,0,1,0,0,0,1
4,4506968,1,4.00,A,A,1,0,0,0,1,0,0,0,0,0,0,1,0,0,0,0
4,4507117,1,8.00,A,A,1,0,0,0,1,0,0,0,0,0,0,1,0,0,0,0
4,4507602,1,2.00,A,A,1,0,0,0,1,0,0,0,0,0,0,1,0,0,0,0
4,4507421,1,2.00,A,A,1,0,0,1,0,0,0,0,0,0,0,1,0,0,0,1
4,4506755,1,10.00,A,A,1,0,1,0,0,0,0,0,0,0,0,1,0,0,0,1
4,4507405,1,6.00,A,A,1,0,0,0,1,0,0,0,0,0,0,1,0,0,0,0
4,4506361,1,6.00,A,A,1,1,0,0,0,0,0,0,0,0,0,1,0,0,0,1
4,4506922,1,2.00,A,A,1,0,1,0,0,0,0,0,0,0,0,1,0,0,0,1
4,4507200,1,6.00,A,A,1,0,0,0,1,0,0,0,0,0,0,1,0,0,0,0
4,4506869,1,2.00,A,A,1,0,1,0,0,0,0,0,0,0,0,1,0,0,0,1
4,4507386,1,4.00,E,E,1,0,0,0,1,0,0,0,0,0,0,1,0,0,0,0
4,4507652,1,4.00,E,E,1,0,0,0,1,0,0,0,0,0,0,1,0,0,0,0
4,4507179,1,4.00,O,E,1,0,0,0,1,0,0,0,0,0,0,1,0,0,0,1
4,4507431,1,2.00,E,E,1,0,0,0,1,0,0,0,0,0,0,1,0,0,0,0
4,4507174,1,4.00,E,E,1,0,0,0,1,0,0,0,0,0,0,1,0,0,0,0
4,4507061,1,2.00,E,E,1,0,0,0,1,0,0,0,0,0,0,1,0,0,0,0
4,4507150,1,2.00,E,E,1,0,0,0,1,0,0,0,0,0,0,1,0,0,0,0
4,4507120,1,6.00,E,E,1,0,0,0,1,0,0,0,0,0,0,1,0,0,0,0
4,4507337,1,4.00,E,E,1,0,0,0,1,0,0,0,0,0,0,1,0,0,0,0
4,4507313,1,6.00,E,E,1,0,0,0,1,0,0,0,0,0,0,1,0,0,0,0
4,4507545,1,4.00,E,E,1,0,0,0,1,0,0,0,0,0,0,1,0,0,0,0
4,4507092,1,4.00,E,E,1,0,0,0,1,0,0,0,0,0,0,1,0,0,0,0
4,4507128,1,3.00,E,E,1,0,1,0,0,0,0,0,0,0,0,1,0,0,0,1
4,4507175,1,4.00,E,E,1,0,0,0,1,0,0,0,0,0,0,1,0,0,0,0
4,4506909,1,2.00,E,E,1,0,0,0,1,0,0,0,0,0,0,1,0,0,0,0
4,4506971,1,2.00,E,E,1,0,0,0,1,0,0,0,0,0,0,1,0,0,0,0
4,4507206,1,4.00,E,E,1,0,0,0,1,0,0,0,0,0,0,1,0,0,0,0
4,4505468,1,2.00,O,E,1,1,0,0,0,0,0,0,0,0,0,1,0,0,0,1
4,4507146,1,4.00,E,E,1,0,0,0,1,0,0,0,0,0,0,1,0,0,0,0
4,4507499,1,6.00,E,E,1,0,0,0,1,0,0,0,0,0,0,1,0,0,0,0
4,4507455,1,2.00,E,E,1,0,0,0,1,0,0,0,0,0,0,1,0,0,0,0
4,4507523,1,8.00,4,4,1,0,0,0,1,0,0,0,0,0,0,1,0,0,0,0
4,4507093,1,2.00,4,4,1,0,0,0,1,0,0,0,0,0,0,1,0,0,0,0
4,4507090,1,4.00,4,4,1,0,0,0,1,0,0,0,0,0,0,1,0,0,0,0
4,4507149,1,2.00,4,4,1,0,0,0,1,0,0,0,0,0,0,1,0,0,0,0
4,4506973,1,4.00,4,4,1,0,0,0,1,0,0,0,0,0,0,1,0,0,0,0
4,4507573,1,2.00,A,A,1,0,0,1,0,0,0,0,0,0,0,0,1,0,0,1
4,4507616,1,4.00,A,A,1,0,0,0,1,0,0,0,0,0,0,0,1,0,0,1
4,4505318,1,4.00,A,A,1,1,0,0,0,0,0,0,0,0,0,0,1,0,0,1
4,4507222,1,2.00,A,A,1,0,0,0,1,0,0,0,0,0,0,0,1,0,0,1
4,4507451,1,4.00,A,A,1,0,0,0,1,0,0,0,0,0,0,0,1,0,0,1
4,4507169,1,2.00,A,A,1,0,0,0,1,0,0,0,0,0,0,0,1,0,0,1
4,4507277,1,2.00,A,A,1,0,0,0,1,0,0,0,0,0,0,0,1,0,0,1
4,4507541,1,4.00,A,A,1,0,0,0,1,0,0,0,0,0,0,0,1,0,0,1
4,4507109,1,8.00,A,A,1,0,0,1,0,0,0,0,0,0,0,0,1,0,0,1
4,4507406,1,2.00,A,A,1,0,0,0,1,0,0,0,0,0,0,0,1,0,0,1
4,4507512,1,4.00,A,A,1,0,0,1,0,0,0,0,0,0,0,0,1,0,0,1
4,4506038,1,8.00,A,A,1,0,1,0,0,0,0,0,0,0,0,0,1,0,0,1
4,4506684,1,6.00,A,A,1,0,1,0,0,0,0,0,0,0,0,0,1,0,0,1
4,4505949,1,3.00,A,A,1,0,1,0,0,0,0,0,0,0,0,0,1,0,0,1
4,4507612,1,3.00,A,A,1,0,0,1,0,0,0,0,0,0,0,0,1,0,0,1
4,4506009,1,3.00,A,A,1,0,1,0,0,0,0,0,0,0,0,0,1,0,0,1
4,4507108,1,4.00,A,A,1,0,0,1,0,0,0,0,0,0,0,0,1,0,0,1
4,4506989,1,2.00,A,A,1,0,0,1,0,0,0,0,0,0,0,0,1,0,0,1
4,4507561,1,4.00,A,A,1,0,0,0,1,0,0,0,0,0,0,0,1,0,0,1
4,4507281,1,2.00,A,A,1,0,0,0,1,0,0,0,0,0,0,0,1,0,0,1
4,4506870,1,2.00,A,A,1,0,1,0,0,0,0,0,0,0,0,0,1,0,0,1
4,4506999,1,6.00,A,A,1,0,0,0,1,0,0,0,0,0,0,0,1,0,0,1
4,4506931,1,2.00,A,A,1,0,0,1,0,0,0,0,0,0,0,0,1,0,0,1
4,4507144,1,6.00,A,A,1,0,0,0,1,0,0,0,0,0,0,0,1,0,0,1
4,4507366,1,4.00,A,A,1,0,0,0,0,1,0,0,0,0,0,0,1,0,0,0
4,4506393,1,2.00,A,A,1,1,0,0,0,0,0,0,0,0,0,0,1,0,0,1
4,4506410,1,6.00,A,A,1,0,1,0,0,0,0,0,0,0,0,0,1,0,0,1
4,4506084,1,2.00,A,A,1,1,0,0,0,0,0,0,0,0,0,0,1,0,0,1
4,4507013,1,4.00,A,A,1,0,1,0,0,0,0,0,0,0,0,0,1,0,0,1
4,4507246,1,3.00,A,A,1,0,0,1,0,0,0,0,0,0,0,0,1,0,0,1
4,4507156,1,2.00,A,A,1,0,1,0,0,0,0,0,0,0,0,0,1,0,0,1
4,4506224,1,2.00,A,A,1,0,1,0,0,0,0,0,0,0,0,0,1,0,0,1
4,4507292,1,18.00,A,A,1,0,1,0,0,0,0,0,0,0,0,0,1,0,0,1
4,4506055,1,8.00,A,A,1,0,0,1,0,0,0,0,0,0,0,0,1,0,0,1
4,4507359,1,4.00,A,A,1,0,0,0,1,0,0,0,0,0,0,0,1,0,0,1
4,4506923,1,2.00,A,A,1,0,1,0,0,0,0,0,0,0,0,0,1,0,0,1
4,4506788,1,2.00,A,A,1,0,1,0,0,0,0,0,0,0,0,0,1,0,0,1
4,4507288,1,4.00,A,A,1,0,0,0,0,1,0,0,0,0,0,0,1,0,0,0
4,4506859,1,8.00,A,A,1,0,1,0,0,0,0,0,0,0,0,0,1,0,0,1
4,4507445,1,2.00,A,A,1,0,0,1,0,0,0,0,0,0,0,0,1,0,0,1
4,4507028,1,4.00,A,A,1,0,0,0,1,0,0,0,0,0,0,0,1,0,0,1
4,4506952,1,8.00,A,A,1,0,1,0,0,0,0,0,0,0,0,0,1,0,0,1
4,4507351,1,4.00,A,A,1,0,0,1,0,0,0,0,0,0,0,0,1,0,0,1
4,4506960,1,3.00,A,A,1,0,0,1,0,0,0,0,0,0,0,0,1,0,0,1
4,4507300,1,3.00,A,A,1,0,0,1,0,0,0,0,0,0,0,0,1,0,0,1
4,4507397,1,4.00,A,A,1,0,0,1,0,0,0,0,0,0,0,0,1,0,0,1
4,4507218,1,3.00,A,A,1,0,0,1,0,0,0,0,0,0,0,0,1,0,0,1
4,4507273,1,4.00,A,A,1,0,0,1,0,0,0,0,0,0,0,0,1,0,0,1
4,4507020,1,4.00,A,A,1,0,0,1,0,0,0,0,0,0,0,0,1,0,0,1
4,4506877,1,4.00,A,A,1,0,0,1,0,0,0,0,0,0,0,0,1,0,0,1
4,4507048,1,4.00,A,A,1,0,0,1,0,0,0,0,0,0,0,0,1,0,0,1
4,4507191,1,2.00,A,A,1,0,0,1,0,0,0,0,0,0,0,0,1,0,0,1
4,4507344,2,8.00,A,A,1,0,0,0,0,1,0,0,0,0,0,0,1,0,0,0
4,4507594,1,4.00,A,A,1,0,0,1,0,0,0,0,0,0,0,0,1,0,0,1
4,4507006,1,2.00,A,A,1,0,0,0,0,1,0,0,0,0,0,0,1,0,0,0
4,4507491,1,3.00,A,A,1,0,0,1,0,0,0,0,0,0,0,0,1,0,0,1
4,4507256,1,2.00,A,A,1,0,0,0,1,0,0,0,0,0,0,0,1,0,0,1
4,4506941,1,4.00,A,A,1,0,0,0,1,0,0,0,0,0,0,0,1,0,0,1
4,4505982,1,2.00,A,A,1,0,1,0,0,0,0,0,0,0,0,0,1,0,0,1
4,4506816,1,6.00,A,A,1,0,1,0,0,0,0,0,0,0,0,0,1,0,0,1
4,4507151,1,2.00,A,A,1,0,0,0,0,1,0,0,0,0,0,0,1,0,0,0
4,4507469,2,16.00,A,A,1,0,0,1,0,0,0,0,0,0,0,0,1,0,0,1
4,4507316,1,2.00,A,A,1,0,0,0,0,1,0,0,0,0,0,0,1,0,0,0
4,4507088,1,6.00,A,A,1,0,0,0,1,0,0,0,0,0,0,0,1,0,0,1
4,4506039,1,2.00,A,A,1,0,1,0,0,0,0,0,0,0,0,0,1,0,0,1
4,4507227,1,8.00,A,A,1,0,0,0,1,0,0,0,0,0,0,0,1,0,0,1
4,4507533,1,2.00,A,A,1,0,0,1,0,0,0,0,0,0,0,0,1,0,0,1
4,4507173,1,2.00,A,A,1,0,0,0,1,0,0,0,0,0,0,0,1,0,0,1
4,4507420,1,6.00,A,A,1,0,0,1,0,0,0,0,0,0,0,0,1,0,0,1
4,4506900,1,4.00,A,A,1,0,0,1,0,0,0,0,0,0,0,0,1,0,0,1
4,4507642,1,2.00,A,A,1,0,0,0,1,0,0,0,0,0,0,0,1,0,0,1
4,4506073,1,2.00,A,A,1,0,1,0,0,0,0,0,0,0,0,0,1,0,0,1
4,4507511,1,3.00,A,A,1,0,0,1,0,0,0,0,0,0,0,0,1,0,0,1
4,4507118,1,2.00,A,A,1,0,0,0,1,0,0,0,0,0,0,0,1,0,0,1
4,4507500,1,3.00,A,A,1,0,0,0,1,0,0,0,0,0,0,0,1,0,0,1
4,4507430,1,3.00,A,A,1,0,0,0,1,0,0,0,0,0,0,0,1,0,0,1
4,4507309,1,4.00,A,A,1,0,0,0,1,0,0,0,0,0,0,0,1,0,0,1
4,4507477,1,4.00,A,A,1,0,0,0,1,0,0,0,0,0,0,0,1,0,0,1
4,4507521,1,3.00,A,A,1,0,0,0,1,0,0,0,0,0,0,0,1,0,0,1
4,4507632,1,2.00,A,A,1,0,0,0,1,0,0,0,0,0,0,0,1,0,0,1
4,4507553,1,6.00,A,A,1,0,0,1,0,0,0,0,0,0,0,0,1,0,0,1
4,4506899,1,6.00,A,A,1,0,0,1,0,0,0,0,0,0,0,0,1,0,0,1
4,4506484,1,4.00,A,A,1,1,0,0,0,0,0,0,0,0,0,0,1,0,0,1
4,4506878,1,4.00,A,A,1,0,0,1,0,0,0,0,0,0,0,0,1,0,0,1
4,4507622,1,2.00,A,A,1,0,0,0,1,0,0,0,0,0,0,0,1,0,0,1
4,4506134,1,2.00,A,A,1,0,1,0,0,0,0,0,0,0,0,0,1,0,0,1
4,4506285,1,2.00,A,A,1,0,1,0,0,0,0,0,0,0,0,0,1,0,0,1
4,4507383,1,3.00,A,A,1,0,0,0,1,0,0,0,0,0,0,0,1,0,0,1
4,4507058,1,4.00,A,A,1,0,0,0,1,0,0,0,0,0,0,0,1,0,0,1
4,4506347,1,2.00,A,A,1,0,1,0,0,0,0,0,0,0,0,0,1,0,0,1
4,4507192,1,8.00,A,A,1,0,0,1,0,0,0,0,0,0,0,0,1,0,0,1
4,4507574,1,4.00,A,A,1,0,0,1,0,0,0,0,0,0,0,0,1,0,0,1
4,4507446,1,2.00,A,A,1,0,0,1,0,0,0,0,0,0,0,0,1,0,0,1
4,4506322,1,2.00,A,A,1,0,1,0,0,0,0,0,0,0,0,0,1,0,0,1
4,4507057,1,8.00,A,A,1,0,0,0,1,0,0,0,0,0,0,0,1,0,0,1
4,4506535,1,8.00,A,A,1,0,1,0,0,0,0,0,0,0,0,0,1,0,0,1
4,4507247,1,2.00,A,A,1,0,0,1,0,0,0,0,0,0,0,0,1,0,0,1
4,4506932,1,8.00,A,A,1,0,0,1,0,0,0,0,0,0,0,0,1,0,0,1
4,4507079,1,2.00,A,A,1,0,0,1,0,0,0,0,0,0,0,0,1,0,0,1
4,4506225,1,2.00,A,A,1,0,1,0,0,0,0,0,0,0,0,0,1,0,0,1
4,4507164,1,6.00,A,A,1,0,0,1,0,0,0,0,0,0,0,0,1,0,0,1
4,4506635,1,4.00,A,A,1,0,1,0,0,0,0,0,0,0,0,0,1,0,0,1
4,4507520,1,2.00,A,A,1,0,0,0,1,0,0,0,0,0,0,0,1,0,0,1
4,4506609,1,10.00,A,A,1,1,0,0,0,0,0,0,0,0,0,0,1,0,0,1
4,4506727,1,2.00,A,A,1,0,1,0,0,0,0,0,0,0,0,0,1,0,0,1
4,4507628,1,2.00,O,E,1,0,0,0,0,1,0,0,0,0,0,0,1,0,0,1
4,4507035,1,2.00,E,E,1,0,0,0,0,1,0,0,0,0,0,0,1,0,0,0
4,4506806,1,4.00,O,E,1,0,1,0,0,0,0,0,0,0,0,0,1,0,0,1
4,4507049,1,2.00,O,E,1,0,0,1,0,0,0,0,0,0,0,0,1,0,0,1
